{"type":"FeatureCollection","generatedAt":"2026-08-03T22:04:30.257Z","count":1613,"features":[{"type":"Feature","geometry":{"type":"Point","coordinates":[-81.87927777777777,34.47541666666667]},"properties":{"id":"fcc/KBZ303/34.47542,-81.87928","kind":"radio","brand":"Other","rawBrand":"FCC ULS","name":"CLINTON, CITY OF (KBZ303)","operator":"CLINTON, CITY OF","directions":[],"omni":true,"zone":null,"purpose":"Public-safety radio transmitter — CLINTON, CITY OF, CLINTON","imageUrl":null,"fovHalfAngle":180,"frequencies":[154.205],"lawEnforcement":false}},{"type":"Feature","geometry":{"type":"Point","coordinates":[-82.68347222222222,34.532333333333334]},"properties":{"id":"fcc/KDA393/34.53233,-82.68347","kind":"radio","brand":"Other","rawBrand":"FCC ULS","name":"Anderson County Fire Department (KDA393)","operator":"Anderson County Fire Department","directions":[],"omni":true,"zone":null,"purpose":"Public-safety radio transmitter — Anderson County Fire Department, ANDERSON","imageUrl":null,"fovHalfAngle":180,"frequencies":[153.95,154.385,155.9025],"lawEnforcement":false}},{"type":"Feature","geometry":{"type":"Point","coordinates":[-79.89944444444446,34.69069444444444]},"properties":{"id":"fcc/WQP804/34.69069,-79.89944","kind":"radio","brand":"Other","rawBrand":"FCC ULS","name":"Town of Cheraw (WQP804)","operator":"Town of Cheraw","directions":[],"omni":true,"zone":null,"purpose":"Public-safety radio transmitter — Town of Cheraw, CHERAW","imageUrl":null,"fovHalfAngle":180,"frequencies":[460.6,465.6],"lawEnforcement":false}},{"type":"Feature","geometry":{"type":"Point","coordinates":[-82.88513888888889,34.522888888888886]},"properties":{"id":"fcc/KDX442/34.52289,-82.88514","kind":"radio","brand":"Other","rawBrand":"FCC ULS","name":"ANDERSON, COUNTY OF (KDX442)","operator":"ANDERSON, COUNTY OF","directions":[],"omni":true,"zone":null,"purpose":"Public-safety radio transmitter — ANDERSON, COUNTY OF, TOWNVILLE","imageUrl":null,"fovHalfAngle":180,"frequencies":[153.95],"lawEnforcement":false}},{"type":"Feature","geometry":{"type":"Point","coordinates":[-82.81180555555555,34.57233333333334]},"properties":{"id":"fcc/KFT500/34.57233,-82.81181","kind":"radio","brand":"Other","rawBrand":"FCC ULS","name":"ANDERSON, COUNTY OF (KFT500)","operator":"ANDERSON, COUNTY OF","directions":[],"omni":true,"zone":null,"purpose":"Public-safety radio transmitter — ANDERSON, COUNTY OF, ZION","imageUrl":null,"fovHalfAngle":180,"frequencies":[153.95],"lawEnforcement":false}},{"type":"Feature","geometry":{"type":"Point","coordinates":[-81.24463888888889,34.70847222222223]},"properties":{"id":"fcc/WPHK623/34.70847,-81.24464","kind":"radio","brand":"Other","rawBrand":"FCC ULS","name":"CHESTER, COUNTY OF (WPHK623)","operator":"CHESTER, COUNTY OF","directions":[],"omni":true,"zone":null,"purpose":"Public-safety radio transmitter — CHESTER, COUNTY OF, Chester","imageUrl":null,"fovHalfAngle":180,"frequencies":[151.115,159.075,159.18],"lawEnforcement":false}},{"type":"Feature","geometry":{"type":"Point","coordinates":[-81.23133333333334,34.70813888888889]},"properties":{"id":"fcc/WPHK623/34.70814,-81.23133","kind":"radio","brand":"Other","rawBrand":"FCC ULS","name":"CHESTER, COUNTY OF (WPHK623)","operator":"CHESTER, COUNTY OF","directions":[],"omni":true,"zone":null,"purpose":"Public-safety radio transmitter — CHESTER, COUNTY OF, CHESTER","imageUrl":null,"fovHalfAngle":180,"frequencies":[151.115,159.075,159.18],"lawEnforcement":false}},{"type":"Feature","geometry":{"type":"Point","coordinates":[-81.99761111111111,34.974555555555554]},"properties":{"id":"fcc/KIN589/34.97456,-81.99761","kind":"radio","brand":"Other","rawBrand":"FCC ULS","name":"Spartanburg County Communications / 9-1-1 (KIN589)","operator":"Spartanburg County Communications / 9-1-1","directions":[],"omni":true,"zone":null,"purpose":"Public-safety radio transmitter — Spartanburg County Communications / 9-1-1, SPARTANBURG","imageUrl":null,"fovHalfAngle":180,"frequencies":[154.31],"lawEnforcement":false}},{"type":"Feature","geometry":{"type":"Point","coordinates":[-81.03313888888889,34.93347222222222]},"properties":{"id":"fcc/WNVF796/34.93347,-81.03314","kind":"radio","brand":"Other","rawBrand":"FCC ULS","name":"ROCK HILL, CITY OF (WNVF796)","operator":"ROCK HILL, CITY OF","directions":[],"omni":true,"zone":null,"purpose":"Public-safety radio transmitter — ROCK HILL, CITY OF, ROCK HILL","imageUrl":null,"fovHalfAngle":180,"frequencies":[37.26],"lawEnforcement":false}},{"type":"Feature","geometry":{"type":"Point","coordinates":[-82.63375,34.600388888888894]},"properties":{"id":"fcc/KJU243/34.60039,-82.63375","kind":"radio","brand":"Other","rawBrand":"FCC ULS","name":"ANDERSON, COUNTY OF (KJU243)","operator":"ANDERSON, COUNTY OF","directions":[],"omni":true,"zone":null,"purpose":"Public-safety radio transmitter — ANDERSON, COUNTY OF, ANDERSON","imageUrl":null,"fovHalfAngle":180,"frequencies":[153.95],"lawEnforcement":false}},{"type":"Feature","geometry":{"type":"Point","coordinates":[-81.06925,33.97072222222222]},"properties":{"id":"fcc/KKR335/33.97072,-81.06925","kind":"radio","brand":"Other","rawBrand":"FCC ULS","name":"CAYCE, CITY OF (KKR335)","operator":"CAYCE, CITY OF","directions":[],"omni":true,"zone":null,"purpose":"Public-safety radio transmitter — CAYCE, CITY OF, CAYCE","imageUrl":null,"fovHalfAngle":180,"frequencies":[154.235],"lawEnforcement":false}},{"type":"Feature","geometry":{"type":"Point","coordinates":[-82.12094444444443,34.206500000000005]},"properties":{"id":"fcc/WPJG571/34.20650,-82.12094","kind":"radio","brand":"Other","rawBrand":"FCC ULS","name":"Greenwood Technical College (WPJG571)","operator":"Greenwood Technical College","directions":[],"omni":true,"zone":null,"purpose":"Public-safety radio transmitter — Greenwood Technical College, GREENWOOD","imageUrl":null,"fovHalfAngle":180,"frequencies":[453.05,458.05],"lawEnforcement":false}},{"type":"Feature","geometry":{"type":"Point","coordinates":[-81.35427777777777,33.248444444444445]},"properties":{"id":"fcc/KOL965/33.24844,-81.35428","kind":"radio","brand":"Other","rawBrand":"FCC ULS","name":"Barnwell Fire Department (KOL965)","operator":"Barnwell Fire Department","directions":[],"omni":true,"zone":null,"purpose":"Public-safety radio transmitter — Barnwell Fire Department, BARNWELL","imageUrl":null,"fovHalfAngle":180,"frequencies":[154.295,154.4],"lawEnforcement":false}},{"type":"Feature","geometry":{"type":"Point","coordinates":[-80.24147222222223,33.66683333333333]},"properties":{"id":"fcc/KOM758/33.66683,-80.24147","kind":"radio","brand":"Other","rawBrand":"FCC ULS","name":"CLARENDON COUNTY FIRE DISTRICT (KOM758)","operator":"CLARENDON COUNTY FIRE DISTRICT","directions":[],"omni":true,"zone":null,"purpose":"Public-safety radio transmitter — CLARENDON COUNTY FIRE DISTRICT, MANNING","imageUrl":null,"fovHalfAngle":180,"frequencies":[150.79,153.77,154.37,155.4],"lawEnforcement":false}},{"type":"Feature","geometry":{"type":"Point","coordinates":[-80.20341666666667,33.69183333333333]},"properties":{"id":"fcc/KOM758/33.69183,-80.20342","kind":"radio","brand":"Other","rawBrand":"FCC ULS","name":"CLARENDON COUNTY FIRE DISTRICT (KOM758)","operator":"CLARENDON COUNTY FIRE DISTRICT","directions":[],"omni":true,"zone":null,"purpose":"Public-safety radio transmitter — CLARENDON COUNTY FIRE DISTRICT, MANNING","imageUrl":null,"fovHalfAngle":180,"frequencies":[150.79,153.77,154.37,155.4],"lawEnforcement":false}},{"type":"Feature","geometry":{"type":"Point","coordinates":[-80.23894444444444,33.75875]},"properties":{"id":"fcc/KOM758/33.75875,-80.23894","kind":"radio","brand":"Other","rawBrand":"FCC ULS","name":"CLARENDON COUNTY FIRE DISTRICT (KOM758)","operator":"CLARENDON COUNTY FIRE DISTRICT","directions":[],"omni":true,"zone":null,"purpose":"Public-safety radio transmitter — CLARENDON COUNTY FIRE DISTRICT, ALCOLY","imageUrl":null,"fovHalfAngle":180,"frequencies":[150.79,153.77,154.37,155.4],"lawEnforcement":false}},{"type":"Feature","geometry":{"type":"Point","coordinates":[-81.02302777777777,34.69616666666666]},"properties":{"id":"fcc/WPKH562/34.69617,-81.02303","kind":"radio","brand":"Other","rawBrand":"FCC ULS","name":"CHESTER COUNTY FIRE (WPKH562)","operator":"CHESTER COUNTY FIRE","directions":[],"omni":true,"zone":null,"purpose":"Public-safety radio transmitter — CHESTER COUNTY FIRE, RICHBURG","imageUrl":null,"fovHalfAngle":180,"frequencies":[154.785,155.13],"lawEnforcement":false}},{"type":"Feature","geometry":{"type":"Point","coordinates":[-81.28388888888888,33.97083333333334]},"properties":{"id":"fcc/KXG895/33.97083,-81.28389","kind":"radio","brand":"Other","rawBrand":"FCC ULS","name":"County of Lexington (KXG895)","operator":"County of Lexington","directions":[],"omni":true,"zone":null,"purpose":"Public-safety radio transmitter — County of Lexington, LEXINGTON","imageUrl":null,"fovHalfAngle":180,"frequencies":[154.13,154.205,154.43,158.7825],"lawEnforcement":false}},{"type":"Feature","geometry":{"type":"Point","coordinates":[-81.23511111111111,33.98013888888889]},"properties":{"id":"fcc/KXG895/33.98014,-81.23511","kind":"radio","brand":"Other","rawBrand":"FCC ULS","name":"County of Lexington (KXG895)","operator":"County of Lexington","directions":[],"omni":true,"zone":null,"purpose":"Public-safety radio transmitter — County of Lexington, LEXINGTON","imageUrl":null,"fovHalfAngle":180,"frequencies":[154.13,154.205,154.43,158.7825],"lawEnforcement":false}},{"type":"Feature","geometry":{"type":"Point","coordinates":[-81.29455555555555,33.93263888888889]},"properties":{"id":"fcc/KXG895/33.93264,-81.29456","kind":"radio","brand":"Other","rawBrand":"FCC ULS","name":"County of Lexington (KXG895)","operator":"County of Lexington","directions":[],"omni":true,"zone":null,"purpose":"Public-safety radio transmitter — County of Lexington, LEXINGTON","imageUrl":null,"fovHalfAngle":180,"frequencies":[154.13,154.205,154.43,158.7825],"lawEnforcement":false}},{"type":"Feature","geometry":{"type":"Point","coordinates":[-82.50597222222223,34.709]},"properties":{"id":"fcc/KXK295/34.70900,-82.50597","kind":"radio","brand":"Other","rawBrand":"FCC ULS","name":"Anderson County Fire Department (KXK295)","operator":"Anderson County Fire Department","directions":[],"omni":true,"zone":null,"purpose":"Public-safety radio transmitter — Anderson County Fire Department, ANDERSON","imageUrl":null,"fovHalfAngle":180,"frequencies":[153.95],"lawEnforcement":false}},{"type":"Feature","geometry":{"type":"Point","coordinates":[-79.33,33.86194444444445]},"properties":{"id":"fcc/WPCM627/33.86194,-79.33000","kind":"radio","brand":"Other","rawBrand":"FCC ULS","name":"South Carolina Forestry Commission (WPCM627)","operator":"South Carolina Forestry Commission","directions":[],"omni":true,"zone":null,"purpose":"Public-safety radio transmitter — South Carolina Forestry Commission, JOHNSVILLE","imageUrl":null,"fovHalfAngle":180,"frequencies":[151.19,159.45],"lawEnforcement":false}},{"type":"Feature","geometry":{"type":"Point","coordinates":[-81.2256388888889,32.83513888888889]},"properties":{"id":"fcc/WPCQ981/32.83514,-81.22564","kind":"radio","brand":"Other","rawBrand":"FCC ULS","name":"South Carolina Forestry Commission (WPCQ981)","operator":"South Carolina Forestry Commission","directions":[],"omni":true,"zone":null,"purpose":"Public-safety radio transmitter — South Carolina Forestry Commission, HAMPTON","imageUrl":null,"fovHalfAngle":180,"frequencies":[151.265,159.375],"lawEnforcement":false}},{"type":"Feature","geometry":{"type":"Point","coordinates":[-82.65930555555556,34.90094444444444]},"properties":{"id":"fcc/WNYN780/34.90094,-82.65931","kind":"radio","brand":"Other","rawBrand":"FCC ULS","name":"PICKENS, COUNTY OF (WNYN780)","operator":"PICKENS, COUNTY OF","directions":[],"omni":true,"zone":null,"purpose":"Public-safety radio transmitter — PICKENS, COUNTY OF, PICKENS","imageUrl":null,"fovHalfAngle":180,"frequencies":[453.975,458.975],"lawEnforcement":false}},{"type":"Feature","geometry":{"type":"Point","coordinates":[-82.25122222222222,34.739000000000004]},"properties":{"id":"fcc/WPBX510/34.73900,-82.25122","kind":"radio","brand":"Other","rawBrand":"FCC ULS","name":"SIMPSONVILLE, CITY OF (WPBX510)","operator":"SIMPSONVILLE, CITY OF","directions":[],"omni":true,"zone":null,"purpose":"Public-safety radio transmitter — SIMPSONVILLE, CITY OF, SIMPSONVILLE","imageUrl":null,"fovHalfAngle":180,"frequencies":[453.6,458.6],"lawEnforcement":false}},{"type":"Feature","geometry":{"type":"Point","coordinates":[-82.23927777777777,34.714555555555556]},"properties":{"id":"fcc/WPBX510/34.71456,-82.23928","kind":"radio","brand":"Other","rawBrand":"FCC ULS","name":"SIMPSONVILLE, CITY OF (WPBX510)","operator":"SIMPSONVILLE, CITY OF","directions":[],"omni":true,"zone":null,"purpose":"Public-safety radio transmitter — SIMPSONVILLE, CITY OF, SIMPSONVILLE","imageUrl":null,"fovHalfAngle":180,"frequencies":[453.6,458.6],"lawEnforcement":false}},{"type":"Feature","geometry":{"type":"Point","coordinates":[-82.25122222222222,34.07233333333334]},"properties":{"id":"fcc/WPBX510/34.07233,-82.25122","kind":"radio","brand":"Other","rawBrand":"FCC ULS","name":"SIMPSONVILLE, CITY OF (WPBX510)","operator":"SIMPSONVILLE, CITY OF","directions":[],"omni":true,"zone":null,"purpose":"Public-safety radio transmitter — SIMPSONVILLE, CITY OF, GREENVILLE","imageUrl":null,"fovHalfAngle":180,"frequencies":[453.6,458.6],"lawEnforcement":false}},{"type":"Feature","geometry":{"type":"Point","coordinates":[-79.90666666666667,33.11527777777778]},"properties":{"id":"fcc/WNNY897/33.11528,-79.90667","kind":"radio","brand":"Other","rawBrand":"FCC ULS","name":"BERKELEY, COUNTY OF (WNNY897)","operator":"BERKELEY, COUNTY OF","directions":[],"omni":true,"zone":null,"purpose":"Public-safety radio transmitter — BERKELEY, COUNTY OF, CORDESVILLE","imageUrl":null,"fovHalfAngle":180,"frequencies":[154.01,154.355,154.445,451.1,456.1,460.5875,465.5875],"lawEnforcement":false}},{"type":"Feature","geometry":{"type":"Point","coordinates":[-79.80313888888888,33.098777777777784]},"properties":{"id":"fcc/WNNY897/33.09878,-79.80314","kind":"radio","brand":"Other","rawBrand":"FCC ULS","name":"BERKELEY, COUNTY OF (WNNY897)","operator":"BERKELEY, COUNTY OF","directions":[],"omni":true,"zone":null,"purpose":"Public-safety radio transmitter — BERKELEY, COUNTY OF, HUGER","imageUrl":null,"fovHalfAngle":180,"frequencies":[154.01,154.355,154.445,451.1,456.1,460.5875,465.5875],"lawEnforcement":false}},{"type":"Feature","geometry":{"type":"Point","coordinates":[-79.95802777777779,33.39561111111111]},"properties":{"id":"fcc/WNNY897/33.39561,-79.95803","kind":"radio","brand":"Other","rawBrand":"FCC ULS","name":"BERKELEY, COUNTY OF (WNNY897)","operator":"BERKELEY, COUNTY OF","directions":[],"omni":true,"zone":null,"purpose":"Public-safety radio transmitter — BERKELEY, COUNTY OF, ST. STEPHENS","imageUrl":null,"fovHalfAngle":180,"frequencies":[154.01,154.355,154.445,451.1,456.1,460.5875,465.5875],"lawEnforcement":false}},{"type":"Feature","geometry":{"type":"Point","coordinates":[-80.00661111111111,33.20022222222222]},"properties":{"id":"fcc/WNNY897/33.20022,-80.00661","kind":"radio","brand":"Other","rawBrand":"FCC ULS","name":"BERKELEY, COUNTY OF (WNNY897)","operator":"BERKELEY, COUNTY OF","directions":[],"omni":true,"zone":null,"purpose":"Public-safety radio transmitter — BERKELEY, COUNTY OF, MONCKS CORNER","imageUrl":null,"fovHalfAngle":180,"frequencies":[154.01,154.355,154.445,451.1,456.1,460.5875,465.5875],"lawEnforcement":false}},{"type":"Feature","geometry":{"type":"Point","coordinates":[-81.64897222222223,34.76647222222222]},"properties":{"id":"fcc/KFR594/34.76647,-81.64897","kind":"radio","brand":"Other","rawBrand":"FCC ULS","name":"SOUTH CAROLINA DEPARTMENT OF TRANSPORTATION (KFR594)","operator":"SOUTH CAROLINA DEPARTMENT OF TRANSPORTATION","directions":[],"omni":true,"zone":null,"purpose":"Public-safety radio transmitter — SOUTH CAROLINA DEPARTMENT OF TRANSPORTATION, UNION","imageUrl":null,"fovHalfAngle":180,"frequencies":[45.32,47.08,47.34],"lawEnforcement":false}},{"type":"Feature","geometry":{"type":"Point","coordinates":[-81.94344444444445,33.81513888888889]},"properties":{"id":"fcc/KFR702/33.81514,-81.94344","kind":"radio","brand":"Other","rawBrand":"FCC ULS","name":"SOUTH CAROLINA DEPARTMENT OF TRANSPORTATION (KFR702)","operator":"SOUTH CAROLINA DEPARTMENT OF TRANSPORTATION","directions":[],"omni":true,"zone":null,"purpose":"Public-safety radio transmitter — SOUTH CAROLINA DEPARTMENT OF TRANSPORTATION, EDGEFIELD","imageUrl":null,"fovHalfAngle":180,"frequencies":[45.36,47.08,47.34],"lawEnforcement":false}},{"type":"Feature","geometry":{"type":"Point","coordinates":[-81.98233333333333,34.98316666666667]},"properties":{"id":"fcc/KGP646/34.98317,-81.98233","kind":"radio","brand":"Other","rawBrand":"FCC ULS","name":"Spartanburg County Communications / 9-1-1 (KGP646)","operator":"Spartanburg County Communications / 9-1-1","directions":[],"omni":true,"zone":null,"purpose":"Public-safety radio transmitter — Spartanburg County Communications / 9-1-1, SPARTANBURG","imageUrl":null,"fovHalfAngle":180,"frequencies":[151.025,156.045],"lawEnforcement":false}},{"type":"Feature","geometry":{"type":"Point","coordinates":[-79.75172222222223,34.25655555555556]},"properties":{"id":"fcc/KIC802/34.25656,-79.75172","kind":"radio","brand":"Other","rawBrand":"FCC ULS","name":"SOUTH CAROLINA DEPARTMENT OF TRANSPORTATION (KIC802)","operator":"SOUTH CAROLINA DEPARTMENT OF TRANSPORTATION","directions":[],"omni":true,"zone":null,"purpose":"Public-safety radio transmitter — SOUTH CAROLINA DEPARTMENT OF TRANSPORTATION, FLORENCE","imageUrl":null,"fovHalfAngle":180,"frequencies":[45.12,47.04,47.22,47.34],"lawEnforcement":false}},{"type":"Feature","geometry":{"type":"Point","coordinates":[-79.7158888888889,34.19627777777777]},"properties":{"id":"fcc/KIC802/34.19628,-79.71589","kind":"radio","brand":"Other","rawBrand":"FCC ULS","name":"SOUTH CAROLINA DEPARTMENT OF TRANSPORTATION (KIC802)","operator":"SOUTH CAROLINA DEPARTMENT OF TRANSPORTATION","directions":[],"omni":true,"zone":null,"purpose":"Public-safety radio transmitter — SOUTH CAROLINA DEPARTMENT OF TRANSPORTATION, FLORENCE","imageUrl":null,"fovHalfAngle":180,"frequencies":[45.12,47.04,47.22,47.34],"lawEnforcement":false}},{"type":"Feature","geometry":{"type":"Point","coordinates":[-82.41677777777778,34.94177777777777]},"properties":{"id":"fcc/KIE883/34.94178,-82.41678","kind":"radio","brand":"Other","rawBrand":"FCC ULS","name":"SOUTH CAROLINA DEPARTMENT OF TRANSPORTATION (KIE883)","operator":"SOUTH CAROLINA DEPARTMENT OF TRANSPORTATION","directions":[],"omni":true,"zone":null,"purpose":"Public-safety radio transmitter — SOUTH CAROLINA DEPARTMENT OF TRANSPORTATION, GREENVILLE","imageUrl":null,"fovHalfAngle":180,"frequencies":[45.68,47.34,47.36],"lawEnforcement":false}},{"type":"Feature","geometry":{"type":"Point","coordinates":[-82.4628888888889,34.85566666666667]},"properties":{"id":"fcc/KIE883/34.85567,-82.46289","kind":"radio","brand":"Other","rawBrand":"FCC ULS","name":"SOUTH CAROLINA DEPARTMENT OF TRANSPORTATION (KIE883)","operator":"SOUTH CAROLINA DEPARTMENT OF TRANSPORTATION","directions":[],"omni":true,"zone":null,"purpose":"Public-safety radio transmitter — SOUTH CAROLINA DEPARTMENT OF TRANSPORTATION, GREENVILLE","imageUrl":null,"fovHalfAngle":180,"frequencies":[45.68,47.34,47.36],"lawEnforcement":false}},{"type":"Feature","geometry":{"type":"Point","coordinates":[-80.69952777777779,32.883]},"properties":{"id":"fcc/KIG785/32.88300,-80.69953","kind":"radio","brand":"Other","rawBrand":"FCC ULS","name":"SOUTH CAROLINA DEPARTMENT OF TRANSPORTATION (KIG785)","operator":"SOUTH CAROLINA DEPARTMENT OF TRANSPORTATION","directions":[],"omni":true,"zone":null,"purpose":"Public-safety radio transmitter — SOUTH CAROLINA DEPARTMENT OF TRANSPORTATION, WALTERBORO","imageUrl":null,"fovHalfAngle":180,"frequencies":[45.56,47.22,47.34],"lawEnforcement":false}},{"type":"Feature","geometry":{"type":"Point","coordinates":[-79.29077777777778,33.38616666666667]},"properties":{"id":"fcc/KIH214/33.38617,-79.29078","kind":"radio","brand":"Other","rawBrand":"FCC ULS","name":"SOUTH CAROLINA DEPARTMENT OF TRANSPORTATION (KIH214)","operator":"SOUTH CAROLINA DEPARTMENT OF TRANSPORTATION","directions":[],"omni":true,"zone":null,"purpose":"Public-safety radio transmitter — SOUTH CAROLINA DEPARTMENT OF TRANSPORTATION, GEORGETOWN","imageUrl":null,"fovHalfAngle":180,"frequencies":[45.32,47.22,47.34],"lawEnforcement":false}},{"type":"Feature","geometry":{"type":"Point","coordinates":[-79.04530555555556,33.912388888888884]},"properties":{"id":"fcc/KIJ251/33.91239,-79.04531","kind":"radio","brand":"Other","rawBrand":"FCC ULS","name":"SOUTH CAROLINA DEPARTMENT OF TRANSPORTATION (KIJ251)","operator":"SOUTH CAROLINA DEPARTMENT OF TRANSPORTATION","directions":[],"omni":true,"zone":null,"purpose":"Public-safety radio transmitter — SOUTH CAROLINA DEPARTMENT OF TRANSPORTATION, CONWAY","imageUrl":null,"fovHalfAngle":180,"frequencies":[45.52,47.22,47.28,47.34,47.36],"lawEnforcement":false}},{"type":"Feature","geometry":{"type":"Point","coordinates":[-79.98841666666667,33.206833333333336]},"properties":{"id":"fcc/KIJ479/33.20683,-79.98842","kind":"radio","brand":"Other","rawBrand":"FCC ULS","name":"SOUTH CAROLINA DEPARTMENT OF TRANSPORTATION (KIJ479)","operator":"SOUTH CAROLINA DEPARTMENT OF TRANSPORTATION","directions":[],"omni":true,"zone":null,"purpose":"Public-safety radio transmitter — SOUTH CAROLINA DEPARTMENT OF TRANSPORTATION, MONCKS CORNER","imageUrl":null,"fovHalfAngle":180,"frequencies":[45.64,47.28,47.34],"lawEnforcement":false}},{"type":"Feature","geometry":{"type":"Point","coordinates":[-82.16261111111112,34.18872222222222]},"properties":{"id":"fcc/WPKQ499/34.18872,-82.16261","kind":"radio","brand":"Other","rawBrand":"FCC ULS","name":"GREENWOOD, CITY OF (WPKQ499)","operator":"GREENWOOD, CITY OF","directions":[],"omni":true,"zone":null,"purpose":"Public-safety radio transmitter — GREENWOOD, CITY OF, GREENWOOD","imageUrl":null,"fovHalfAngle":180,"frequencies":[460.475,465.475],"lawEnforcement":false}},{"type":"Feature","geometry":{"type":"Point","coordinates":[-81.10419444444445,35.00630555555556]},"properties":{"id":"fcc/WPLR623/35.00631,-81.10419","kind":"radio","brand":"Other","rawBrand":"FCC ULS","name":"YORK, COUNTY OF (WPLR623)","operator":"YORK, COUNTY OF","directions":[],"omni":true,"zone":null,"purpose":"Public-safety radio transmitter — YORK, COUNTY OF, ROCK HILL","imageUrl":null,"fovHalfAngle":180,"frequencies":[151.2125,158.925],"lawEnforcement":false}},{"type":"Feature","geometry":{"type":"Point","coordinates":[-80.03888888888889,33.12583333333333]},"properties":{"id":"fcc/WPBX620/33.12583,-80.03889","kind":"radio","brand":"Other","rawBrand":"FCC ULS","name":"Berkeley County Govt. (WPBX620)","operator":"Berkeley County Govt.","directions":[],"omni":true,"zone":null,"purpose":"Public-safety radio transmitter — Berkeley County Govt., MONCKS CORNER","imageUrl":null,"fovHalfAngle":180,"frequencies":[453.25,453.55,458.25,458.55,465.025],"lawEnforcement":false}},{"type":"Feature","geometry":{"type":"Point","coordinates":[-80.03897222222221,33.125166666666665]},"properties":{"id":"fcc/WPBX620/33.12517,-80.03897","kind":"radio","brand":"Other","rawBrand":"FCC ULS","name":"Berkeley County Govt. (WPBX620)","operator":"Berkeley County Govt.","directions":[],"omni":true,"zone":null,"purpose":"Public-safety radio transmitter — Berkeley County Govt., BERKELEY","imageUrl":null,"fovHalfAngle":180,"frequencies":[453.25,453.55,458.25,458.55,465.025],"lawEnforcement":false}},{"type":"Feature","geometry":{"type":"Point","coordinates":[-79.13683333333334,33.443666666666665]},"properties":{"id":"fcc/WPHM397/33.44367,-79.13683","kind":"radio","brand":"Other","rawBrand":"FCC ULS","name":"MIDWAY FIRE DEPARTMENT (WPHM397)","operator":"MIDWAY FIRE DEPARTMENT","directions":[],"omni":true,"zone":null,"purpose":"Public-safety radio transmitter — MIDWAY FIRE DEPARTMENT, Fraserville","imageUrl":null,"fovHalfAngle":180,"frequencies":[154.31,154.445,155.175],"lawEnforcement":false}},{"type":"Feature","geometry":{"type":"Point","coordinates":[-81.96844444444444,34.993722222222225]},"properties":{"id":"fcc/WPLX236/34.99372,-81.96844","kind":"radio","brand":"Other","rawBrand":"FCC ULS","name":"University of South Carolina Division of Law Enforcement and Safety (WPLX236)","operator":"University of South Carolina Division of Law Enforcement and Safety","directions":[],"omni":true,"zone":null,"purpose":"Law-enforcement radio transmitter — University of South Carolina Division of Law Enforcement and Safety, SPARTANBURG","imageUrl":null,"fovHalfAngle":180,"frequencies":[453.6875,460.15,465.15],"lawEnforcement":true}},{"type":"Feature","geometry":{"type":"Point","coordinates":[-81.28313888888889,35.10013888888889]},"properties":{"id":"fcc/WNGL365/35.10014,-81.28314","kind":"radio","brand":"Other","rawBrand":"FCC ULS","name":"YORK, COUNTY OF (WNGL365)","operator":"YORK, COUNTY OF","directions":[],"omni":true,"zone":null,"purpose":"Public-safety radio transmitter — YORK, COUNTY OF, CLOVER","imageUrl":null,"fovHalfAngle":180,"frequencies":[159.135],"lawEnforcement":false}},{"type":"Feature","geometry":{"type":"Point","coordinates":[-82.47736111111111,34.61955555555556]},"properties":{"id":"fcc/WPLX486/34.61956,-82.47736","kind":"radio","brand":"Other","rawBrand":"FCC ULS","name":"WILLIAMSTON, TOWN OF (WPLX486)","operator":"WILLIAMSTON, TOWN OF","directions":[],"omni":true,"zone":null,"purpose":"Public-safety radio transmitter — WILLIAMSTON, TOWN OF, WILLIAMSTON","imageUrl":null,"fovHalfAngle":180,"frequencies":[151.16,153.86,155.85],"lawEnforcement":false}},{"type":"Feature","geometry":{"type":"Point","coordinates":[-78.87863888888889,33.78458333333333]},"properties":{"id":"fcc/WPML296/33.78458,-78.87864","kind":"radio","brand":"Other","rawBrand":"FCC ULS","name":"HORRY COUNTY (WPML296)","operator":"HORRY COUNTY","directions":[],"omni":true,"zone":null,"purpose":"Public-safety radio transmitter — HORRY COUNTY, MYRTLE BEACH","imageUrl":null,"fovHalfAngle":180,"frequencies":[154.01,154.4],"lawEnforcement":false}},{"type":"Feature","geometry":{"type":"Point","coordinates":[-81.92844444444445,34.949555555555555]},"properties":{"id":"fcc/WPMN982/34.94956,-81.92844","kind":"radio","brand":"Other","rawBrand":"FCC ULS","name":"SPARTANBURG, CITY OF (WPMN982)","operator":"SPARTANBURG, CITY OF","directions":[],"omni":true,"zone":null,"purpose":"Public-safety radio transmitter — SPARTANBURG, CITY OF, SPARTANBURG","imageUrl":null,"fovHalfAngle":180,"frequencies":[452.025,457.025],"lawEnforcement":false}},{"type":"Feature","geometry":{"type":"Point","coordinates":[-82.08955555555555,34.19566666666666]},"properties":{"id":"fcc/WPOY429/34.19567,-82.08956","kind":"radio","brand":"Other","rawBrand":"FCC ULS","name":"GREENWOOD CO. EMS (WPOY429)","operator":"GREENWOOD CO. EMS","directions":[],"omni":true,"zone":null,"purpose":"Public-safety radio transmitter — GREENWOOD CO. EMS, GREENWOOD","imageUrl":null,"fovHalfAngle":180,"frequencies":[155.16,155.265,155.28,155.34],"lawEnforcement":false}},{"type":"Feature","geometry":{"type":"Point","coordinates":[-82.16261111111112,34.18872222222222]},"properties":{"id":"fcc/WPOY429/34.18872,-82.16261","kind":"radio","brand":"Other","rawBrand":"FCC ULS","name":"GREENWOOD CO. EMS (WPOY429)","operator":"GREENWOOD CO. EMS","directions":[],"omni":true,"zone":null,"purpose":"Public-safety radio transmitter — GREENWOOD CO. EMS, GREENWOOD","imageUrl":null,"fovHalfAngle":180,"frequencies":[155.16,155.265,155.28,155.34],"lawEnforcement":false}},{"type":"Feature","geometry":{"type":"Point","coordinates":[-80.04672222222221,34.5735]},"properties":{"id":"fcc/WPPA632/34.57350,-80.04672","kind":"radio","brand":"Other","rawBrand":"FCC ULS","name":"PATRICK, TOWN OF (WPPA632)","operator":"PATRICK, TOWN OF","directions":[],"omni":true,"zone":null,"purpose":"Public-safety radio transmitter — PATRICK, TOWN OF, PATRICK","imageUrl":null,"fovHalfAngle":180,"frequencies":[150.805,154.205,154.34],"lawEnforcement":false}},{"type":"Feature","geometry":{"type":"Point","coordinates":[-81.62122222222222,34.305972222222216]},"properties":{"id":"fcc/KEU925/34.30597,-81.62122","kind":"radio","brand":"Other","rawBrand":"FCC ULS","name":"City of Newberry (KEU925)","operator":"City of Newberry","directions":[],"omni":true,"zone":null,"purpose":"Public-safety radio transmitter — City of Newberry, NEWBERRY","imageUrl":null,"fovHalfAngle":180,"frequencies":[155.085,452.325,457.325],"lawEnforcement":false}},{"type":"Feature","geometry":{"type":"Point","coordinates":[-81.624,34.275416666666665]},"properties":{"id":"fcc/KEU925/34.27542,-81.62400","kind":"radio","brand":"Other","rawBrand":"FCC ULS","name":"City of Newberry (KEU925)","operator":"City of Newberry","directions":[],"omni":true,"zone":null,"purpose":"Public-safety radio transmitter — City of Newberry, NEWBERRY","imageUrl":null,"fovHalfAngle":180,"frequencies":[155.085,452.325,457.325],"lawEnforcement":false}},{"type":"Feature","geometry":{"type":"Point","coordinates":[-81.61983333333333,34.27736111111111]},"properties":{"id":"fcc/KEU925/34.27736,-81.61983","kind":"radio","brand":"Other","rawBrand":"FCC ULS","name":"City of Newberry (KEU925)","operator":"City of Newberry","directions":[],"omni":true,"zone":null,"purpose":"Public-safety radio transmitter — City of Newberry, NEWBERRY","imageUrl":null,"fovHalfAngle":180,"frequencies":[155.085,452.325,457.325],"lawEnforcement":false}},{"type":"Feature","geometry":{"type":"Point","coordinates":[-83.09847222222221,34.881194444444446]},"properties":{"id":"fcc/WPPF456/34.88119,-83.09847","kind":"radio","brand":"Other","rawBrand":"FCC ULS","name":"OCONEE, COUNTY OF (WPPF456)","operator":"OCONEE, COUNTY OF","directions":[],"omni":true,"zone":null,"purpose":"Public-safety radio transmitter — OCONEE, COUNTY OF, Wahalla","imageUrl":null,"fovHalfAngle":180,"frequencies":[151.13,154.98,155.6475,155.835,158.8125,159.1875],"lawEnforcement":false}},{"type":"Feature","geometry":{"type":"Point","coordinates":[-82.30761111111111,34.781777777777776]},"properties":{"id":"fcc/KFR742/34.78178,-82.30761","kind":"radio","brand":"Other","rawBrand":"FCC ULS","name":"MAULDIN, CITY OF (KFR742)","operator":"MAULDIN, CITY OF","directions":[],"omni":true,"zone":null,"purpose":"Public-safety radio transmitter — MAULDIN, CITY OF, MAULDIN","imageUrl":null,"fovHalfAngle":180,"frequencies":[153.815,155.835],"lawEnforcement":false}},{"type":"Feature","geometry":{"type":"Point","coordinates":[-81.04008333333333,33.99016666666667]},"properties":{"id":"fcc/KIB667/33.99017,-81.04008","kind":"radio","brand":"Other","rawBrand":"FCC ULS","name":"COLUMBIA, CITY OF (KIB667)","operator":"COLUMBIA, CITY OF","directions":[],"omni":true,"zone":null,"purpose":"Public-safety radio transmitter — COLUMBIA, CITY OF, COLUMBIA","imageUrl":null,"fovHalfAngle":180,"frequencies":[155.37,159.09],"lawEnforcement":false}},{"type":"Feature","geometry":{"type":"Point","coordinates":[-79.95925,32.78905555555556]},"properties":{"id":"fcc/KIC287/32.78906,-79.95925","kind":"radio","brand":"Other","rawBrand":"FCC ULS","name":"CHARLESTON, CITY OF (KIC287)","operator":"CHARLESTON, CITY OF","directions":[],"omni":true,"zone":null,"purpose":"Public-safety radio transmitter — CHARLESTON, CITY OF, CHARLESTON","imageUrl":null,"fovHalfAngle":180,"frequencies":[39.18],"lawEnforcement":false}},{"type":"Feature","geometry":{"type":"Point","coordinates":[-81.72983333333333,33.56597222222222]},"properties":{"id":"fcc/KJD885/33.56597,-81.72983","kind":"radio","brand":"Other","rawBrand":"FCC ULS","name":"AIKEN, COUNTY OF (KJD885)","operator":"AIKEN, COUNTY OF","directions":[],"omni":true,"zone":null,"purpose":"Public-safety radio transmitter — AIKEN, COUNTY OF, AIKEN","imageUrl":null,"fovHalfAngle":180,"frequencies":[154.055,158.88],"lawEnforcement":false}},{"type":"Feature","geometry":{"type":"Point","coordinates":[-79.80833333333334,33.709722222222226]},"properties":{"id":"fcc/WPPY927/33.70972,-79.80833","kind":"radio","brand":"Other","rawBrand":"FCC ULS","name":"WILLIAMSBURG, COUNTY OF (WPPY927)","operator":"WILLIAMSBURG, COUNTY OF","directions":[],"omni":true,"zone":null,"purpose":"Public-safety radio transmitter — WILLIAMSBURG, COUNTY OF, KINGSTREE","imageUrl":null,"fovHalfAngle":180,"frequencies":[151.3025,154.07,154.235,154.325,156.1125],"lawEnforcement":false}},{"type":"Feature","geometry":{"type":"Point","coordinates":[-82.1636388888889,34.195249999999994]},"properties":{"id":"fcc/WPQD495/34.19525,-82.16364","kind":"radio","brand":"Other","rawBrand":"FCC ULS","name":"LANDER UNIVERSITY (WPQD495)","operator":"LANDER UNIVERSITY","directions":[],"omni":true,"zone":null,"purpose":"Public-safety radio transmitter — LANDER UNIVERSITY, GREENWOOD","imageUrl":null,"fovHalfAngle":180,"frequencies":[453.375,458.375],"lawEnforcement":false}},{"type":"Feature","geometry":{"type":"Point","coordinates":[-82.63791666666667,34.514833333333335]},"properties":{"id":"fcc/WPQG834/34.51483,-82.63792","kind":"radio","brand":"Other","rawBrand":"FCC ULS","name":"ANDERSON, CITY OF (WPQG834)","operator":"ANDERSON, CITY OF","directions":[],"omni":true,"zone":null,"purpose":"Public-safety radio transmitter — ANDERSON, CITY OF, ANDERSON","imageUrl":null,"fovHalfAngle":180,"frequencies":[453.55,458.55],"lawEnforcement":false}},{"type":"Feature","geometry":{"type":"Point","coordinates":[-82.20427777777778,33.754305555555554]},"properties":{"id":"fcc/WPRH410/33.75431,-82.20428","kind":"radio","brand":"Other","rawBrand":"FCC ULS","name":"SC PARKS, RECREATION, & TOURISM (WPRH410)","operator":"SC PARKS, RECREATION, & TOURISM","directions":[],"omni":true,"zone":null,"purpose":"Public-safety radio transmitter — SC PARKS, RECREATION, & TOURISM, PLUM BRANCH","imageUrl":null,"fovHalfAngle":180,"frequencies":[453.325,458.325],"lawEnforcement":false}},{"type":"Feature","geometry":{"type":"Point","coordinates":[-79.28172222222221,33.36683333333333]},"properties":{"id":"fcc/KNCF751/33.36683,-79.28172","kind":"radio","brand":"Other","rawBrand":"FCC ULS","name":"SC Emergency Management Division (KNCF751)","operator":"SC Emergency Management Division","directions":[],"omni":true,"zone":null,"purpose":"Public-safety radio transmitter — SC Emergency Management Division, GEORGETOWN","imageUrl":null,"fovHalfAngle":180,"frequencies":[45.08,45.48],"lawEnforcement":false}},{"type":"Feature","geometry":{"type":"Point","coordinates":[-81.62733333333333,34.71597222222223]},"properties":{"id":"fcc/KNDY251/34.71597,-81.62733","kind":"radio","brand":"Other","rawBrand":"FCC ULS","name":"CITY OF UNION (KNDY251)","operator":"CITY OF UNION","directions":[],"omni":true,"zone":null,"purpose":"Public-safety radio transmitter — CITY OF UNION, UNION","imageUrl":null,"fovHalfAngle":180,"frequencies":[153.875,154.0475,159.24],"lawEnforcement":false}},{"type":"Feature","geometry":{"type":"Point","coordinates":[-82.65930555555556,34.90011111111111]},"properties":{"id":"fcc/KNFD308/34.90011,-82.65931","kind":"radio","brand":"Other","rawBrand":"FCC ULS","name":"PICKENS, CITY OF (KNFD308)","operator":"PICKENS, CITY OF","directions":[],"omni":true,"zone":null,"purpose":"Public-safety radio transmitter — PICKENS, CITY OF, PICKENS","imageUrl":null,"fovHalfAngle":180,"frequencies":[153.845,158.835],"lawEnforcement":false}},{"type":"Feature","geometry":{"type":"Point","coordinates":[-82.42816666666667,34.847611111111114]},"properties":{"id":"fcc/KQM782/34.84761,-82.42817","kind":"radio","brand":"Other","rawBrand":"FCC ULS","name":"GREENVILLE, COUNTY OF (KQM782)","operator":"GREENVILLE, COUNTY OF","directions":[],"omni":true,"zone":null,"purpose":"Public-safety radio transmitter — GREENVILLE, COUNTY OF, GREENVILLE","imageUrl":null,"fovHalfAngle":180,"frequencies":[158.82],"lawEnforcement":false}},{"type":"Feature","geometry":{"type":"Point","coordinates":[-81.04008333333333,33.99016666666667]},"properties":{"id":"fcc/KRL280/33.99017,-81.04008","kind":"radio","brand":"Other","rawBrand":"FCC ULS","name":"City of Columbia (KRL280)","operator":"City of Columbia","directions":[],"omni":true,"zone":null,"purpose":"Public-safety radio transmitter — City of Columbia, COLUMBIA","imageUrl":null,"fovHalfAngle":180,"frequencies":[453.475,458.475],"lawEnforcement":false}},{"type":"Feature","geometry":{"type":"Point","coordinates":[-80.9756388888889,34.09238888888889]},"properties":{"id":"fcc/KTE455/34.09239,-80.97564","kind":"radio","brand":"Other","rawBrand":"FCC ULS","name":"SOUTH CAROLINA DDSN, STATE OF (KTE455)","operator":"SOUTH CAROLINA DDSN, STATE OF","directions":[],"omni":true,"zone":null,"purpose":"Public-safety radio transmitter — SOUTH CAROLINA DDSN, STATE OF, COLUMBIA","imageUrl":null,"fovHalfAngle":180,"frequencies":[453.05,458.05],"lawEnforcement":false}},{"type":"Feature","geometry":{"type":"Point","coordinates":[-81.72761111111112,33.57180555555556]},"properties":{"id":"fcc/KYK419/33.57181,-81.72761","kind":"radio","brand":"Other","rawBrand":"FCC ULS","name":"AIKEN COUNTY SHERIFF'S OFFICE (KYK419)","operator":"AIKEN COUNTY SHERIFF'S OFFICE","directions":[],"omni":true,"zone":null,"purpose":"Law-enforcement radio transmitter — AIKEN COUNTY SHERIFF'S OFFICE, AIKEN","imageUrl":null,"fovHalfAngle":180,"frequencies":[46.54],"lawEnforcement":true}},{"type":"Feature","geometry":{"type":"Point","coordinates":[-81.39361111111111,33.339444444444446]},"properties":{"id":"fcc/KYO410/33.33944,-81.39361","kind":"radio","brand":"Other","rawBrand":"FCC ULS","name":"BARNWELL, COUNTY OF (KYO410)","operator":"BARNWELL, COUNTY OF","directions":[],"omni":true,"zone":null,"purpose":"Public-safety radio transmitter — BARNWELL, COUNTY OF, BARNWELL","imageUrl":null,"fovHalfAngle":180,"frequencies":[453.15,453.175,453.8,458.15,458.8,460.025,465.025],"lawEnforcement":false}},{"type":"Feature","geometry":{"type":"Point","coordinates":[-81.63038888888889,34.71152777777778]},"properties":{"id":"fcc/WNBU981/34.71153,-81.63039","kind":"radio","brand":"Other","rawBrand":"FCC ULS","name":"SC Emergency Management Division (WNBU981)","operator":"SC Emergency Management Division","directions":[],"omni":true,"zone":null,"purpose":"Public-safety radio transmitter — SC Emergency Management Division, UNION","imageUrl":null,"fovHalfAngle":180,"frequencies":[45.08,45.48],"lawEnforcement":false}},{"type":"Feature","geometry":{"type":"Point","coordinates":[-80.77533333333334,34.71819444444445]},"properties":{"id":"fcc/WNBU986/34.71819,-80.77533","kind":"radio","brand":"Other","rawBrand":"FCC ULS","name":"SC Emergency Management Division (WNBU986)","operator":"SC Emergency Management Division","directions":[],"omni":true,"zone":null,"purpose":"Public-safety radio transmitter — SC Emergency Management Division, LANCASTER","imageUrl":null,"fovHalfAngle":180,"frequencies":[45.08,45.48],"lawEnforcement":false}},{"type":"Feature","geometry":{"type":"Point","coordinates":[-82.2665,33.90622222222222]},"properties":{"id":"fcc/WNBV877/33.90622,-82.26650","kind":"radio","brand":"Other","rawBrand":"FCC ULS","name":"SC Emergency Management Division (WNBV877)","operator":"SC Emergency Management Division","directions":[],"omni":true,"zone":null,"purpose":"Public-safety radio transmitter — SC Emergency Management Division, MCCORMICK","imageUrl":null,"fovHalfAngle":180,"frequencies":[45.08,45.48],"lawEnforcement":false}},{"type":"Feature","geometry":{"type":"Point","coordinates":[-82.65597222222223,34.49927777777778]},"properties":{"id":"fcc/WNBV880/34.49928,-82.65597","kind":"radio","brand":"Other","rawBrand":"FCC ULS","name":"SC Emergency Management Division (WNBV880)","operator":"SC Emergency Management Division","directions":[],"omni":true,"zone":null,"purpose":"Public-safety radio transmitter — SC Emergency Management Division, ANDERSON","imageUrl":null,"fovHalfAngle":180,"frequencies":[45.08,45.48],"lawEnforcement":false}},{"type":"Feature","geometry":{"type":"Point","coordinates":[-79.33755555555555,34.18544444444444]},"properties":{"id":"fcc/WNBZ219/34.18544,-79.33756","kind":"radio","brand":"Other","rawBrand":"FCC ULS","name":"South Carolina Emeregency Management Division (WNBZ219)","operator":"South Carolina Emeregency Management Division","directions":[],"omni":true,"zone":null,"purpose":"Public-safety radio transmitter — South Carolina Emeregency Management Division, MARION","imageUrl":null,"fovHalfAngle":180,"frequencies":[45.08,45.48],"lawEnforcement":false}},{"type":"Feature","geometry":{"type":"Point","coordinates":[-80.91194444444444,34.92916666666667]},"properties":{"id":"fcc/WNMQ749/34.92917,-80.91194","kind":"radio","brand":"Other","rawBrand":"FCC ULS","name":"YORK, COUNTY OF (WNMQ749)","operator":"YORK, COUNTY OF","directions":[],"omni":true,"zone":null,"purpose":"Public-safety radio transmitter — YORK, COUNTY OF, ROCK HILL","imageUrl":null,"fovHalfAngle":180,"frequencies":[453.425,453.675,453.8,453.975,458.425,458.675,458.8,458.975],"lawEnforcement":false}},{"type":"Feature","geometry":{"type":"Point","coordinates":[-81.02175,34.92097222222222]},"properties":{"id":"fcc/WNMQ749/34.92097,-81.02175","kind":"radio","brand":"Other","rawBrand":"FCC ULS","name":"YORK, COUNTY OF (WNMQ749)","operator":"YORK, COUNTY OF","directions":[],"omni":true,"zone":null,"purpose":"Public-safety radio transmitter — YORK, COUNTY OF, ROCK HILL","imageUrl":null,"fovHalfAngle":180,"frequencies":[453.425,453.675,453.8,453.975,458.425,458.675,458.8,458.975],"lawEnforcement":false}},{"type":"Feature","geometry":{"type":"Point","coordinates":[-80.80536111111111,34.72291666666667]},"properties":{"id":"fcc/WNPX847/34.72292,-80.80536","kind":"radio","brand":"Other","rawBrand":"FCC ULS","name":"LANCASTER, CITY OF (WNPX847)","operator":"LANCASTER, CITY OF","directions":[],"omni":true,"zone":null,"purpose":"Public-safety radio transmitter — LANCASTER, CITY OF, LANCASTER","imageUrl":null,"fovHalfAngle":180,"frequencies":[173.2375],"lawEnforcement":false}},{"type":"Feature","geometry":{"type":"Point","coordinates":[-80.75116666666666,34.71958333333333]},"properties":{"id":"fcc/WNPX847/34.71958,-80.75117","kind":"radio","brand":"Other","rawBrand":"FCC ULS","name":"LANCASTER, CITY OF (WNPX847)","operator":"LANCASTER, CITY OF","directions":[],"omni":true,"zone":null,"purpose":"Public-safety radio transmitter — LANCASTER, CITY OF, LANCASTER","imageUrl":null,"fovHalfAngle":180,"frequencies":[173.2375],"lawEnforcement":false}},{"type":"Feature","geometry":{"type":"Point","coordinates":[-80.84591666666667,34.71597222222223]},"properties":{"id":"fcc/WNPX847/34.71597,-80.84592","kind":"radio","brand":"Other","rawBrand":"FCC ULS","name":"LANCASTER, CITY OF (WNPX847)","operator":"LANCASTER, CITY OF","directions":[],"omni":true,"zone":null,"purpose":"Public-safety radio transmitter — LANCASTER, CITY OF, LANCASTER","imageUrl":null,"fovHalfAngle":180,"frequencies":[173.2375],"lawEnforcement":false}},{"type":"Feature","geometry":{"type":"Point","coordinates":[-78.69141666666667,33.82516666666667]},"properties":{"id":"fcc/KZE707/33.82517,-78.69142","kind":"radio","brand":"Other","rawBrand":"FCC ULS","name":"HORRY COUNTY (KZE707)","operator":"HORRY COUNTY","directions":[],"omni":true,"zone":null,"purpose":"Public-safety radio transmitter — HORRY COUNTY, NORTH MYRTLE BEACH","imageUrl":null,"fovHalfAngle":180,"frequencies":[155.295,155.34,155.4,451.825,456.825],"lawEnforcement":false}},{"type":"Feature","geometry":{"type":"Point","coordinates":[-78.87863888888889,33.78516666666666]},"properties":{"id":"fcc/KZE707/33.78517,-78.87864","kind":"radio","brand":"Other","rawBrand":"FCC ULS","name":"HORRY COUNTY (KZE707)","operator":"HORRY COUNTY","directions":[],"omni":true,"zone":null,"purpose":"Public-safety radio transmitter — HORRY COUNTY, CONWAY","imageUrl":null,"fovHalfAngle":180,"frequencies":[155.295,155.34,155.4,451.825,456.825],"lawEnforcement":false}},{"type":"Feature","geometry":{"type":"Point","coordinates":[-79.04225,33.816833333333335]},"properties":{"id":"fcc/KZE707/33.81683,-79.04225","kind":"radio","brand":"Other","rawBrand":"FCC ULS","name":"HORRY COUNTY (KZE707)","operator":"HORRY COUNTY","directions":[],"omni":true,"zone":null,"purpose":"Public-safety radio transmitter — HORRY COUNTY, CONWAY","imageUrl":null,"fovHalfAngle":180,"frequencies":[155.295,155.34,155.4,451.825,456.825],"lawEnforcement":false}},{"type":"Feature","geometry":{"type":"Point","coordinates":[-78.99972222222222,35.83347222222223]},"properties":{"id":"fcc/KZE707/35.83347,-78.99972","kind":"radio","brand":"Other","rawBrand":"FCC ULS","name":"HORRY COUNTY (KZE707)","operator":"HORRY COUNTY","directions":[],"omni":true,"zone":null,"purpose":"Public-safety radio transmitter — HORRY COUNTY, HORRY","imageUrl":null,"fovHalfAngle":180,"frequencies":[155.295,155.34,155.4,451.825,456.825],"lawEnforcement":false}},{"type":"Feature","geometry":{"type":"Point","coordinates":[-81.13730555555556,34.08625]},"properties":{"id":"fcc/KDR31/34.08625,-81.13731","kind":"radio","brand":"Other","rawBrand":"FCC ULS","name":"South Carolina Forestry Commission (KDR31)","operator":"South Carolina Forestry Commission","directions":[],"omni":true,"zone":null,"purpose":"Public-safety radio transmitter — South Carolina Forestry Commission, COLUMBIA","imageUrl":null,"fovHalfAngle":180,"frequencies":[31.78,31.9,151.175,151.19,151.205,151.22,151.2275,151.235,151.265,151.28,151.355,151.385,151.4,151.4825,159.225,159.255,159.27,159.285,159.3,159.315,159.33,159.345,159.375,159.39,159.405,159.45],"lawEnforcement":false}},{"type":"Feature","geometry":{"type":"Point","coordinates":[-81.04233333333333,32.87572222222222]},"properties":{"id":"fcc/KIA217/32.87572,-81.04233","kind":"radio","brand":"Other","rawBrand":"FCC ULS","name":"South Carolina Forestry Commission (KIA217)","operator":"South Carolina Forestry Commission","directions":[],"omni":true,"zone":null,"purpose":"Public-safety radio transmitter — South Carolina Forestry Commission, VARNVILLE","imageUrl":null,"fovHalfAngle":180,"frequencies":[31.78,151.175,151.19,151.205,151.2275,151.235,151.265,151.28,151.355,151.385,151.4,151.4825,159.27,159.3,159.315,159.375,159.405,159.45],"lawEnforcement":false}},{"type":"Feature","geometry":{"type":"Point","coordinates":[-79.81505555555555,34.24875]},"properties":{"id":"fcc/KIE951/34.24875,-79.81506","kind":"radio","brand":"Other","rawBrand":"FCC ULS","name":"SOUTH CAROLINA FORESTRY COMMISSION (KIE951)","operator":"SOUTH CAROLINA FORESTRY COMMISSION","directions":[],"omni":true,"zone":null,"purpose":"Public-safety radio transmitter — SOUTH CAROLINA FORESTRY COMMISSION, FLORENCE","imageUrl":null,"fovHalfAngle":180,"frequencies":[31.78,151.175,151.19,151.205,151.22,151.2275,151.235,151.265,151.28,151.355,151.385,151.3925,151.4,151.46,151.4825,159.225,159.255,159.27,159.285,159.3,159.375,159.39,159.405,159.45],"lawEnforcement":false}},{"type":"Feature","geometry":{"type":"Point","coordinates":[-82.16775,34.372194444444446]},"properties":{"id":"fcc/KIG472/34.37219,-82.16775","kind":"radio","brand":"Other","rawBrand":"FCC ULS","name":"South Carolina Forestry Commission (KIG472)","operator":"South Carolina Forestry Commission","directions":[],"omni":true,"zone":null,"purpose":"Public-safety radio transmitter — South Carolina Forestry Commission, WARE SHOALS","imageUrl":null,"fovHalfAngle":180,"frequencies":[151.265,159.27,159.3,159.375],"lawEnforcement":false}},{"type":"Feature","geometry":{"type":"Point","coordinates":[-81.10119444444445,33.808499999999995]},"properties":{"id":"fcc/KII918/33.80850,-81.10119","kind":"radio","brand":"Other","rawBrand":"FCC ULS","name":"South Carolina Forestry Commission (KII918)","operator":"South Carolina Forestry Commission","directions":[],"omni":true,"zone":null,"purpose":"Public-safety radio transmitter — South Carolina Forestry Commission, GASTON","imageUrl":null,"fovHalfAngle":180,"frequencies":[151.19,151.22,151.235,151.385,159.27,159.3,159.42,159.45],"lawEnforcement":false}},{"type":"Feature","geometry":{"type":"Point","coordinates":[-80.96369444444444,34.89180555555556]},"properties":{"id":"fcc/KIJ268/34.89181,-80.96369","kind":"radio","brand":"Other","rawBrand":"FCC ULS","name":"South Carolina Forestry Commission (KIJ268)","operator":"South Carolina Forestry Commission","directions":[],"omni":true,"zone":null,"purpose":"Public-safety radio transmitter — South Carolina Forestry Commission, ROCK HILL","imageUrl":null,"fovHalfAngle":180,"frequencies":[151.235,159.255],"lawEnforcement":false}},{"type":"Feature","geometry":{"type":"Point","coordinates":[-80.26925,34.500166666666665]},"properties":{"id":"fcc/KIJ274/34.50017,-80.26925","kind":"radio","brand":"Other","rawBrand":"FCC ULS","name":"South Carolina Forestry Commission (KIJ274)","operator":"South Carolina Forestry Commission","directions":[],"omni":true,"zone":null,"purpose":"Public-safety radio transmitter — South Carolina Forestry Commission, MC BEE","imageUrl":null,"fovHalfAngle":180,"frequencies":[151.145,151.175,159.225,159.27,159.405],"lawEnforcement":false}},{"type":"Feature","geometry":{"type":"Point","coordinates":[-80.29147222222223,33.41683333333333]},"properties":{"id":"fcc/WNMF768/33.41683,-80.29147","kind":"radio","brand":"Other","rawBrand":"FCC ULS","name":"SC Dept. of Natural Resources (WNMF768)","operator":"SC Dept. of Natural Resources","directions":[],"omni":true,"zone":null,"purpose":"Public-safety radio transmitter — SC Dept. of Natural Resources, EUTAW SPRINGS","imageUrl":null,"fovHalfAngle":180,"frequencies":[151.25,151.325,159.135],"lawEnforcement":false}},{"type":"Feature","geometry":{"type":"Point","coordinates":[-81.41205555555557,34.18736111111111]},"properties":{"id":"fcc/WNMN551/34.18736,-81.41206","kind":"radio","brand":"Other","rawBrand":"FCC ULS","name":"SC Dept. of Natural Resources (WNMN551)","operator":"SC Dept. of Natural Resources","directions":[],"omni":true,"zone":null,"purpose":"Public-safety radio transmitter — SC Dept. of Natural Resources, LITTLE MOUNTAIN","imageUrl":null,"fovHalfAngle":180,"frequencies":[151.16,151.25,159.135],"lawEnforcement":false}},{"type":"Feature","geometry":{"type":"Point","coordinates":[-79.90063888888889,32.749611111111115]},"properties":{"id":"fcc/WNMN560/32.74961,-79.90064","kind":"radio","brand":"Other","rawBrand":"FCC ULS","name":"S.C. Dept of Natural Resources (WNMN560)","operator":"S.C. Dept of Natural Resources","directions":[],"omni":true,"zone":null,"purpose":"Public-safety radio transmitter — S.C. Dept of Natural Resources, CHARLESTON","imageUrl":null,"fovHalfAngle":180,"frequencies":[151.25,151.43,159.465],"lawEnforcement":false}},{"type":"Feature","geometry":{"type":"Point","coordinates":[-80.20752777777778,34.19625]},"properties":{"id":"fcc/KEF745/34.19625,-80.20753","kind":"radio","brand":"Other","rawBrand":"FCC ULS","name":"Lee County Government (KEF745)","operator":"Lee County Government","directions":[],"omni":true,"zone":null,"purpose":"Public-safety radio transmitter — Lee County Government, BISHOPVILLE","imageUrl":null,"fovHalfAngle":180,"frequencies":[154.43,154.755,155.55,155.91,156.15,158.73,158.79],"lawEnforcement":false}},{"type":"Feature","geometry":{"type":"Point","coordinates":[-80.24833333333333,34.216944444444444]},"properties":{"id":"fcc/KEF745/34.21694,-80.24833","kind":"radio","brand":"Other","rawBrand":"FCC ULS","name":"Lee County Government (KEF745)","operator":"Lee County Government","directions":[],"omni":true,"zone":null,"purpose":"Public-safety radio transmitter — Lee County Government, BISHOPVILLE","imageUrl":null,"fovHalfAngle":180,"frequencies":[154.43,154.755,155.55,155.91,156.15,158.73,158.79],"lawEnforcement":false}},{"type":"Feature","geometry":{"type":"Point","coordinates":[-82.70958333333334,34.88483333333333]},"properties":{"id":"fcc/KMJ968/34.88483,-82.70958","kind":"radio","brand":"Other","rawBrand":"FCC ULS","name":"City of Pickens (KMJ968)","operator":"City of Pickens","directions":[],"omni":true,"zone":null,"purpose":"Public-safety radio transmitter — City of Pickens, PICKENS","imageUrl":null,"fovHalfAngle":180,"frequencies":[460.15,465.15,465.25,465.45],"lawEnforcement":false}},{"type":"Feature","geometry":{"type":"Point","coordinates":[-79.307,34.076]},"properties":{"id":"fcc/KNDC756/34.07600,-79.30700","kind":"radio","brand":"Other","rawBrand":"FCC ULS","name":"MARION COUNTY OF PUBLIC WORKS (KNDC756)","operator":"MARION COUNTY OF PUBLIC WORKS","directions":[],"omni":true,"zone":null,"purpose":"Public-safety radio transmitter — MARION COUNTY OF PUBLIC WORKS, RAINS","imageUrl":null,"fovHalfAngle":180,"frequencies":[460.075,460.25,460.325,465.075,465.325],"lawEnforcement":false}},{"type":"Feature","geometry":{"type":"Point","coordinates":[-79.40116666666667,34.17238888888889]},"properties":{"id":"fcc/KNDC756/34.17239,-79.40117","kind":"radio","brand":"Other","rawBrand":"FCC ULS","name":"MARION COUNTY OF PUBLIC WORKS (KNDC756)","operator":"MARION COUNTY OF PUBLIC WORKS","directions":[],"omni":true,"zone":null,"purpose":"Public-safety radio transmitter — MARION COUNTY OF PUBLIC WORKS, MARION","imageUrl":null,"fovHalfAngle":180,"frequencies":[460.075,460.25,460.325,465.075,465.325],"lawEnforcement":false}},{"type":"Feature","geometry":{"type":"Point","coordinates":[-79.65644444444445,34.646]},"properties":{"id":"fcc/KNGN368/34.64600,-79.65644","kind":"radio","brand":"Other","rawBrand":"FCC ULS","name":"BENNETTSVILLE, CITY OF (KNGN368)","operator":"BENNETTSVILLE, CITY OF","directions":[],"omni":true,"zone":null,"purpose":"Public-safety radio transmitter — BENNETTSVILLE, CITY OF, BENNETTSVILLE","imageUrl":null,"fovHalfAngle":180,"frequencies":[460.125,465.125],"lawEnforcement":false}},{"type":"Feature","geometry":{"type":"Point","coordinates":[-80.09561111111111,34.72016666666667]},"properties":{"id":"fcc/KON297/34.72017,-80.09561","kind":"radio","brand":"Other","rawBrand":"FCC ULS","name":"CHESTERFIELD, COUNTY OF (KON297)","operator":"CHESTERFIELD, COUNTY OF","directions":[],"omni":true,"zone":null,"purpose":"Public-safety radio transmitter — CHESTERFIELD, COUNTY OF, CHESTERFIELD","imageUrl":null,"fovHalfAngle":180,"frequencies":[460.175,465.175],"lawEnforcement":false}},{"type":"Feature","geometry":{"type":"Point","coordinates":[-80.0906111111111,34.72016666666667]},"properties":{"id":"fcc/KON297/34.72017,-80.09061","kind":"radio","brand":"Other","rawBrand":"FCC ULS","name":"CHESTERFIELD, COUNTY OF (KON297)","operator":"CHESTERFIELD, COUNTY OF","directions":[],"omni":true,"zone":null,"purpose":"Public-safety radio transmitter — CHESTERFIELD, COUNTY OF, CHESTERFIELD","imageUrl":null,"fovHalfAngle":180,"frequencies":[460.175,465.175],"lawEnforcement":false}},{"type":"Feature","geometry":{"type":"Point","coordinates":[-80.09561111111111,34.72016666666667]},"properties":{"id":"fcc/KON303/34.72017,-80.09561","kind":"radio","brand":"Other","rawBrand":"FCC ULS","name":"CHESTERFIELD, COUNTY OF (KON303)","operator":"CHESTERFIELD, COUNTY OF","directions":[],"omni":true,"zone":null,"purpose":"Public-safety radio transmitter — CHESTERFIELD, COUNTY OF, CHESTERFIELD","imageUrl":null,"fovHalfAngle":180,"frequencies":[460.25,465.25],"lawEnforcement":false}},{"type":"Feature","geometry":{"type":"Point","coordinates":[-80.0906111111111,34.72016666666667]},"properties":{"id":"fcc/KON303/34.72017,-80.09061","kind":"radio","brand":"Other","rawBrand":"FCC ULS","name":"CHESTERFIELD, COUNTY OF (KON303)","operator":"CHESTERFIELD, COUNTY OF","directions":[],"omni":true,"zone":null,"purpose":"Public-safety radio transmitter — CHESTERFIELD, COUNTY OF, CHESTERFIELD","imageUrl":null,"fovHalfAngle":180,"frequencies":[460.25,465.25],"lawEnforcement":false}},{"type":"Feature","geometry":{"type":"Point","coordinates":[-80.29588888888888,34.67488888888889]},"properties":{"id":"fcc/KON307/34.67489,-80.29589","kind":"radio","brand":"Other","rawBrand":"FCC ULS","name":"CHESTERFIELD, COUNTY OF (KON307)","operator":"CHESTERFIELD, COUNTY OF","directions":[],"omni":true,"zone":null,"purpose":"Public-safety radio transmitter — CHESTERFIELD, COUNTY OF, JEFFERSON","imageUrl":null,"fovHalfAngle":180,"frequencies":[460.175,460.35],"lawEnforcement":false}},{"type":"Feature","geometry":{"type":"Point","coordinates":[-80.09561111111111,34.72016666666667]},"properties":{"id":"fcc/KON307/34.72017,-80.09561","kind":"radio","brand":"Other","rawBrand":"FCC ULS","name":"CHESTERFIELD, COUNTY OF (KON307)","operator":"CHESTERFIELD, COUNTY OF","directions":[],"omni":true,"zone":null,"purpose":"Public-safety radio transmitter — CHESTERFIELD, COUNTY OF, CHESTERFIELD","imageUrl":null,"fovHalfAngle":180,"frequencies":[460.175,460.35],"lawEnforcement":false}},{"type":"Feature","geometry":{"type":"Point","coordinates":[-79.75172222222223,34.25655555555556]},"properties":{"id":"fcc/KON309/34.25656,-79.75172","kind":"radio","brand":"Other","rawBrand":"FCC ULS","name":"CHESTERFIELD, COUNTY OF (KON309)","operator":"CHESTERFIELD, COUNTY OF","directions":[],"omni":true,"zone":null,"purpose":"Public-safety radio transmitter — CHESTERFIELD, COUNTY OF, FLORENCE","imageUrl":null,"fovHalfAngle":180,"frequencies":[460.25],"lawEnforcement":false}},{"type":"Feature","geometry":{"type":"Point","coordinates":[-80.00530555555555,33.19519444444444]},"properties":{"id":"fcc/KXZ528/33.19519,-80.00531","kind":"radio","brand":"Other","rawBrand":"FCC ULS","name":"MONCKS CORNER, CITY OF (KXZ528)","operator":"MONCKS CORNER, CITY OF","directions":[],"omni":true,"zone":null,"purpose":"Public-safety radio transmitter — MONCKS CORNER, CITY OF, MONCKS CORNER","imageUrl":null,"fovHalfAngle":180,"frequencies":[154.74,155.07,155.13],"lawEnforcement":false}},{"type":"Feature","geometry":{"type":"Point","coordinates":[-82.1378888888889,34.92733333333333]},"properties":{"id":"fcc/WBP573/34.92733,-82.13789","kind":"radio","brand":"Other","rawBrand":"FCC ULS","name":"Spartanburg County Communications / 9-1-1 (WBP573)","operator":"Spartanburg County Communications / 9-1-1","directions":[],"omni":true,"zone":null,"purpose":"Public-safety radio transmitter — Spartanburg County Communications / 9-1-1, DUNCAN","imageUrl":null,"fovHalfAngle":180,"frequencies":[465.3],"lawEnforcement":false}},{"type":"Feature","geometry":{"type":"Point","coordinates":[-81.87066666666666,35.1515]},"properties":{"id":"fcc/WBP577/35.15150,-81.87067","kind":"radio","brand":"Other","rawBrand":"FCC ULS","name":"Spartanburg County Communications / 9-1-1 (WBP577)","operator":"Spartanburg County Communications / 9-1-1","directions":[],"omni":true,"zone":null,"purpose":"Public-safety radio transmitter — Spartanburg County Communications / 9-1-1, CHESNEE","imageUrl":null,"fovHalfAngle":180,"frequencies":[465.3],"lawEnforcement":false}},{"type":"Feature","geometry":{"type":"Point","coordinates":[-79.88811111111112,34.69905555555555]},"properties":{"id":"fcc/WDE656/34.69906,-79.88811","kind":"radio","brand":"Other","rawBrand":"FCC ULS","name":"Town of Cheraw (WDE656)","operator":"Town of Cheraw","directions":[],"omni":true,"zone":null,"purpose":"Public-safety radio transmitter — Town of Cheraw, CHERAW","imageUrl":null,"fovHalfAngle":180,"frequencies":[465.25],"lawEnforcement":false}},{"type":"Feature","geometry":{"type":"Point","coordinates":[-80.39227777777778,34.772666666666666]},"properties":{"id":"fcc/WDE792/34.77267,-80.39228","kind":"radio","brand":"Other","rawBrand":"FCC ULS","name":"PAGELAND, CITY OF (WDE792)","operator":"PAGELAND, CITY OF","directions":[],"omni":true,"zone":null,"purpose":"Public-safety radio transmitter — PAGELAND, CITY OF, PAGELAND","imageUrl":null,"fovHalfAngle":180,"frequencies":[465.175],"lawEnforcement":false}},{"type":"Feature","geometry":{"type":"Point","coordinates":[-81.03313888888889,34.93347222222222]},"properties":{"id":"fcc/WNAC200/34.93347,-81.03314","kind":"radio","brand":"Other","rawBrand":"FCC ULS","name":"YORK, COUNTY OF (WNAC200)","operator":"YORK, COUNTY OF","directions":[],"omni":true,"zone":null,"purpose":"Public-safety radio transmitter — YORK, COUNTY OF, ROCK HILL","imageUrl":null,"fovHalfAngle":180,"frequencies":[151.2425,153.7925,154.725,154.8,155.61,156.15,158.73,158.7525,158.8575],"lawEnforcement":false}},{"type":"Feature","geometry":{"type":"Point","coordinates":[-81.13730555555556,34.08625]},"properties":{"id":"fcc/WNFU471/34.08625,-81.13731","kind":"radio","brand":"Other","rawBrand":"FCC ULS","name":"South Carolina Law Enforcement Division (SLED) (WNFU471)","operator":"South Carolina Law Enforcement Division (SLED)","directions":[],"omni":true,"zone":null,"purpose":"Law-enforcement radio transmitter — South Carolina Law Enforcement Division (SLED), COLUMBIA","imageUrl":null,"fovHalfAngle":180,"frequencies":[154.695,158.97],"lawEnforcement":true}},{"type":"Feature","geometry":{"type":"Point","coordinates":[-82.65930555555556,34.90011111111111]},"properties":{"id":"fcc/KAN855/34.90011,-82.65931","kind":"radio","brand":"Other","rawBrand":"FCC ULS","name":"PICKENS, COUNTY OF (KAN855)","operator":"PICKENS, COUNTY OF","directions":[],"omni":true,"zone":null,"purpose":"Public-safety radio transmitter — PICKENS, COUNTY OF, PICKENS","imageUrl":null,"fovHalfAngle":180,"frequencies":[151.01,155.175],"lawEnforcement":false}},{"type":"Feature","geometry":{"type":"Point","coordinates":[-80.05255555555556,34.95572222222223]},"properties":{"id":"fcc/KEF733/34.95572,-80.05256","kind":"radio","brand":"Other","rawBrand":"FCC ULS","name":"YORK, COUNTY OF (KEF733)","operator":"YORK, COUNTY OF","directions":[],"omni":true,"zone":null,"purpose":"Public-safety radio transmitter — YORK, COUNTY OF, ROCK HILL","imageUrl":null,"fovHalfAngle":180,"frequencies":[155.34,155.385],"lawEnforcement":false}},{"type":"Feature","geometry":{"type":"Point","coordinates":[-80.7226111111111,32.216861111111115]},"properties":{"id":"fcc/KIB334/32.21686,-80.72261","kind":"radio","brand":"Other","rawBrand":"FCC ULS","name":"BEAUFORT, COUNTY OF (KIB334)","operator":"BEAUFORT, COUNTY OF","directions":[],"omni":true,"zone":null,"purpose":"Public-safety radio transmitter — BEAUFORT, COUNTY OF, HILTON HEAD","imageUrl":null,"fovHalfAngle":180,"frequencies":[155.28,155.34],"lawEnforcement":false}},{"type":"Feature","geometry":{"type":"Point","coordinates":[-80.0931111111111,34.721555555555554]},"properties":{"id":"fcc/KIT956/34.72156,-80.09311","kind":"radio","brand":"Other","rawBrand":"FCC ULS","name":"CHESTERFIELD, COUNTY OF (KIT956)","operator":"CHESTERFIELD, COUNTY OF","directions":[],"omni":true,"zone":null,"purpose":"Public-safety radio transmitter — CHESTERFIELD, COUNTY OF, CHESTERFIELD","imageUrl":null,"fovHalfAngle":180,"frequencies":[155.22,155.34],"lawEnforcement":false}},{"type":"Feature","geometry":{"type":"Point","coordinates":[-80.86758333333333,34.02272222222222]},"properties":{"id":"fcc/WNNS719/34.02272,-80.86758","kind":"radio","brand":"Other","rawBrand":"FCC ULS","name":"RICHLAND, COUNTY OF (WNNS719)","operator":"RICHLAND, COUNTY OF","directions":[],"omni":true,"zone":null,"purpose":"Public-safety radio transmitter — RICHLAND, COUNTY OF, COLUMBIA","imageUrl":null,"fovHalfAngle":180,"frequencies":[155.4],"lawEnforcement":false}},{"type":"Feature","geometry":{"type":"Point","coordinates":[-80.03425,33.00211111111111]},"properties":{"id":"fcc/KNBP864/33.00211,-80.03425","kind":"radio","brand":"Other","rawBrand":"FCC ULS","name":"GOOSE CREEK CITY OF (KNBP864)","operator":"GOOSE CREEK CITY OF","directions":[],"omni":true,"zone":null,"purpose":"Public-safety radio transmitter — GOOSE CREEK CITY OF, GOOSE CREEK","imageUrl":null,"fovHalfAngle":180,"frequencies":[154.235,156.06],"lawEnforcement":false}},{"type":"Feature","geometry":{"type":"Point","coordinates":[-81.31355555555555,32.996027777777776]},"properties":{"id":"fcc/WPTF291/32.99603,-81.31356","kind":"radio","brand":"Other","rawBrand":"FCC ULS","name":"ALLENDALE, COUNTY OF (WPTF291)","operator":"ALLENDALE, COUNTY OF","directions":[],"omni":true,"zone":null,"purpose":"Public-safety radio transmitter — ALLENDALE, COUNTY OF, ALLENDALE","imageUrl":null,"fovHalfAngle":180,"frequencies":[453.5,458.5],"lawEnforcement":false}},{"type":"Feature","geometry":{"type":"Point","coordinates":[-79.80508333333333,34.26383333333333]},"properties":{"id":"fcc/WPUI263/34.26383,-79.80508","kind":"radio","brand":"Other","rawBrand":"FCC ULS","name":"PALMETTO RURAL FIRE DISTRICT (WPUI263)","operator":"PALMETTO RURAL FIRE DISTRICT","directions":[],"omni":true,"zone":null,"purpose":"Public-safety radio transmitter — PALMETTO RURAL FIRE DISTRICT, DARLINGTON","imageUrl":null,"fovHalfAngle":180,"frequencies":[150.775,154.085],"lawEnforcement":false}},{"type":"Feature","geometry":{"type":"Point","coordinates":[-79.92500000000001,34.29888888888889]},"properties":{"id":"fcc/WPUI263/34.29889,-79.92500","kind":"radio","brand":"Other","rawBrand":"FCC ULS","name":"PALMETTO RURAL FIRE DISTRICT (WPUI263)","operator":"PALMETTO RURAL FIRE DISTRICT","directions":[],"omni":true,"zone":null,"purpose":"Public-safety radio transmitter — PALMETTO RURAL FIRE DISTRICT, DARLINGTON","imageUrl":null,"fovHalfAngle":180,"frequencies":[150.775,154.085],"lawEnforcement":false}},{"type":"Feature","geometry":{"type":"Point","coordinates":[-80.29147222222223,33.18072222222222]},"properties":{"id":"fcc/WPVA335/33.18072,-80.29147","kind":"radio","brand":"Other","rawBrand":"FCC ULS","name":"SOUTH CAROLINA, STATE OF (WPVA335)","operator":"SOUTH CAROLINA, STATE OF","directions":[],"omni":true,"zone":null,"purpose":"Public-safety radio transmitter — SOUTH CAROLINA, STATE OF, RIDGEVILLE","imageUrl":null,"fovHalfAngle":180,"frequencies":[155.64,451.05,456.05],"lawEnforcement":false}},{"type":"Feature","geometry":{"type":"Point","coordinates":[-80.28869444444445,33.08766666666667]},"properties":{"id":"fcc/WPVA335/33.08767,-80.28869","kind":"radio","brand":"Other","rawBrand":"FCC ULS","name":"SOUTH CAROLINA, STATE OF (WPVA335)","operator":"SOUTH CAROLINA, STATE OF","directions":[],"omni":true,"zone":null,"purpose":"Public-safety radio transmitter — SOUTH CAROLINA, STATE OF, RIDGEVILLE","imageUrl":null,"fovHalfAngle":180,"frequencies":[155.64,451.05,456.05],"lawEnforcement":false}},{"type":"Feature","geometry":{"type":"Point","coordinates":[-81.08749999999999,34.37777777777778]},"properties":{"id":"fcc/WPVQ905/34.37778,-81.08750","kind":"radio","brand":"Other","rawBrand":"FCC ULS","name":"WINNSBORO, TOWN OF (WPVQ905)","operator":"WINNSBORO, TOWN OF","directions":[],"omni":true,"zone":null,"purpose":"Public-safety radio transmitter — WINNSBORO, TOWN OF, WINNSBORO","imageUrl":null,"fovHalfAngle":180,"frequencies":[460.4,460.525,465.4,465.525],"lawEnforcement":false}},{"type":"Feature","geometry":{"type":"Point","coordinates":[-80.72305555555556,32.88972222222222]},"properties":{"id":"fcc/WPWN799/32.88972,-80.72306","kind":"radio","brand":"Other","rawBrand":"FCC ULS","name":"COLLETON  COUNTY (WPWN799)","operator":"COLLETON  COUNTY","directions":[],"omni":true,"zone":null,"purpose":"Public-safety radio transmitter — COLLETON  COUNTY, WALTERBORO","imageUrl":null,"fovHalfAngle":180,"frequencies":[460.1,460.125,460.275,460.35,460.45,465.05,465.1,465.125,465.275,465.35,465.45],"lawEnforcement":false}},{"type":"Feature","geometry":{"type":"Point","coordinates":[-80.33483333333332,32.48130555555556]},"properties":{"id":"fcc/WPWN799/32.48131,-80.33483","kind":"radio","brand":"Other","rawBrand":"FCC ULS","name":"COLLETON  COUNTY (WPWN799)","operator":"COLLETON  COUNTY","directions":[],"omni":true,"zone":null,"purpose":"Public-safety radio transmitter — COLLETON  COUNTY, EDISTO BEACH","imageUrl":null,"fovHalfAngle":180,"frequencies":[460.1,460.125,460.275,460.35,460.45,465.05,465.1,465.125,465.275,465.35,465.45],"lawEnforcement":false}},{"type":"Feature","geometry":{"type":"Point","coordinates":[-80.15111111111112,32.986666666666665]},"properties":{"id":"fcc/WPYR317/32.98667,-80.15111","kind":"radio","brand":"Other","rawBrand":"FCC ULS","name":"SUMMERVILLE CPW (WPYR317)","operator":"SUMMERVILLE CPW","directions":[],"omni":true,"zone":null,"purpose":"Public-safety radio transmitter — SUMMERVILLE CPW, SUMMERVILLE","imageUrl":null,"fovHalfAngle":180,"frequencies":[453.275],"lawEnforcement":false}},{"type":"Feature","geometry":{"type":"Point","coordinates":[-80.18416666666667,33.00694444444444]},"properties":{"id":"fcc/WPYR317/33.00694,-80.18417","kind":"radio","brand":"Other","rawBrand":"FCC ULS","name":"SUMMERVILLE CPW (WPYR317)","operator":"SUMMERVILLE CPW","directions":[],"omni":true,"zone":null,"purpose":"Public-safety radio transmitter — SUMMERVILLE CPW, SUMMERVILLE","imageUrl":null,"fovHalfAngle":180,"frequencies":[453.275],"lawEnforcement":false}},{"type":"Feature","geometry":{"type":"Point","coordinates":[-80.15444444444445,33.038888888888884]},"properties":{"id":"fcc/WPYR317/33.03889,-80.15444","kind":"radio","brand":"Other","rawBrand":"FCC ULS","name":"SUMMERVILLE CPW (WPYR317)","operator":"SUMMERVILLE CPW","directions":[],"omni":true,"zone":null,"purpose":"Public-safety radio transmitter — SUMMERVILLE CPW, SUMMERVILLE","imageUrl":null,"fovHalfAngle":180,"frequencies":[453.275],"lawEnforcement":false}},{"type":"Feature","geometry":{"type":"Point","coordinates":[-80.14694444444446,33.03388888888889]},"properties":{"id":"fcc/WPYR317/33.03389,-80.14694","kind":"radio","brand":"Other","rawBrand":"FCC ULS","name":"SUMMERVILLE CPW (WPYR317)","operator":"SUMMERVILLE CPW","directions":[],"omni":true,"zone":null,"purpose":"Public-safety radio transmitter — SUMMERVILLE CPW, SUMMERVILLE","imageUrl":null,"fovHalfAngle":180,"frequencies":[453.275],"lawEnforcement":false}},{"type":"Feature","geometry":{"type":"Point","coordinates":[-80.20611111111111,33.03111111111111]},"properties":{"id":"fcc/WPYR317/33.03111,-80.20611","kind":"radio","brand":"Other","rawBrand":"FCC ULS","name":"SUMMERVILLE CPW (WPYR317)","operator":"SUMMERVILLE CPW","directions":[],"omni":true,"zone":null,"purpose":"Public-safety radio transmitter — SUMMERVILLE CPW, SUMMERVILLE","imageUrl":null,"fovHalfAngle":180,"frequencies":[453.275],"lawEnforcement":false}},{"type":"Feature","geometry":{"type":"Point","coordinates":[-80.16361111111112,32.96055555555556]},"properties":{"id":"fcc/WPYR317/32.96056,-80.16361","kind":"radio","brand":"Other","rawBrand":"FCC ULS","name":"SUMMERVILLE CPW (WPYR317)","operator":"SUMMERVILLE CPW","directions":[],"omni":true,"zone":null,"purpose":"Public-safety radio transmitter — SUMMERVILLE CPW, SUMMERVILLE","imageUrl":null,"fovHalfAngle":180,"frequencies":[453.275],"lawEnforcement":false}},{"type":"Feature","geometry":{"type":"Point","coordinates":[-82.72077777777778,34.88008333333333]},"properties":{"id":"fcc/WQBC932/34.88008,-82.72078","kind":"radio","brand":"Other","rawBrand":"FCC ULS","name":"Pickens Fire Department (WQBC932)","operator":"Pickens Fire Department","directions":[],"omni":true,"zone":null,"purpose":"Public-safety radio transmitter — Pickens Fire Department, PICKENS","imageUrl":null,"fovHalfAngle":180,"frequencies":[153.9125,156.105],"lawEnforcement":false}},{"type":"Feature","geometry":{"type":"Point","coordinates":[-80.7653611111111,32.39644444444444]},"properties":{"id":"fcc/WQBS681/32.39644,-80.76536","kind":"radio","brand":"Other","rawBrand":"FCC ULS","name":"Beaufort, County of (WQBS681)","operator":"Beaufort, County of","directions":[],"omni":true,"zone":null,"purpose":"Public-safety radio transmitter — Beaufort, County of, Beaufort","imageUrl":null,"fovHalfAngle":180,"frequencies":[1.62,1.64,1.69],"lawEnforcement":false}},{"type":"Feature","geometry":{"type":"Point","coordinates":[-80.76025,32.60088888888889]},"properties":{"id":"fcc/WQBS681/32.60089,-80.76025","kind":"radio","brand":"Other","rawBrand":"FCC ULS","name":"Beaufort, County of (WQBS681)","operator":"Beaufort, County of","directions":[],"omni":true,"zone":null,"purpose":"Public-safety radio transmitter — Beaufort, County of, Gardens Corner","imageUrl":null,"fovHalfAngle":180,"frequencies":[1.62,1.64,1.69],"lawEnforcement":false}},{"type":"Feature","geometry":{"type":"Point","coordinates":[-80.24702777777777,33.01266666666667]},"properties":{"id":"fcc/WQFR341/33.01267,-80.24703","kind":"radio","brand":"Other","rawBrand":"FCC ULS","name":"Dorchester County (WQFR341)","operator":"Dorchester County","directions":[],"omni":true,"zone":null,"purpose":"Public-safety radio transmitter — Dorchester County, SUMMERVILLE","imageUrl":null,"fovHalfAngle":180,"frequencies":[453.4],"lawEnforcement":false}},{"type":"Feature","geometry":{"type":"Point","coordinates":[-80.1128611111111,32.9285]},"properties":{"id":"fcc/WQFR341/32.92850,-80.11286","kind":"radio","brand":"Other","rawBrand":"FCC ULS","name":"Dorchester County (WQFR341)","operator":"Dorchester County","directions":[],"omni":true,"zone":null,"purpose":"Public-safety radio transmitter — Dorchester County, N. CHARLESTON","imageUrl":null,"fovHalfAngle":180,"frequencies":[453.4],"lawEnforcement":false}},{"type":"Feature","geometry":{"type":"Point","coordinates":[-80.25508333333333,32.94905555555555]},"properties":{"id":"fcc/WQFR341/32.94906,-80.25508","kind":"radio","brand":"Other","rawBrand":"FCC ULS","name":"Dorchester County (WQFR341)","operator":"Dorchester County","directions":[],"omni":true,"zone":null,"purpose":"Public-safety radio transmitter — Dorchester County, SUMMERVILLE","imageUrl":null,"fovHalfAngle":180,"frequencies":[453.4],"lawEnforcement":false}},{"type":"Feature","geometry":{"type":"Point","coordinates":[-80.18202777777778,33.00322222222222]},"properties":{"id":"fcc/WQFR341/33.00322,-80.18203","kind":"radio","brand":"Other","rawBrand":"FCC ULS","name":"Dorchester County (WQFR341)","operator":"Dorchester County","directions":[],"omni":true,"zone":null,"purpose":"Public-safety radio transmitter — Dorchester County, SUMMERVILLE","imageUrl":null,"fovHalfAngle":180,"frequencies":[453.4],"lawEnforcement":false}},{"type":"Feature","geometry":{"type":"Point","coordinates":[-80.12591666666665,32.94433333333333]},"properties":{"id":"fcc/WQFR341/32.94433,-80.12592","kind":"radio","brand":"Other","rawBrand":"FCC ULS","name":"Dorchester County (WQFR341)","operator":"Dorchester County","directions":[],"omni":true,"zone":null,"purpose":"Public-safety radio transmitter — Dorchester County, N. CHARLESTON","imageUrl":null,"fovHalfAngle":180,"frequencies":[453.4],"lawEnforcement":false}},{"type":"Feature","geometry":{"type":"Point","coordinates":[-80.12841666666667,32.927388888888885]},"properties":{"id":"fcc/WQFR341/32.92739,-80.12842","kind":"radio","brand":"Other","rawBrand":"FCC ULS","name":"Dorchester County (WQFR341)","operator":"Dorchester County","directions":[],"omni":true,"zone":null,"purpose":"Public-safety radio transmitter — Dorchester County, SUMMERVILLE","imageUrl":null,"fovHalfAngle":180,"frequencies":[453.4],"lawEnforcement":false}},{"type":"Feature","geometry":{"type":"Point","coordinates":[-80.9803888888889,32.48127777777778]},"properties":{"id":"fcc/WQFW478/32.48128,-80.98039","kind":"radio","brand":"Other","rawBrand":"FCC ULS","name":"RIDGELAND, TOWN OF (WQFW478)","operator":"RIDGELAND, TOWN OF","directions":[],"omni":true,"zone":null,"purpose":"Public-safety radio transmitter — RIDGELAND, TOWN OF, RIDGELAND","imageUrl":null,"fovHalfAngle":180,"frequencies":[155.835],"lawEnforcement":false}},{"type":"Feature","geometry":{"type":"Point","coordinates":[-82.41397222222223,34.78561111111111]},"properties":{"id":"fcc/WQHD779/34.78561,-82.41397","kind":"radio","brand":"Other","rawBrand":"FCC ULS","name":"GANTT FIRE DEPARTMENT (WQHD779)","operator":"GANTT FIRE DEPARTMENT","directions":[],"omni":true,"zone":null,"purpose":"Public-safety radio transmitter — GANTT FIRE DEPARTMENT, GREENVILLE","imageUrl":null,"fovHalfAngle":180,"frequencies":[159.045],"lawEnforcement":false}},{"type":"Feature","geometry":{"type":"Point","coordinates":[-80.20611111111111,33.588055555555556]},"properties":{"id":"fcc/WQHH264/33.58806,-80.20611","kind":"radio","brand":"Other","rawBrand":"FCC ULS","name":"South Carolina Aeronautics Commission (WQHH264)","operator":"South Carolina Aeronautics Commission","directions":[],"omni":true,"zone":null,"purpose":"Public-safety radio transmitter — South Carolina Aeronautics Commission, MANNING","imageUrl":null,"fovHalfAngle":180,"frequencies":[451.15],"lawEnforcement":false}},{"type":"Feature","geometry":{"type":"Point","coordinates":[-80.20666666666666,33.85527777777778]},"properties":{"id":"fcc/WQHH264/33.85528,-80.20667","kind":"radio","brand":"Other","rawBrand":"FCC ULS","name":"South Carolina Aeronautics Commission (WQHH264)","operator":"South Carolina Aeronautics Commission","directions":[],"omni":true,"zone":null,"purpose":"Public-safety radio transmitter — South Carolina Aeronautics Commission, MANNING","imageUrl":null,"fovHalfAngle":180,"frequencies":[451.15],"lawEnforcement":false}},{"type":"Feature","geometry":{"type":"Point","coordinates":[-82.49427777777778,34.61347222222222]},"properties":{"id":"fcc/WPLX486/34.61347,-82.49428","kind":"radio","brand":"Other","rawBrand":"FCC ULS","name":"WILLIAMSTON, TOWN OF (WPLX486)","operator":"WILLIAMSTON, TOWN OF","directions":[],"omni":true,"zone":null,"purpose":"Public-safety radio transmitter — WILLIAMSTON, TOWN OF, WILLAIMSTON","imageUrl":null,"fovHalfAngle":180,"frequencies":[151.16,153.86,155.85],"lawEnforcement":false}},{"type":"Feature","geometry":{"type":"Point","coordinates":[-80.04294444444444,34.57519444444445]},"properties":{"id":"fcc/WPPA632/34.57519,-80.04294","kind":"radio","brand":"Other","rawBrand":"FCC ULS","name":"PATRICK, TOWN OF (WPPA632)","operator":"PATRICK, TOWN OF","directions":[],"omni":true,"zone":null,"purpose":"Public-safety radio transmitter — PATRICK, TOWN OF, PATRICK","imageUrl":null,"fovHalfAngle":180,"frequencies":[150.805,154.205,154.34],"lawEnforcement":false}},{"type":"Feature","geometry":{"type":"Point","coordinates":[-80.96097222222222,33.74727777777778]},"properties":{"id":"fcc/KXG895/33.74728,-80.96097","kind":"radio","brand":"Other","rawBrand":"FCC ULS","name":"County of Lexington (KXG895)","operator":"County of Lexington","directions":[],"omni":true,"zone":null,"purpose":"Public-safety radio transmitter — County of Lexington, SWANSEA","imageUrl":null,"fovHalfAngle":180,"frequencies":[154.13,154.205,154.43,158.7825],"lawEnforcement":false}},{"type":"Feature","geometry":{"type":"Point","coordinates":[-81.9413888888889,33.611666666666665]},"properties":{"id":"fcc/KJD885/33.61167,-81.94139","kind":"radio","brand":"Other","rawBrand":"FCC ULS","name":"AIKEN, COUNTY OF (KJD885)","operator":"AIKEN, COUNTY OF","directions":[],"omni":true,"zone":null,"purpose":"Public-safety radio transmitter — AIKEN, COUNTY OF, MERIWETHER DIVISION","imageUrl":null,"fovHalfAngle":180,"frequencies":[154.055,158.88],"lawEnforcement":false}},{"type":"Feature","geometry":{"type":"Point","coordinates":[-81.3913888888889,33.39277777777778]},"properties":{"id":"fcc/KJD885/33.39278,-81.39139","kind":"radio","brand":"Other","rawBrand":"FCC ULS","name":"AIKEN, COUNTY OF (KJD885)","operator":"AIKEN, COUNTY OF","directions":[],"omni":true,"zone":null,"purpose":"Public-safety radio transmitter — AIKEN, COUNTY OF, WILLISTON","imageUrl":null,"fovHalfAngle":180,"frequencies":[154.055,158.88],"lawEnforcement":false}},{"type":"Feature","geometry":{"type":"Point","coordinates":[-82.28188888888889,34.99813888888889]},"properties":{"id":"fcc/WQKN313/34.99814,-82.28189","kind":"radio","brand":"Other","rawBrand":"FCC ULS","name":"LAKE CUNNINGHAM FIRE DEPARTMENT (WQKN313)","operator":"LAKE CUNNINGHAM FIRE DEPARTMENT","directions":[],"omni":true,"zone":null,"purpose":"Public-safety radio transmitter — LAKE CUNNINGHAM FIRE DEPARTMENT, GREER","imageUrl":null,"fovHalfAngle":180,"frequencies":[453.3375,458.3375,458.525],"lawEnforcement":false}},{"type":"Feature","geometry":{"type":"Point","coordinates":[-82.2888611111111,35.04066666666667]},"properties":{"id":"fcc/WQKN313/35.04067,-82.28886","kind":"radio","brand":"Other","rawBrand":"FCC ULS","name":"LAKE CUNNINGHAM FIRE DEPARTMENT (WQKN313)","operator":"LAKE CUNNINGHAM FIRE DEPARTMENT","directions":[],"omni":true,"zone":null,"purpose":"Public-safety radio transmitter — LAKE CUNNINGHAM FIRE DEPARTMENT, GREER","imageUrl":null,"fovHalfAngle":180,"frequencies":[453.3375,458.3375,458.525],"lawEnforcement":false}},{"type":"Feature","geometry":{"type":"Point","coordinates":[-82.276,34.98594444444444]},"properties":{"id":"fcc/WQKN313/34.98594,-82.27600","kind":"radio","brand":"Other","rawBrand":"FCC ULS","name":"LAKE CUNNINGHAM FIRE DEPARTMENT (WQKN313)","operator":"LAKE CUNNINGHAM FIRE DEPARTMENT","directions":[],"omni":true,"zone":null,"purpose":"Public-safety radio transmitter — LAKE CUNNINGHAM FIRE DEPARTMENT, GREER","imageUrl":null,"fovHalfAngle":180,"frequencies":[453.3375,458.3375,458.525],"lawEnforcement":false}},{"type":"Feature","geometry":{"type":"Point","coordinates":[-82.64977777777779,34.501444444444445]},"properties":{"id":"fcc/WQKV873/34.50144,-82.64978","kind":"radio","brand":"Other","rawBrand":"FCC ULS","name":"ANDERSON POLICE DEPARTMENT (WQKV873)","operator":"ANDERSON POLICE DEPARTMENT","directions":[],"omni":true,"zone":null,"purpose":"Law-enforcement radio transmitter — ANDERSON POLICE DEPARTMENT, ANDERSON","imageUrl":null,"fovHalfAngle":180,"frequencies":[2455.5],"lawEnforcement":true}},{"type":"Feature","geometry":{"type":"Point","coordinates":[-81.80816666666666,33.56347222222222]},"properties":{"id":"fcc/WQLB451/33.56347,-81.80817","kind":"radio","brand":"Other","rawBrand":"FCC ULS","name":"GRANITEVILLE VAUCLUSE WARRENVILE FIRE DEPT (WQLB451)","operator":"GRANITEVILLE VAUCLUSE WARRENVILE FIRE DEPT","directions":[],"omni":true,"zone":null,"purpose":"Public-safety radio transmitter — GRANITEVILLE VAUCLUSE WARRENVILE FIRE DEPT, GRANITEVILLE","imageUrl":null,"fovHalfAngle":180,"frequencies":[453.4,458.4],"lawEnforcement":false}},{"type":"Feature","geometry":{"type":"Point","coordinates":[-81.85955555555554,33.56875]},"properties":{"id":"fcc/WQLB451/33.56875,-81.85956","kind":"radio","brand":"Other","rawBrand":"FCC ULS","name":"GRANITEVILLE VAUCLUSE WARRENVILE FIRE DEPT (WQLB451)","operator":"GRANITEVILLE VAUCLUSE WARRENVILE FIRE DEPT","directions":[],"omni":true,"zone":null,"purpose":"Public-safety radio transmitter — GRANITEVILLE VAUCLUSE WARRENVILE FIRE DEPT, GRANITEVILLE","imageUrl":null,"fovHalfAngle":180,"frequencies":[453.4,458.4],"lawEnforcement":false}},{"type":"Feature","geometry":{"type":"Point","coordinates":[-80.71844444444444,32.37694444444445]},"properties":{"id":"fcc/WQBS681/32.37694,-80.71844","kind":"radio","brand":"Other","rawBrand":"FCC ULS","name":"Beaufort, County of (WQBS681)","operator":"Beaufort, County of","directions":[],"omni":true,"zone":null,"purpose":"Public-safety radio transmitter — Beaufort, County of, Beaufort","imageUrl":null,"fovHalfAngle":180,"frequencies":[1.62,1.64,1.69],"lawEnforcement":false}},{"type":"Feature","geometry":{"type":"Point","coordinates":[-82.42288888888889,34.853722222222224]},"properties":{"id":"fcc/WQNS311/34.85372,-82.42289","kind":"radio","brand":"Other","rawBrand":"FCC ULS","name":"GREENVILLE COUNTY ERT (WQNS311)","operator":"GREENVILLE COUNTY ERT","directions":[],"omni":true,"zone":null,"purpose":"Public-safety radio transmitter — GREENVILLE COUNTY ERT, GREENVILLE","imageUrl":null,"fovHalfAngle":180,"frequencies":[151.2875],"lawEnforcement":false}},{"type":"Feature","geometry":{"type":"Point","coordinates":[-81.27444444444444,35.13133333333333]},"properties":{"id":"fcc/WNMQ749/35.13133,-81.27444","kind":"radio","brand":"Other","rawBrand":"FCC ULS","name":"YORK, COUNTY OF (WNMQ749)","operator":"YORK, COUNTY OF","directions":[],"omni":true,"zone":null,"purpose":"Public-safety radio transmitter — YORK, COUNTY OF, CLOVER","imageUrl":null,"fovHalfAngle":180,"frequencies":[453.425,453.675,453.8,453.975,458.425,458.675,458.8,458.975],"lawEnforcement":false}},{"type":"Feature","geometry":{"type":"Point","coordinates":[-80.99172222222222,35.037277777777774]},"properties":{"id":"fcc/WNMQ749/35.03728,-80.99172","kind":"radio","brand":"Other","rawBrand":"FCC ULS","name":"YORK, COUNTY OF (WNMQ749)","operator":"YORK, COUNTY OF","directions":[],"omni":true,"zone":null,"purpose":"Public-safety radio transmitter — YORK, COUNTY OF, FORT MILL","imageUrl":null,"fovHalfAngle":180,"frequencies":[453.425,453.675,453.8,453.975,458.425,458.675,458.8,458.975],"lawEnforcement":false}},{"type":"Feature","geometry":{"type":"Point","coordinates":[-80.95944444444444,34.891666666666666]},"properties":{"id":"fcc/WNMQ749/34.89167,-80.95944","kind":"radio","brand":"Other","rawBrand":"FCC ULS","name":"YORK, COUNTY OF (WNMQ749)","operator":"YORK, COUNTY OF","directions":[],"omni":true,"zone":null,"purpose":"Public-safety radio transmitter — YORK, COUNTY OF, LESSLIE","imageUrl":null,"fovHalfAngle":180,"frequencies":[453.425,453.675,453.8,453.975,458.425,458.675,458.8,458.975],"lawEnforcement":false}},{"type":"Feature","geometry":{"type":"Point","coordinates":[-81.24069444444444,34.95566666666667]},"properties":{"id":"fcc/WNMQ749/34.95567,-81.24069","kind":"radio","brand":"Other","rawBrand":"FCC ULS","name":"YORK, COUNTY OF (WNMQ749)","operator":"YORK, COUNTY OF","directions":[],"omni":true,"zone":null,"purpose":"Public-safety radio transmitter — YORK, COUNTY OF, YORK","imageUrl":null,"fovHalfAngle":180,"frequencies":[453.425,453.675,453.8,453.975,458.425,458.675,458.8,458.975],"lawEnforcement":false}},{"type":"Feature","geometry":{"type":"Point","coordinates":[-80.03655555555555,33.00261111111111]},"properties":{"id":"fcc/WPBX620/33.00261,-80.03656","kind":"radio","brand":"Other","rawBrand":"FCC ULS","name":"Berkeley County Govt. (WPBX620)","operator":"Berkeley County Govt.","directions":[],"omni":true,"zone":null,"purpose":"Public-safety radio transmitter — Berkeley County Govt., GOOSE CREEK","imageUrl":null,"fovHalfAngle":180,"frequencies":[453.25,453.55,458.25,458.55,465.025],"lawEnforcement":false}},{"type":"Feature","geometry":{"type":"Point","coordinates":[-83.09052777777778,34.654944444444446]},"properties":{"id":"fcc/WPPF456/34.65494,-83.09053","kind":"radio","brand":"Other","rawBrand":"FCC ULS","name":"OCONEE, COUNTY OF (WPPF456)","operator":"OCONEE, COUNTY OF","directions":[],"omni":true,"zone":null,"purpose":"Public-safety radio transmitter — OCONEE, COUNTY OF, Westminster","imageUrl":null,"fovHalfAngle":180,"frequencies":[151.13,154.98,155.6475,155.835,158.8125,159.1875],"lawEnforcement":false}},{"type":"Feature","geometry":{"type":"Point","coordinates":[-79.71777777777778,33.48583333333333]},"properties":{"id":"fcc/WPPY927/33.48583,-79.71778","kind":"radio","brand":"Other","rawBrand":"FCC ULS","name":"WILLIAMSBURG, COUNTY OF (WPPY927)","operator":"WILLIAMSBURG, COUNTY OF","directions":[],"omni":true,"zone":null,"purpose":"Public-safety radio transmitter — WILLIAMSBURG, COUNTY OF, TRIO","imageUrl":null,"fovHalfAngle":180,"frequencies":[151.3025,154.07,154.235,154.325,156.1125],"lawEnforcement":false}},{"type":"Feature","geometry":{"type":"Point","coordinates":[-79.51405555555556,33.73019444444444]},"properties":{"id":"fcc/WPPY927/33.73019,-79.51406","kind":"radio","brand":"Other","rawBrand":"FCC ULS","name":"WILLIAMSBURG, COUNTY OF (WPPY927)","operator":"WILLIAMSBURG, COUNTY OF","directions":[],"omni":true,"zone":null,"purpose":"Public-safety radio transmitter — WILLIAMSBURG, COUNTY OF, STUCKEY","imageUrl":null,"fovHalfAngle":180,"frequencies":[151.3025,154.07,154.235,154.325,156.1125],"lawEnforcement":false}},{"type":"Feature","geometry":{"type":"Point","coordinates":[-79.76258333333334,33.89375]},"properties":{"id":"fcc/KIC802/33.89375,-79.76258","kind":"radio","brand":"Other","rawBrand":"FCC ULS","name":"SOUTH CAROLINA DEPARTMENT OF TRANSPORTATION (KIC802)","operator":"SOUTH CAROLINA DEPARTMENT OF TRANSPORTATION","directions":[],"omni":true,"zone":null,"purpose":"Public-safety radio transmitter — SOUTH CAROLINA DEPARTMENT OF TRANSPORTATION, LAKE CITY","imageUrl":null,"fovHalfAngle":180,"frequencies":[45.12,47.04,47.22,47.34],"lawEnforcement":false}},{"type":"Feature","geometry":{"type":"Point","coordinates":[-81.91277777777778,34.85722222222223]},"properties":{"id":"fcc/KIN589/34.85722,-81.91278","kind":"radio","brand":"Other","rawBrand":"FCC ULS","name":"Spartanburg County Communications / 9-1-1 (KIN589)","operator":"Spartanburg County Communications / 9-1-1","directions":[],"omni":true,"zone":null,"purpose":"Public-safety radio transmitter — Spartanburg County Communications / 9-1-1, SPARTANBURG","imageUrl":null,"fovHalfAngle":180,"frequencies":[154.31],"lawEnforcement":false}},{"type":"Feature","geometry":{"type":"Point","coordinates":[-81.97552777777778,34.999805555555554]},"properties":{"id":"fcc/WPLX236/34.99981,-81.97553","kind":"radio","brand":"Other","rawBrand":"FCC ULS","name":"University of South Carolina Division of Law Enforcement and Safety (WPLX236)","operator":"University of South Carolina Division of Law Enforcement and Safety","directions":[],"omni":true,"zone":null,"purpose":"Law-enforcement radio transmitter — University of South Carolina Division of Law Enforcement and Safety, SPARTANBURG","imageUrl":null,"fovHalfAngle":180,"frequencies":[453.6875,460.15,465.15],"lawEnforcement":true}},{"type":"Feature","geometry":{"type":"Point","coordinates":[-81.61866666666666,34.72325]},"properties":{"id":"fcc/KNDY251/34.72325,-81.61867","kind":"radio","brand":"Other","rawBrand":"FCC ULS","name":"CITY OF UNION (KNDY251)","operator":"CITY OF UNION","directions":[],"omni":true,"zone":null,"purpose":"Public-safety radio transmitter — CITY OF UNION, UNION","imageUrl":null,"fovHalfAngle":180,"frequencies":[153.875,154.0475,159.24],"lawEnforcement":false}},{"type":"Feature","geometry":{"type":"Point","coordinates":[-79.81,33.04222222222222]},"properties":{"id":"fcc/KIJ479/33.04222,-79.81000","kind":"radio","brand":"Other","rawBrand":"FCC ULS","name":"SOUTH CAROLINA DEPARTMENT OF TRANSPORTATION (KIJ479)","operator":"SOUTH CAROLINA DEPARTMENT OF TRANSPORTATION","directions":[],"omni":true,"zone":null,"purpose":"Public-safety radio transmitter — SOUTH CAROLINA DEPARTMENT OF TRANSPORTATION, HUGER","imageUrl":null,"fovHalfAngle":180,"frequencies":[45.64,47.28,47.34],"lawEnforcement":false}},{"type":"Feature","geometry":{"type":"Point","coordinates":[-81.58591666666666,35.04736111111111]},"properties":{"id":"fcc/KIJ274/35.04736,-81.58592","kind":"radio","brand":"Other","rawBrand":"FCC ULS","name":"South Carolina Forestry Commission (KIJ274)","operator":"South Carolina Forestry Commission","directions":[],"omni":true,"zone":null,"purpose":"Public-safety radio transmitter — South Carolina Forestry Commission, GAFFNEY","imageUrl":null,"fovHalfAngle":180,"frequencies":[151.145,151.175,159.225,159.27,159.405],"lawEnforcement":false}},{"type":"Feature","geometry":{"type":"Point","coordinates":[-80.06063888888889,33.03488888888889]},"properties":{"id":"fcc/KNBP864/33.03489,-80.06064","kind":"radio","brand":"Other","rawBrand":"FCC ULS","name":"GOOSE CREEK CITY OF (KNBP864)","operator":"GOOSE CREEK CITY OF","directions":[],"omni":true,"zone":null,"purpose":"Public-safety radio transmitter — GOOSE CREEK CITY OF, GOOSE CREEK","imageUrl":null,"fovHalfAngle":180,"frequencies":[154.235,156.06],"lawEnforcement":false}},{"type":"Feature","geometry":{"type":"Point","coordinates":[-80.50822222222222,32.41327777777778]},"properties":{"id":"fcc/WQBS681/32.41328,-80.50822","kind":"radio","brand":"Other","rawBrand":"FCC ULS","name":"Beaufort, County of (WQBS681)","operator":"Beaufort, County of","directions":[],"omni":true,"zone":null,"purpose":"Public-safety radio transmitter — Beaufort, County of, Beaufort","imageUrl":null,"fovHalfAngle":180,"frequencies":[1.62,1.64,1.69],"lawEnforcement":false}},{"type":"Feature","geometry":{"type":"Point","coordinates":[-81.92844444444445,34.949555555555555]},"properties":{"id":"fcc/WQXW364/34.94956,-81.92844","kind":"radio","brand":"Other","rawBrand":"FCC ULS","name":"SPARTANBURG COUNTY COMMUNICATIONS  9-1-1 (WQXW364)","operator":"SPARTANBURG COUNTY COMMUNICATIONS  9-1-1","directions":[],"omni":true,"zone":null,"purpose":"Public-safety radio transmitter — SPARTANBURG COUNTY COMMUNICATIONS  9-1-1, SPARTANBURG","imageUrl":null,"fovHalfAngle":180,"frequencies":[153.8825,155.7975],"lawEnforcement":false}},{"type":"Feature","geometry":{"type":"Point","coordinates":[-81.49583333333334,33.92755555555555]},"properties":{"id":"fcc/KXG895/33.92756,-81.49583","kind":"radio","brand":"Other","rawBrand":"FCC ULS","name":"County of Lexington (KXG895)","operator":"County of Lexington","directions":[],"omni":true,"zone":null,"purpose":"Public-safety radio transmitter — County of Lexington, Leesville","imageUrl":null,"fovHalfAngle":180,"frequencies":[154.13,154.205,154.43,158.7825],"lawEnforcement":false}},{"type":"Feature","geometry":{"type":"Point","coordinates":[-81.11527777777778,33.81361111111111]},"properties":{"id":"fcc/KXG895/33.81361,-81.11528","kind":"radio","brand":"Other","rawBrand":"FCC ULS","name":"County of Lexington (KXG895)","operator":"County of Lexington","directions":[],"omni":true,"zone":null,"purpose":"Public-safety radio transmitter — County of Lexington, GASTON","imageUrl":null,"fovHalfAngle":180,"frequencies":[154.13,154.205,154.43,158.7825],"lawEnforcement":false}},{"type":"Feature","geometry":{"type":"Point","coordinates":[-82.71833333333333,34.385]},"properties":{"id":"fcc/KDA393/34.38500,-82.71833","kind":"radio","brand":"Other","rawBrand":"FCC ULS","name":"Anderson County Fire Department (KDA393)","operator":"Anderson County Fire Department","directions":[],"omni":true,"zone":null,"purpose":"Public-safety radio transmitter — Anderson County Fire Department, ANDERSON","imageUrl":null,"fovHalfAngle":180,"frequencies":[153.95,154.385,155.9025],"lawEnforcement":false}},{"type":"Feature","geometry":{"type":"Point","coordinates":[-82.67930555555556,34.59608333333333]},"properties":{"id":"fcc/KDA393/34.59608,-82.67931","kind":"radio","brand":"Other","rawBrand":"FCC ULS","name":"Anderson County Fire Department (KDA393)","operator":"Anderson County Fire Department","directions":[],"omni":true,"zone":null,"purpose":"Public-safety radio transmitter — Anderson County Fire Department, ANDERSON","imageUrl":null,"fovHalfAngle":180,"frequencies":[153.95,154.385,155.9025],"lawEnforcement":false}},{"type":"Feature","geometry":{"type":"Point","coordinates":[-82.55805555555555,34.54972222222222]},"properties":{"id":"fcc/KDA393/34.54972,-82.55806","kind":"radio","brand":"Other","rawBrand":"FCC ULS","name":"Anderson County Fire Department (KDA393)","operator":"Anderson County Fire Department","directions":[],"omni":true,"zone":null,"purpose":"Public-safety radio transmitter — Anderson County Fire Department, ANDERSON","imageUrl":null,"fovHalfAngle":180,"frequencies":[153.95,154.385,155.9025],"lawEnforcement":false}},{"type":"Feature","geometry":{"type":"Point","coordinates":[-79.91933333333334,34.695361111111104]},"properties":{"id":"fcc/WRBU207/34.69536,-79.91933","kind":"radio","brand":"Other","rawBrand":"FCC ULS","name":"McLeod Health Cheraw (WRBU207)","operator":"McLeod Health Cheraw","directions":[],"omni":true,"zone":null,"purpose":"Public-safety radio transmitter — McLeod Health Cheraw, Cheraw","imageUrl":null,"fovHalfAngle":180,"frequencies":[453.1625,458.1625],"lawEnforcement":false}},{"type":"Feature","geometry":{"type":"Point","coordinates":[-81.30761111111111,35.064388888888885]},"properties":{"id":"fcc/WNAC200/35.06439,-81.30761","kind":"radio","brand":"Other","rawBrand":"FCC ULS","name":"YORK, COUNTY OF (WNAC200)","operator":"YORK, COUNTY OF","directions":[],"omni":true,"zone":null,"purpose":"Public-safety radio transmitter — YORK, COUNTY OF, CLOVER","imageUrl":null,"fovHalfAngle":180,"frequencies":[151.2425,153.7925,154.725,154.8,155.61,156.15,158.73,158.7525,158.8575],"lawEnforcement":false}},{"type":"Feature","geometry":{"type":"Point","coordinates":[-80.92361111111111,34.986666666666665]},"properties":{"id":"fcc/WNAC200/34.98667,-80.92361","kind":"radio","brand":"Other","rawBrand":"FCC ULS","name":"YORK, COUNTY OF (WNAC200)","operator":"YORK, COUNTY OF","directions":[],"omni":true,"zone":null,"purpose":"Public-safety radio transmitter — YORK, COUNTY OF, FORT MILL","imageUrl":null,"fovHalfAngle":180,"frequencies":[151.2425,153.7925,154.725,154.8,155.61,156.15,158.73,158.7525,158.8575],"lawEnforcement":false}},{"type":"Feature","geometry":{"type":"Point","coordinates":[-81.62208333333332,34.71125]},"properties":{"id":"fcc/WREP880/34.71125,-81.62208","kind":"radio","brand":"Other","rawBrand":"FCC ULS","name":"UNION COUNTY EMERGENCY SERVICES (WREP880)","operator":"UNION COUNTY EMERGENCY SERVICES","directions":[],"omni":true,"zone":null,"purpose":"Public-safety radio transmitter — UNION COUNTY EMERGENCY SERVICES, UNION","imageUrl":null,"fovHalfAngle":180,"frequencies":[151.01,155.865],"lawEnforcement":false}},{"type":"Feature","geometry":{"type":"Point","coordinates":[-81.63591666666667,34.759]},"properties":{"id":"fcc/WREP880/34.75900,-81.63592","kind":"radio","brand":"Other","rawBrand":"FCC ULS","name":"UNION COUNTY EMERGENCY SERVICES (WREP880)","operator":"UNION COUNTY EMERGENCY SERVICES","directions":[],"omni":true,"zone":null,"purpose":"Public-safety radio transmitter — UNION COUNTY EMERGENCY SERVICES, UNION","imageUrl":null,"fovHalfAngle":180,"frequencies":[151.01,155.865],"lawEnforcement":false}},{"type":"Feature","geometry":{"type":"Point","coordinates":[-83.00027777777778,34.73988888888889]},"properties":{"id":"fcc/WRFZ214/34.73989,-83.00028","kind":"radio","brand":"Other","rawBrand":"FCC ULS","name":"WALHALLA, CITY OF (WRFZ214)","operator":"WALHALLA, CITY OF","directions":[],"omni":true,"zone":null,"purpose":"Public-safety radio transmitter — WALHALLA, CITY OF, WEST UNION","imageUrl":null,"fovHalfAngle":180,"frequencies":[154.4713],"lawEnforcement":false}},{"type":"Feature","geometry":{"type":"Point","coordinates":[-83.0171388888889,34.735305555555556]},"properties":{"id":"fcc/WRFZ214/34.73531,-83.01714","kind":"radio","brand":"Other","rawBrand":"FCC ULS","name":"WALHALLA, CITY OF (WRFZ214)","operator":"WALHALLA, CITY OF","directions":[],"omni":true,"zone":null,"purpose":"Public-safety radio transmitter — WALHALLA, CITY OF, WEST UNION","imageUrl":null,"fovHalfAngle":180,"frequencies":[154.4713],"lawEnforcement":false}},{"type":"Feature","geometry":{"type":"Point","coordinates":[-82.82855555555555,34.41308333333333]},"properties":{"id":"fcc/WRJV868/34.41308,-82.82856","kind":"radio","brand":"Other","rawBrand":"FCC ULS","name":"State of South Carolina (WRJV868)","operator":"State of South Carolina","directions":[],"omni":true,"zone":null,"purpose":"Public-safety radio transmitter — State of South Carolina, Anderson","imageUrl":null,"fovHalfAngle":180,"frequencies":[453.2375,458.2375],"lawEnforcement":false}},{"type":"Feature","geometry":{"type":"Point","coordinates":[-79.94527777777778,34.64611111111111]},"properties":{"id":"fcc/KON307/34.64611,-79.94528","kind":"radio","brand":"Other","rawBrand":"FCC ULS","name":"CHESTERFIELD, COUNTY OF (KON307)","operator":"CHESTERFIELD, COUNTY OF","directions":[],"omni":true,"zone":null,"purpose":"Public-safety radio transmitter — CHESTERFIELD, COUNTY OF, CHERAW","imageUrl":null,"fovHalfAngle":180,"frequencies":[460.175,460.35],"lawEnforcement":false}},{"type":"Feature","geometry":{"type":"Point","coordinates":[-80.25791666666667,34.467333333333336]},"properties":{"id":"fcc/KON307/34.46733,-80.25792","kind":"radio","brand":"Other","rawBrand":"FCC ULS","name":"CHESTERFIELD, COUNTY OF (KON307)","operator":"CHESTERFIELD, COUNTY OF","directions":[],"omni":true,"zone":null,"purpose":"Public-safety radio transmitter — CHESTERFIELD, COUNTY OF, MCBEE","imageUrl":null,"fovHalfAngle":180,"frequencies":[460.175,460.35],"lawEnforcement":false}},{"type":"Feature","geometry":{"type":"Point","coordinates":[-80.09305555555555,34.72166666666667]},"properties":{"id":"fcc/KON307/34.72167,-80.09306","kind":"radio","brand":"Other","rawBrand":"FCC ULS","name":"CHESTERFIELD, COUNTY OF (KON307)","operator":"CHESTERFIELD, COUNTY OF","directions":[],"omni":true,"zone":null,"purpose":"Public-safety radio transmitter — CHESTERFIELD, COUNTY OF, CHESTERFIELD","imageUrl":null,"fovHalfAngle":180,"frequencies":[460.175,460.35],"lawEnforcement":false}},{"type":"Feature","geometry":{"type":"Point","coordinates":[-82.37680555555555,34.754888888888885]},"properties":{"id":"fcc/WRMC441/34.75489,-82.37681","kind":"radio","brand":"Other","rawBrand":"FCC ULS","name":"SC TECHNOLOGY & AVIATION CENTER (WRMC441)","operator":"SC TECHNOLOGY & AVIATION CENTER","directions":[],"omni":true,"zone":null,"purpose":"Public-safety radio transmitter — SC TECHNOLOGY & AVIATION CENTER, GREENVILLE","imageUrl":null,"fovHalfAngle":180,"frequencies":[453.4125],"lawEnforcement":false}},{"type":"Feature","geometry":{"type":"Point","coordinates":[-82.37477777777777,34.75655555555556]},"properties":{"id":"fcc/WRMC441/34.75656,-82.37478","kind":"radio","brand":"Other","rawBrand":"FCC ULS","name":"SC TECHNOLOGY & AVIATION CENTER (WRMC441)","operator":"SC TECHNOLOGY & AVIATION CENTER","directions":[],"omni":true,"zone":null,"purpose":"Public-safety radio transmitter — SC TECHNOLOGY & AVIATION CENTER, GREENVILLE","imageUrl":null,"fovHalfAngle":180,"frequencies":[453.4125],"lawEnforcement":false}},{"type":"Feature","geometry":{"type":"Point","coordinates":[-79.75166666666667,34.25666666666667]},"properties":{"id":"fcc/KIE951/34.25667,-79.75167","kind":"radio","brand":"Other","rawBrand":"FCC ULS","name":"SOUTH CAROLINA FORESTRY COMMISSION (KIE951)","operator":"SOUTH CAROLINA FORESTRY COMMISSION","directions":[],"omni":true,"zone":null,"purpose":"Public-safety radio transmitter — SOUTH CAROLINA FORESTRY COMMISSION, FLORENCE","imageUrl":null,"fovHalfAngle":180,"frequencies":[31.78,151.175,151.19,151.205,151.22,151.2275,151.235,151.265,151.28,151.355,151.385,151.3925,151.4,151.46,151.4825,159.225,159.255,159.27,159.285,159.3,159.375,159.39,159.405,159.45],"lawEnforcement":false}},{"type":"Feature","geometry":{"type":"Point","coordinates":[-81.35388888888889,33.24886111111111]},"properties":{"id":"fcc/KYO410/33.24886,-81.35389","kind":"radio","brand":"Other","rawBrand":"FCC ULS","name":"BARNWELL, COUNTY OF (KYO410)","operator":"BARNWELL, COUNTY OF","directions":[],"omni":true,"zone":null,"purpose":"Public-safety radio transmitter — BARNWELL, COUNTY OF, Barnwell","imageUrl":null,"fovHalfAngle":180,"frequencies":[453.15,453.175,453.8,458.15,458.8,460.025,465.025],"lawEnforcement":false}},{"type":"Feature","geometry":{"type":"Point","coordinates":[-81.35447222222221,33.24827777777778]},"properties":{"id":"fcc/KYO410/33.24828,-81.35447","kind":"radio","brand":"Other","rawBrand":"FCC ULS","name":"BARNWELL, COUNTY OF (KYO410)","operator":"BARNWELL, COUNTY OF","directions":[],"omni":true,"zone":null,"purpose":"Public-safety radio transmitter — BARNWELL, COUNTY OF, Barnwell","imageUrl":null,"fovHalfAngle":180,"frequencies":[453.15,453.175,453.8,458.15,458.8,460.025,465.025],"lawEnforcement":false}},{"type":"Feature","geometry":{"type":"Point","coordinates":[-82.16775,34.372194444444446]},"properties":{"id":"fcc/WRPU214/34.37219,-82.16775","kind":"radio","brand":"Other","rawBrand":"FCC ULS","name":"SOUTH CAROLINA EMERGENCY MANAGEMENT DIVISION (WRPU214)","operator":"SOUTH CAROLINA EMERGENCY MANAGEMENT DIVISION","directions":[],"omni":true,"zone":null,"purpose":"Public-safety radio transmitter — SOUTH CAROLINA EMERGENCY MANAGEMENT DIVISION, WARE SHOALS","imageUrl":null,"fovHalfAngle":180,"frequencies":[44.72],"lawEnforcement":false}},{"type":"Feature","geometry":{"type":"Point","coordinates":[-81.63591666666667,34.759]},"properties":{"id":"fcc/WRTF361/34.75900,-81.63592","kind":"radio","brand":"Other","rawBrand":"FCC ULS","name":"UNION, COUNTY OF (WRTF361)","operator":"UNION, COUNTY OF","directions":[],"omni":true,"zone":null,"purpose":"Public-safety radio transmitter — UNION, COUNTY OF, UNION","imageUrl":null,"fovHalfAngle":180,"frequencies":[154.65,155.01,155.43,155.535],"lawEnforcement":false}},{"type":"Feature","geometry":{"type":"Point","coordinates":[-80.60255555555555,34.34458333333333]},"properties":{"id":"fcc/WRTK912/34.34458,-80.60256","kind":"radio","brand":"Other","rawBrand":"FCC ULS","name":"KERSHAW, COUNTY OF (WRTK912)","operator":"KERSHAW, COUNTY OF","directions":[],"omni":true,"zone":null,"purpose":"Public-safety radio transmitter — KERSHAW, COUNTY OF, Camden","imageUrl":null,"fovHalfAngle":180,"frequencies":[153.755,153.86,155.985,156.21],"lawEnforcement":false}},{"type":"Feature","geometry":{"type":"Point","coordinates":[-80.57555555555555,34.272083333333335]},"properties":{"id":"fcc/WRTK912/34.27208,-80.57556","kind":"radio","brand":"Other","rawBrand":"FCC ULS","name":"KERSHAW, COUNTY OF (WRTK912)","operator":"KERSHAW, COUNTY OF","directions":[],"omni":true,"zone":null,"purpose":"Public-safety radio transmitter — KERSHAW, COUNTY OF, CAMDEN","imageUrl":null,"fovHalfAngle":180,"frequencies":[153.755,153.86,155.985,156.21],"lawEnforcement":false}},{"type":"Feature","geometry":{"type":"Point","coordinates":[-80.23227777777778,33.699888888888886]},"properties":{"id":"fcc/KOM758/33.69989,-80.23228","kind":"radio","brand":"Other","rawBrand":"FCC ULS","name":"CLARENDON COUNTY FIRE DISTRICT (KOM758)","operator":"CLARENDON COUNTY FIRE DISTRICT","directions":[],"omni":true,"zone":null,"purpose":"Public-safety radio transmitter — CLARENDON COUNTY FIRE DISTRICT, Manning","imageUrl":null,"fovHalfAngle":180,"frequencies":[150.79,153.77,154.37,155.4],"lawEnforcement":false}},{"type":"Feature","geometry":{"type":"Point","coordinates":[-83.091,34.72813888888889]},"properties":{"id":"fcc/WPCK957/34.72814,-83.09100","kind":"radio","brand":"Other","rawBrand":"FCC ULS","name":"OCONEE, COUNTY OF (WPCK957)","operator":"OCONEE, COUNTY OF","directions":[],"omni":true,"zone":null,"purpose":"Public-safety radio transmitter — OCONEE, COUNTY OF, WALHALLA","imageUrl":null,"fovHalfAngle":180,"frequencies":[453.3375,458.3375],"lawEnforcement":false}},{"type":"Feature","geometry":{"type":"Point","coordinates":[-81.24841666666667,34.99875]},"properties":{"id":"fcc/WPFJ587/34.99875,-81.24842","kind":"radio","brand":"Other","rawBrand":"FCC ULS","name":"SC Emergency Management Division (WPFJ587)","operator":"SC Emergency Management Division","directions":[],"omni":true,"zone":null,"purpose":"Public-safety radio transmitter — SC Emergency Management Division, ROCKHILL","imageUrl":null,"fovHalfAngle":180,"frequencies":[2.3274,2.4234,2.5124,5.1364,7.4814,7.9334],"lawEnforcement":false}},{"type":"Feature","geometry":{"type":"Point","coordinates":[-81.08647222222221,33.526805555555555]},"properties":{"id":"fcc/WPCM635/33.52681,-81.08647","kind":"radio","brand":"Other","rawBrand":"FCC ULS","name":"South Carolina Forestry Commission (WPCM635)","operator":"South Carolina Forestry Commission","directions":[],"omni":true,"zone":null,"purpose":"Public-safety radio transmitter — South Carolina Forestry Commission, NEESES","imageUrl":null,"fovHalfAngle":180,"frequencies":[151.19,159.42,159.45],"lawEnforcement":false}},{"type":"Feature","geometry":{"type":"Point","coordinates":[-81.96177777777778,33.50597222222222]},"properties":{"id":"fcc/WPCK951/33.50597,-81.96178","kind":"radio","brand":"Other","rawBrand":"FCC ULS","name":"NORTH AUGUSTA, CITY OF (WPCK951)","operator":"NORTH AUGUSTA, CITY OF","directions":[],"omni":true,"zone":null,"purpose":"Public-safety radio transmitter — NORTH AUGUSTA, CITY OF, NORTH AUGUSTA","imageUrl":null,"fovHalfAngle":180,"frequencies":[460.4,465.4],"lawEnforcement":false}},{"type":"Feature","geometry":{"type":"Point","coordinates":[-78.88225,33.69211111111111]},"properties":{"id":"fcc/WPLS360/33.69211,-78.88225","kind":"radio","brand":"Other","rawBrand":"FCC ULS","name":"MYRTLE BEACH, CITY OF (WPLS360)","operator":"MYRTLE BEACH, CITY OF","directions":[],"omni":true,"zone":null,"purpose":"Public-safety radio transmitter — MYRTLE BEACH, CITY OF, HORRY","imageUrl":null,"fovHalfAngle":180,"frequencies":[2455.5,2467.5,2478.5],"lawEnforcement":false}},{"type":"Feature","geometry":{"type":"Point","coordinates":[-82.68347222222222,34.532333333333334]},"properties":{"id":"fcc/WPAN380/34.53233,-82.68347","kind":"radio","brand":"Other","rawBrand":"FCC ULS","name":"ANDERSON, COUNTY OF (WPAN380)","operator":"ANDERSON, COUNTY OF","directions":[],"omni":true,"zone":null,"purpose":"Public-safety radio transmitter — ANDERSON, COUNTY OF, ANDERSON","imageUrl":null,"fovHalfAngle":180,"frequencies":[154.295],"lawEnforcement":false}},{"type":"Feature","geometry":{"type":"Point","coordinates":[-80.12025,34.40475]},"properties":{"id":"fcc/WPTF786/34.40475,-80.12025","kind":"radio","brand":"Other","rawBrand":"FCC ULS","name":"HARTSVILLE, CITY OF (WPTF786)","operator":"HARTSVILLE, CITY OF","directions":[],"omni":true,"zone":null,"purpose":"Public-safety radio transmitter — HARTSVILLE, CITY OF, HARTSVILLE","imageUrl":null,"fovHalfAngle":180,"frequencies":[453.475],"lawEnforcement":false}},{"type":"Feature","geometry":{"type":"Point","coordinates":[-80.115,34.40863888888889]},"properties":{"id":"fcc/WPTF786/34.40864,-80.11500","kind":"radio","brand":"Other","rawBrand":"FCC ULS","name":"HARTSVILLE, CITY OF (WPTF786)","operator":"HARTSVILLE, CITY OF","directions":[],"omni":true,"zone":null,"purpose":"Public-safety radio transmitter — HARTSVILLE, CITY OF, HARTSVILLE","imageUrl":null,"fovHalfAngle":180,"frequencies":[453.475],"lawEnforcement":false}},{"type":"Feature","geometry":{"type":"Point","coordinates":[-82.60877777777777,34.83255555555556]},"properties":{"id":"fcc/WPUF767/34.83256,-82.60878","kind":"radio","brand":"Other","rawBrand":"FCC ULS","name":"EASLEY POLICE DEPT (WPUF767)","operator":"EASLEY POLICE DEPT","directions":[],"omni":true,"zone":null,"purpose":"Law-enforcement radio transmitter — EASLEY POLICE DEPT, EASLEY","imageUrl":null,"fovHalfAngle":180,"frequencies":[453.6125,458.6125,460.2125,465.2125],"lawEnforcement":true}},{"type":"Feature","geometry":{"type":"Point","coordinates":[-81.76538888888889,33.57458333333334]},"properties":{"id":"fcc/WPUN398/33.57458,-81.76539","kind":"radio","brand":"Other","rawBrand":"FCC ULS","name":"SOUTH CAROLINA, STATE OF (WPUN398)","operator":"SOUTH CAROLINA, STATE OF","directions":[],"omni":true,"zone":null,"purpose":"Public-safety radio transmitter — SOUTH CAROLINA, STATE OF, AIKEN","imageUrl":null,"fovHalfAngle":180,"frequencies":[453.85,458.675,458.85],"lawEnforcement":false}},{"type":"Feature","geometry":{"type":"Point","coordinates":[-82.23975,34.394194444444445]},"properties":{"id":"fcc/WPWK997/34.39419,-82.23975","kind":"radio","brand":"Other","rawBrand":"FCC ULS","name":"WARE SHOALS CITY OF (WPWK997)","operator":"WARE SHOALS CITY OF","directions":[],"omni":true,"zone":null,"purpose":"Public-safety radio transmitter — WARE SHOALS CITY OF, WARE SHOALS","imageUrl":null,"fovHalfAngle":180,"frequencies":[150.775,155.355],"lawEnforcement":false}},{"type":"Feature","geometry":{"type":"Point","coordinates":[-80.16666666666667,34.5]},"properties":{"id":"fcc/WPYF772/34.50000,-80.16667","kind":"radio","brand":"Other","rawBrand":"FCC ULS","name":"CHESTERFIELD, COUNTY OF (WPYF772)","operator":"CHESTERFIELD, COUNTY OF","directions":[],"omni":true,"zone":null,"purpose":"Public-safety radio transmitter — CHESTERFIELD, COUNTY OF, CHESTERFIELD","imageUrl":null,"fovHalfAngle":180,"frequencies":[154.385],"lawEnforcement":false}},{"type":"Feature","geometry":{"type":"Point","coordinates":[-79.74288888888888,34.280027777777775]},"properties":{"id":"fcc/WPYJ830/34.28003,-79.74289","kind":"radio","brand":"Other","rawBrand":"FCC ULS","name":"SOUTH CAROLINA EMERGENCY MANAGEMENT DIVISION (WPYJ830)","operator":"SOUTH CAROLINA EMERGENCY MANAGEMENT DIVISION","directions":[],"omni":true,"zone":null,"purpose":"Public-safety radio transmitter — SOUTH CAROLINA EMERGENCY MANAGEMENT DIVISION, FLORENCE","imageUrl":null,"fovHalfAngle":180,"frequencies":[45.08,45.48,46.4],"lawEnforcement":false}},{"type":"Feature","geometry":{"type":"Point","coordinates":[-80.82416666666666,33.543055555555554]},"properties":{"id":"fcc/WPYJ830/33.54306,-80.82417","kind":"radio","brand":"Other","rawBrand":"FCC ULS","name":"SOUTH CAROLINA EMERGENCY MANAGEMENT DIVISION (WPYJ830)","operator":"SOUTH CAROLINA EMERGENCY MANAGEMENT DIVISION","directions":[],"omni":true,"zone":null,"purpose":"Public-safety radio transmitter — SOUTH CAROLINA EMERGENCY MANAGEMENT DIVISION, ORANGEBURG","imageUrl":null,"fovHalfAngle":180,"frequencies":[45.08,45.48,46.4],"lawEnforcement":false}},{"type":"Feature","geometry":{"type":"Point","coordinates":[-80.84777777777778,32.22694444444445]},"properties":{"id":"fcc/WQAF870/32.22694,-80.84778","kind":"radio","brand":"Other","rawBrand":"FCC ULS","name":"HILTON HEAD ISLAND TOWN OF (WQAF870)","operator":"HILTON HEAD ISLAND TOWN OF","directions":[],"omni":true,"zone":null,"purpose":"Public-safety radio transmitter — HILTON HEAD ISLAND TOWN OF, BLUFFTON","imageUrl":null,"fovHalfAngle":180,"frequencies":[453.4375,458.4375],"lawEnforcement":false}},{"type":"Feature","geometry":{"type":"Point","coordinates":[-80.76666666666667,32.166666666666664]},"properties":{"id":"fcc/WQAF870/32.16667,-80.76667","kind":"radio","brand":"Other","rawBrand":"FCC ULS","name":"HILTON HEAD ISLAND TOWN OF (WQAF870)","operator":"HILTON HEAD ISLAND TOWN OF","directions":[],"omni":true,"zone":null,"purpose":"Public-safety radio transmitter — HILTON HEAD ISLAND TOWN OF, HILTON HEAD ISLAND","imageUrl":null,"fovHalfAngle":180,"frequencies":[453.4375,458.4375],"lawEnforcement":false}},{"type":"Feature","geometry":{"type":"Point","coordinates":[-80.74591666666667,33.68458333333333]},"properties":{"id":"fcc/WQAU707/33.68458,-80.74592","kind":"radio","brand":"Other","rawBrand":"FCC ULS","name":"CALHOUN, COUNTY OF (WQAU707)","operator":"CALHOUN, COUNTY OF","directions":[],"omni":true,"zone":null,"purpose":"Public-safety radio transmitter — CALHOUN, COUNTY OF, ST MATTHEWS","imageUrl":null,"fovHalfAngle":180,"frequencies":[151.025,154.0175,156.045,158.8875],"lawEnforcement":false}},{"type":"Feature","geometry":{"type":"Point","coordinates":[-80.60291666666666,34.24572222222222]},"properties":{"id":"fcc/WQBD505/34.24572,-80.60292","kind":"radio","brand":"Other","rawBrand":"FCC ULS","name":"CAMDEN, CITY OF (WQBD505)","operator":"CAMDEN, CITY OF","directions":[],"omni":true,"zone":null,"purpose":"Public-safety radio transmitter — CAMDEN, CITY OF, CAMDEN","imageUrl":null,"fovHalfAngle":180,"frequencies":[154.145,154.325],"lawEnforcement":false}},{"type":"Feature","geometry":{"type":"Point","coordinates":[-81.28388888888888,33.97083333333334]},"properties":{"id":"fcc/WQCC998/33.97083,-81.28389","kind":"radio","brand":"Other","rawBrand":"FCC ULS","name":"COUNTY OF LEXINGTON (WQCC998)","operator":"COUNTY OF LEXINGTON","directions":[],"omni":true,"zone":null,"purpose":"Public-safety radio transmitter — COUNTY OF LEXINGTON, LEXINGTON","imageUrl":null,"fovHalfAngle":180,"frequencies":[460.1,465.1,2474],"lawEnforcement":false}},{"type":"Feature","geometry":{"type":"Point","coordinates":[-82.16261111111112,34.18872222222222]},"properties":{"id":"fcc/WQDV867/34.18872,-82.16261","kind":"radio","brand":"Other","rawBrand":"FCC ULS","name":"GREENWOOD, COUNTY OF (WQDV867)","operator":"GREENWOOD, COUNTY OF","directions":[],"omni":true,"zone":null,"purpose":"Public-safety radio transmitter — GREENWOOD, COUNTY OF, GREENWOOD","imageUrl":null,"fovHalfAngle":180,"frequencies":[453.525,458.525],"lawEnforcement":false}},{"type":"Feature","geometry":{"type":"Point","coordinates":[-79.77955555555556,32.89822222222222]},"properties":{"id":"fcc/WQFH784/32.89822,-79.77956","kind":"radio","brand":"Other","rawBrand":"FCC ULS","name":"CHARLESTON COUNTY AVIATION AUTHORITY (WQFH784)","operator":"CHARLESTON COUNTY AVIATION AUTHORITY","directions":[],"omni":true,"zone":null,"purpose":"Public-safety radio transmitter — CHARLESTON COUNTY AVIATION AUTHORITY, MOUNT PLEASANT","imageUrl":null,"fovHalfAngle":180,"frequencies":[460.0625],"lawEnforcement":false}},{"type":"Feature","geometry":{"type":"Point","coordinates":[-79.78033333333333,32.89825]},"properties":{"id":"fcc/WQFH784/32.89825,-79.78033","kind":"radio","brand":"Other","rawBrand":"FCC ULS","name":"CHARLESTON COUNTY AVIATION AUTHORITY (WQFH784)","operator":"CHARLESTON COUNTY AVIATION AUTHORITY","directions":[],"omni":true,"zone":null,"purpose":"Public-safety radio transmitter — CHARLESTON COUNTY AVIATION AUTHORITY, MOUNT PLEASANT","imageUrl":null,"fovHalfAngle":180,"frequencies":[460.0625],"lawEnforcement":false}},{"type":"Feature","geometry":{"type":"Point","coordinates":[-80.13480555555556,32.931555555555555]},"properties":{"id":"fcc/WQFQ878/32.93156,-80.13481","kind":"radio","brand":"Other","rawBrand":"FCC ULS","name":"Dorchester County (WQFQ878)","operator":"Dorchester County","directions":[],"omni":true,"zone":null,"purpose":"Public-safety radio transmitter — Dorchester County, SUMMERVILLE","imageUrl":null,"fovHalfAngle":180,"frequencies":[453.4],"lawEnforcement":false}},{"type":"Feature","geometry":{"type":"Point","coordinates":[-80.4953888888889,33.16738888888889]},"properties":{"id":"fcc/WQFQ878/33.16739,-80.49539","kind":"radio","brand":"Other","rawBrand":"FCC ULS","name":"Dorchester County (WQFQ878)","operator":"Dorchester County","directions":[],"omni":true,"zone":null,"purpose":"Public-safety radio transmitter — Dorchester County, HARLEYVILLE","imageUrl":null,"fovHalfAngle":180,"frequencies":[453.4],"lawEnforcement":false}},{"type":"Feature","geometry":{"type":"Point","coordinates":[-80.54758333333334,33.265166666666666]},"properties":{"id":"fcc/WQFQ878/33.26517,-80.54758","kind":"radio","brand":"Other","rawBrand":"FCC ULS","name":"Dorchester County (WQFQ878)","operator":"Dorchester County","directions":[],"omni":true,"zone":null,"purpose":"Public-safety radio transmitter — Dorchester County, ST. GEORGE","imageUrl":null,"fovHalfAngle":180,"frequencies":[453.4],"lawEnforcement":false}},{"type":"Feature","geometry":{"type":"Point","coordinates":[-80.10425,32.91683333333333]},"properties":{"id":"fcc/WQFQ878/32.91683,-80.10425","kind":"radio","brand":"Other","rawBrand":"FCC ULS","name":"Dorchester County (WQFQ878)","operator":"Dorchester County","directions":[],"omni":true,"zone":null,"purpose":"Public-safety radio transmitter — Dorchester County, N. CHARLESTON","imageUrl":null,"fovHalfAngle":180,"frequencies":[453.4],"lawEnforcement":false}},{"type":"Feature","geometry":{"type":"Point","coordinates":[-80.11313888888888,32.91544444444445]},"properties":{"id":"fcc/WQFQ878/32.91544,-80.11314","kind":"radio","brand":"Other","rawBrand":"FCC ULS","name":"Dorchester County (WQFQ878)","operator":"Dorchester County","directions":[],"omni":true,"zone":null,"purpose":"Public-safety radio transmitter — Dorchester County, N. CHARLESTON","imageUrl":null,"fovHalfAngle":180,"frequencies":[453.4],"lawEnforcement":false}},{"type":"Feature","geometry":{"type":"Point","coordinates":[-80.12397222222222,32.906555555555556]},"properties":{"id":"fcc/WQFQ878/32.90656,-80.12397","kind":"radio","brand":"Other","rawBrand":"FCC ULS","name":"Dorchester County (WQFQ878)","operator":"Dorchester County","directions":[],"omni":true,"zone":null,"purpose":"Public-safety radio transmitter — Dorchester County, N. CHARLESTON","imageUrl":null,"fovHalfAngle":180,"frequencies":[453.4],"lawEnforcement":false}},{"type":"Feature","geometry":{"type":"Point","coordinates":[-80.01538888888889,32.84052777777778]},"properties":{"id":"fcc/WQFS314/32.84053,-80.01539","kind":"radio","brand":"Other","rawBrand":"FCC ULS","name":"CHARLESTON, COUNTY OF (WQFS314)","operator":"CHARLESTON, COUNTY OF","directions":[],"omni":true,"zone":null,"purpose":"Public-safety radio transmitter — CHARLESTON, COUNTY OF, NORTH CHARLESTON","imageUrl":null,"fovHalfAngle":180,"frequencies":[153.83,154.37],"lawEnforcement":false}},{"type":"Feature","geometry":{"type":"Point","coordinates":[-81.76944444444445,35.11527777777778]},"properties":{"id":"fcc/WQGG795/35.11528,-81.76944","kind":"radio","brand":"Other","rawBrand":"FCC ULS","name":"South Carolina Law Enforcement Division (SLED) (WQGG795)","operator":"South Carolina Law Enforcement Division (SLED)","directions":[],"omni":true,"zone":null,"purpose":"Law-enforcement radio transmitter — South Carolina Law Enforcement Division (SLED), GAFFNEY","imageUrl":null,"fovHalfAngle":180,"frequencies":[173.075],"lawEnforcement":true}},{"type":"Feature","geometry":{"type":"Point","coordinates":[-80.08083333333333,33.00461111111111]},"properties":{"id":"fcc/WQGK314/33.00461,-80.08083","kind":"radio","brand":"Other","rawBrand":"FCC ULS","name":"GOOSE CREEK, CITY OF (WQGK314)","operator":"GOOSE CREEK, CITY OF","directions":[],"omni":true,"zone":null,"purpose":"Public-safety radio transmitter — GOOSE CREEK, CITY OF, GOOSE CREEK","imageUrl":null,"fovHalfAngle":180,"frequencies":[453.0625,458.0625,458.1375],"lawEnforcement":false}},{"type":"Feature","geometry":{"type":"Point","coordinates":[-82.33466666666666,35.13919444444444]},"properties":{"id":"fcc/WQGX898/35.13919,-82.33467","kind":"radio","brand":"Other","rawBrand":"FCC ULS","name":"GLASSY MOUNTAIN FIRE DEPT (WQGX898)","operator":"GLASSY MOUNTAIN FIRE DEPT","directions":[],"omni":true,"zone":null,"purpose":"Public-safety radio transmitter — GLASSY MOUNTAIN FIRE DEPT, LANDRUM","imageUrl":null,"fovHalfAngle":180,"frequencies":[453.3625,458.3625],"lawEnforcement":false}},{"type":"Feature","geometry":{"type":"Point","coordinates":[-81.66025,33.84525]},"properties":{"id":"fcc/WQHL461/33.84525,-81.66025","kind":"radio","brand":"Other","rawBrand":"FCC ULS","name":"RIDGE SPRING, TOWN OF (WQHL461)","operator":"RIDGE SPRING, TOWN OF","directions":[],"omni":true,"zone":null,"purpose":"Public-safety radio transmitter — RIDGE SPRING, TOWN OF, RIDGE SPRING","imageUrl":null,"fovHalfAngle":180,"frequencies":[154.7475],"lawEnforcement":false}},{"type":"Feature","geometry":{"type":"Point","coordinates":[-80.06063888888889,33.03488888888889]},"properties":{"id":"fcc/WQHR430/33.03489,-80.06064","kind":"radio","brand":"Other","rawBrand":"FCC ULS","name":"GOOSE CREEK, CITY OF (WQHR430)","operator":"GOOSE CREEK, CITY OF","directions":[],"omni":true,"zone":null,"purpose":"Public-safety radio transmitter — GOOSE CREEK, CITY OF, GOOSE CREEK","imageUrl":null,"fovHalfAngle":180,"frequencies":[153.8525,158.8275],"lawEnforcement":false}},{"type":"Feature","geometry":{"type":"Point","coordinates":[-81.08219444444444,33.52697222222222]},"properties":{"id":"fcc/WPCM635/33.52697,-81.08219","kind":"radio","brand":"Other","rawBrand":"FCC ULS","name":"South Carolina Forestry Commission (WPCM635)","operator":"South Carolina Forestry Commission","directions":[],"omni":true,"zone":null,"purpose":"Public-safety radio transmitter — South Carolina Forestry Commission, NEESES","imageUrl":null,"fovHalfAngle":180,"frequencies":[151.19,159.42,159.45],"lawEnforcement":false}},{"type":"Feature","geometry":{"type":"Point","coordinates":[-81.69780555555556,33.57069444444445]},"properties":{"id":"fcc/WQOI244/33.57069,-81.69781","kind":"radio","brand":"Other","rawBrand":"FCC ULS","name":"AIKEN, CITY OF - DEPT. OF PUBLIC SAFETY (WQOI244)","operator":"AIKEN, CITY OF - DEPT. OF PUBLIC SAFETY","directions":[],"omni":true,"zone":null,"purpose":"Law-enforcement radio transmitter — AIKEN, CITY OF - DEPT. OF PUBLIC SAFETY, AIKEN","imageUrl":null,"fovHalfAngle":180,"frequencies":[465.375],"lawEnforcement":true}},{"type":"Feature","geometry":{"type":"Point","coordinates":[-81.69686111111112,33.57166666666667]},"properties":{"id":"fcc/WQOI244/33.57167,-81.69686","kind":"radio","brand":"Other","rawBrand":"FCC ULS","name":"AIKEN, CITY OF - DEPT. OF PUBLIC SAFETY (WQOI244)","operator":"AIKEN, CITY OF - DEPT. OF PUBLIC SAFETY","directions":[],"omni":true,"zone":null,"purpose":"Law-enforcement radio transmitter — AIKEN, CITY OF - DEPT. OF PUBLIC SAFETY, AIKEN","imageUrl":null,"fovHalfAngle":180,"frequencies":[465.375],"lawEnforcement":true}},{"type":"Feature","geometry":{"type":"Point","coordinates":[-82.60041666666666,34.81916666666667]},"properties":{"id":"fcc/WPUF767/34.81917,-82.60042","kind":"radio","brand":"Other","rawBrand":"FCC ULS","name":"EASLEY POLICE DEPT (WPUF767)","operator":"EASLEY POLICE DEPT","directions":[],"omni":true,"zone":null,"purpose":"Law-enforcement radio transmitter — EASLEY POLICE DEPT, EASLEY","imageUrl":null,"fovHalfAngle":180,"frequencies":[453.6125,458.6125,460.2125,465.2125],"lawEnforcement":true}},{"type":"Feature","geometry":{"type":"Point","coordinates":[-79.93438888888889,33.936527777777776]},"properties":{"id":"fcc/WQON515/33.93653,-79.93439","kind":"radio","brand":"Other","rawBrand":"FCC ULS","name":"OLANTA RURAL FIRE DEPT INC (WQON515)","operator":"OLANTA RURAL FIRE DEPT INC","directions":[],"omni":true,"zone":null,"purpose":"Public-safety radio transmitter — OLANTA RURAL FIRE DEPT INC, OLANTA","imageUrl":null,"fovHalfAngle":180,"frequencies":[153.7925,154.22,159.045],"lawEnforcement":false}},{"type":"Feature","geometry":{"type":"Point","coordinates":[-81.72344444444445,33.573750000000004]},"properties":{"id":"fcc/WQPM658/33.57375,-81.72344","kind":"radio","brand":"Other","rawBrand":"FCC ULS","name":"AIKEN, CITY OF  -  DEPT OF PUBLIC SAFETY (WQPM658)","operator":"AIKEN, CITY OF  -  DEPT OF PUBLIC SAFETY","directions":[],"omni":true,"zone":null,"purpose":"Law-enforcement radio transmitter — AIKEN, CITY OF  -  DEPT OF PUBLIC SAFETY, AIKEN","imageUrl":null,"fovHalfAngle":180,"frequencies":[458.2625],"lawEnforcement":true}},{"type":"Feature","geometry":{"type":"Point","coordinates":[-80.10499999999999,32.96611111111111]},"properties":{"id":"fcc/WQFS314/32.96611,-80.10500","kind":"radio","brand":"Other","rawBrand":"FCC ULS","name":"CHARLESTON, COUNTY OF (WQFS314)","operator":"CHARLESTON, COUNTY OF","directions":[],"omni":true,"zone":null,"purpose":"Public-safety radio transmitter — CHARLESTON, COUNTY OF, NORTH CHARLESTON","imageUrl":null,"fovHalfAngle":180,"frequencies":[153.83,154.37],"lawEnforcement":false}},{"type":"Feature","geometry":{"type":"Point","coordinates":[-79.93813888888889,32.786]},"properties":{"id":"fcc/WQRD852/32.78600,-79.93814","kind":"radio","brand":"Other","rawBrand":"FCC ULS","name":"COLLEGE OF CHARLESTON PUBLIC SAFETY (WQRD852)","operator":"COLLEGE OF CHARLESTON PUBLIC SAFETY","directions":[],"omni":true,"zone":null,"purpose":"Law-enforcement radio transmitter — COLLEGE OF CHARLESTON PUBLIC SAFETY, CHARLESTON","imageUrl":null,"fovHalfAngle":180,"frequencies":[453.2375],"lawEnforcement":true}},{"type":"Feature","geometry":{"type":"Point","coordinates":[-82.98652777777778,34.72511111111111]},"properties":{"id":"fcc/WQWA723/34.72511,-82.98653","kind":"radio","brand":"Other","rawBrand":"FCC ULS","name":"SCHOOL DISTRICT OF OCONEE COUNTY (WQWA723)","operator":"SCHOOL DISTRICT OF OCONEE COUNTY","directions":[],"omni":true,"zone":null,"purpose":"Public-safety radio transmitter — SCHOOL DISTRICT OF OCONEE COUNTY, SENECA","imageUrl":null,"fovHalfAngle":180,"frequencies":[45.64],"lawEnforcement":false}},{"type":"Feature","geometry":{"type":"Point","coordinates":[-80.01438888888889,33.893]},"properties":{"id":"fcc/WQWL393/33.89300,-80.01439","kind":"radio","brand":"Other","rawBrand":"FCC ULS","name":"Clarendon School District Three (WQWL393)","operator":"Clarendon School District Three","directions":[],"omni":true,"zone":null,"purpose":"Public-safety radio transmitter — Clarendon School District Three, Turbeville","imageUrl":null,"fovHalfAngle":180,"frequencies":[453.2875,458.2875],"lawEnforcement":false}},{"type":"Feature","geometry":{"type":"Point","coordinates":[-82.60041666666666,34.81916666666667]},"properties":{"id":"fcc/WQQY513/34.81917,-82.60042","kind":"radio","brand":"Other","rawBrand":"FCC ULS","name":"EASLEY, CITY OF (WQQY513)","operator":"EASLEY, CITY OF","directions":[],"omni":true,"zone":null,"purpose":"Public-safety radio transmitter — EASLEY, CITY OF, EASLEY","imageUrl":null,"fovHalfAngle":180,"frequencies":[155.6925,159.465],"lawEnforcement":false}},{"type":"Feature","geometry":{"type":"Point","coordinates":[-83.23172222222222,34.81169444444444]},"properties":{"id":"fcc/WRAL831/34.81169,-83.23172","kind":"radio","brand":"Other","rawBrand":"FCC ULS","name":"OCONEE, COUNTY OF (WRAL831)","operator":"OCONEE, COUNTY OF","directions":[],"omni":true,"zone":null,"purpose":"Public-safety radio transmitter — OCONEE, COUNTY OF, MOUNTAIN REST","imageUrl":null,"fovHalfAngle":180,"frequencies":[153.785,153.935,154.025,154.1675,154.8525,155.5425,155.7975,156.0525,156.0675,156.225,158.7525,158.865],"lawEnforcement":false}},{"type":"Feature","geometry":{"type":"Point","coordinates":[-82.98458333333333,34.69788888888888]},"properties":{"id":"fcc/WRAL831/34.69789,-82.98458","kind":"radio","brand":"Other","rawBrand":"FCC ULS","name":"OCONEE, COUNTY OF (WRAL831)","operator":"OCONEE, COUNTY OF","directions":[],"omni":true,"zone":null,"purpose":"Public-safety radio transmitter — OCONEE, COUNTY OF, SENECA","imageUrl":null,"fovHalfAngle":180,"frequencies":[153.785,153.935,154.025,154.1675,154.8525,155.5425,155.7975,156.0525,156.0675,156.225,158.7525,158.865],"lawEnforcement":false}},{"type":"Feature","geometry":{"type":"Point","coordinates":[-83.03908333333334,34.61094444444445]},"properties":{"id":"fcc/WRAL831/34.61094,-83.03908","kind":"radio","brand":"Other","rawBrand":"FCC ULS","name":"OCONEE, COUNTY OF (WRAL831)","operator":"OCONEE, COUNTY OF","directions":[],"omni":true,"zone":null,"purpose":"Public-safety radio transmitter — OCONEE, COUNTY OF, WESTMINSTER","imageUrl":null,"fovHalfAngle":180,"frequencies":[153.785,153.935,154.025,154.1675,154.8525,155.5425,155.7975,156.0525,156.0675,156.225,158.7525,158.865],"lawEnforcement":false}},{"type":"Feature","geometry":{"type":"Point","coordinates":[-83.09766666666667,34.66511111111111]},"properties":{"id":"fcc/WRAL831/34.66511,-83.09767","kind":"radio","brand":"Other","rawBrand":"FCC ULS","name":"OCONEE, COUNTY OF (WRAL831)","operator":"OCONEE, COUNTY OF","directions":[],"omni":true,"zone":null,"purpose":"Public-safety radio transmitter — OCONEE, COUNTY OF, WESTMINSTER","imageUrl":null,"fovHalfAngle":180,"frequencies":[153.785,153.935,154.025,154.1675,154.8525,155.5425,155.7975,156.0525,156.0675,156.225,158.7525,158.865],"lawEnforcement":false}},{"type":"Feature","geometry":{"type":"Point","coordinates":[-82.91597222222222,34.61986111111111]},"properties":{"id":"fcc/WRAL831/34.61986,-82.91597","kind":"radio","brand":"Other","rawBrand":"FCC ULS","name":"OCONEE, COUNTY OF (WRAL831)","operator":"OCONEE, COUNTY OF","directions":[],"omni":true,"zone":null,"purpose":"Public-safety radio transmitter — OCONEE, COUNTY OF, SENECA","imageUrl":null,"fovHalfAngle":180,"frequencies":[153.785,153.935,154.025,154.1675,154.8525,155.5425,155.7975,156.0525,156.0675,156.225,158.7525,158.865],"lawEnforcement":false}},{"type":"Feature","geometry":{"type":"Point","coordinates":[-82.98347222222222,34.516222222222225]},"properties":{"id":"fcc/WRAL831/34.51622,-82.98347","kind":"radio","brand":"Other","rawBrand":"FCC ULS","name":"OCONEE, COUNTY OF (WRAL831)","operator":"OCONEE, COUNTY OF","directions":[],"omni":true,"zone":null,"purpose":"Public-safety radio transmitter — OCONEE, COUNTY OF, FAIR PLAY","imageUrl":null,"fovHalfAngle":180,"frequencies":[153.785,153.935,154.025,154.1675,154.8525,155.5425,155.7975,156.0525,156.0675,156.225,158.7525,158.865],"lawEnforcement":false}},{"type":"Feature","geometry":{"type":"Point","coordinates":[-79.95925,32.78905555555556]},"properties":{"id":"fcc/KAW771/32.78906,-79.95925","kind":"radio","brand":"Other","rawBrand":"FCC ULS","name":"Charleton, City of (KAW771)","operator":"Charleton, City of","directions":[],"omni":true,"zone":null,"purpose":"Public-safety radio transmitter — Charleton, City of, CHARLESTON","imageUrl":null,"fovHalfAngle":180,"frequencies":[460.575,460.6,465.575,465.6],"lawEnforcement":false}},{"type":"Feature","geometry":{"type":"Point","coordinates":[-82.40725,34.78388888888889]},"properties":{"id":"fcc/KBK975/34.78389,-82.40725","kind":"radio","brand":"Other","rawBrand":"FCC ULS","name":"GANTT FIRE SEWER & POLICE DEPARTMENT (KBK975)","operator":"GANTT FIRE SEWER & POLICE DEPARTMENT","directions":[],"omni":true,"zone":null,"purpose":"Law-enforcement radio transmitter — GANTT FIRE SEWER & POLICE DEPARTMENT, GREENVILLE","imageUrl":null,"fovHalfAngle":180,"frequencies":[154.34],"lawEnforcement":true}},{"type":"Feature","geometry":{"type":"Point","coordinates":[-82.65708333333333,34.46177777777778]},"properties":{"id":"fcc/KDA392/34.46178,-82.65708","kind":"radio","brand":"Other","rawBrand":"FCC ULS","name":"ANDERSON, COUNTY OF (KDA392)","operator":"ANDERSON, COUNTY OF","directions":[],"omni":true,"zone":null,"purpose":"Public-safety radio transmitter — ANDERSON, COUNTY OF, ANDERSON","imageUrl":null,"fovHalfAngle":180,"frequencies":[153.95],"lawEnforcement":false}},{"type":"Feature","geometry":{"type":"Point","coordinates":[-82.59152777777777,34.51705555555556]},"properties":{"id":"fcc/KEY928/34.51706,-82.59153","kind":"radio","brand":"Other","rawBrand":"FCC ULS","name":"ANDERSON, COUNTY OF (KEY928)","operator":"ANDERSON, COUNTY OF","directions":[],"omni":true,"zone":null,"purpose":"Public-safety radio transmitter — ANDERSON, COUNTY OF, ANDERSON","imageUrl":null,"fovHalfAngle":180,"frequencies":[153.95],"lawEnforcement":false}},{"type":"Feature","geometry":{"type":"Point","coordinates":[-82.71236111111111,34.53066666666667]},"properties":{"id":"fcc/KFT499/34.53067,-82.71236","kind":"radio","brand":"Other","rawBrand":"FCC ULS","name":"ANDERSON, COUNTY OF (KFT499)","operator":"ANDERSON, COUNTY OF","directions":[],"omni":true,"zone":null,"purpose":"Public-safety radio transmitter — ANDERSON, COUNTY OF, ANDERSON","imageUrl":null,"fovHalfAngle":180,"frequencies":[153.95],"lawEnforcement":false}},{"type":"Feature","geometry":{"type":"Point","coordinates":[-82.39983333333333,34.51705555555556]},"properties":{"id":"fcc/KJF868/34.51706,-82.39983","kind":"radio","brand":"Other","rawBrand":"FCC ULS","name":"ANDERSON, COUNTY OF (KJF868)","operator":"ANDERSON, COUNTY OF","directions":[],"omni":true,"zone":null,"purpose":"Public-safety radio transmitter — ANDERSON, COUNTY OF, FRIENDSHIP","imageUrl":null,"fovHalfAngle":180,"frequencies":[153.95],"lawEnforcement":false}},{"type":"Feature","geometry":{"type":"Point","coordinates":[-82.74986111111112,34.322611111111115]},"properties":{"id":"fcc/KJU242/34.32261,-82.74986","kind":"radio","brand":"Other","rawBrand":"FCC ULS","name":"ANDERSON, COUNTY OF (KJU242)","operator":"ANDERSON, COUNTY OF","directions":[],"omni":true,"zone":null,"purpose":"Public-safety radio transmitter — ANDERSON, COUNTY OF, IVA","imageUrl":null,"fovHalfAngle":180,"frequencies":[153.95],"lawEnforcement":false}},{"type":"Feature","geometry":{"type":"Point","coordinates":[-79.93452777777779,33.937666666666665]},"properties":{"id":"fcc/KNAO327/33.93767,-79.93453","kind":"radio","brand":"Other","rawBrand":"FCC ULS","name":"OLANTA RURAL FIRE DEPT INC (KNAO327)","operator":"OLANTA RURAL FIRE DEPT INC","directions":[],"omni":true,"zone":null,"purpose":"Public-safety radio transmitter — OLANTA RURAL FIRE DEPT INC, OLANTA","imageUrl":null,"fovHalfAngle":180,"frequencies":[154.415],"lawEnforcement":false}},{"type":"Feature","geometry":{"type":"Point","coordinates":[-79.08919444444444,33.636833333333335]},"properties":{"id":"fcc/WZJ530/33.63683,-79.08919","kind":"radio","brand":"Other","rawBrand":"FCC ULS","name":"MURRELLS INLET GARDEN CITY FIRE DISTRICT (WZJ530)","operator":"MURRELLS INLET GARDEN CITY FIRE DISTRICT","directions":[],"omni":true,"zone":null,"purpose":"Public-safety radio transmitter — MURRELLS INLET GARDEN CITY FIRE DISTRICT, GARDEN CITY","imageUrl":null,"fovHalfAngle":180,"frequencies":[152.0075,154.145,154.19,154.205,154.965,158.895],"lawEnforcement":false}},{"type":"Feature","geometry":{"type":"Point","coordinates":[-79.02669444444444,33.56905555555556]},"properties":{"id":"fcc/WZJ530/33.56906,-79.02669","kind":"radio","brand":"Other","rawBrand":"FCC ULS","name":"MURRELLS INLET GARDEN CITY FIRE DISTRICT (WZJ530)","operator":"MURRELLS INLET GARDEN CITY FIRE DISTRICT","directions":[],"omni":true,"zone":null,"purpose":"Public-safety radio transmitter — MURRELLS INLET GARDEN CITY FIRE DISTRICT, GARDEN CITY","imageUrl":null,"fovHalfAngle":180,"frequencies":[152.0075,154.145,154.19,154.205,154.965,158.895],"lawEnforcement":false}},{"type":"Feature","geometry":{"type":"Point","coordinates":[-81.00563888888888,33.971555555555554]},"properties":{"id":"fcc/WZT990/33.97156,-81.00564","kind":"radio","brand":"Other","rawBrand":"FCC ULS","name":"SOUTH CAROLINA DEPARTMENT OF TRANSPORTATION (WZT990)","operator":"SOUTH CAROLINA DEPARTMENT OF TRANSPORTATION","directions":[],"omni":true,"zone":null,"purpose":"Public-safety radio transmitter — SOUTH CAROLINA DEPARTMENT OF TRANSPORTATION, COLUMBIA","imageUrl":null,"fovHalfAngle":180,"frequencies":[47.22,47.28,47.34],"lawEnforcement":false}},{"type":"Feature","geometry":{"type":"Point","coordinates":[-81.0081388888889,33.97127777777778]},"properties":{"id":"fcc/WZT991/33.97128,-81.00814","kind":"radio","brand":"Other","rawBrand":"FCC ULS","name":"SOUTH CAROLINA DEPARTMENT OF TRANSPORTATION (WZT991)","operator":"SOUTH CAROLINA DEPARTMENT OF TRANSPORTATION","directions":[],"omni":true,"zone":null,"purpose":"Public-safety radio transmitter — SOUTH CAROLINA DEPARTMENT OF TRANSPORTATION, COLUMBIA","imageUrl":null,"fovHalfAngle":180,"frequencies":[47.22,47.28,47.34],"lawEnforcement":false}},{"type":"Feature","geometry":{"type":"Point","coordinates":[-80.00647222222223,33.19905555555555]},"properties":{"id":"fcc/WZN666/33.19906,-80.00647","kind":"radio","brand":"Other","rawBrand":"FCC ULS","name":"SC Emergency Management Division (WZN666)","operator":"SC Emergency Management Division","directions":[],"omni":true,"zone":null,"purpose":"Public-safety radio transmitter — SC Emergency Management Division, MONCKS CORNER","imageUrl":null,"fovHalfAngle":180,"frequencies":[45.08,45.48],"lawEnforcement":false}},{"type":"Feature","geometry":{"type":"Point","coordinates":[-80.77952777777777,33.66266666666667]},"properties":{"id":"fcc/WZN670/33.66267,-80.77953","kind":"radio","brand":"Other","rawBrand":"FCC ULS","name":"SC Emergency Management Division (WZN670)","operator":"SC Emergency Management Division","directions":[],"omni":true,"zone":null,"purpose":"Public-safety radio transmitter — SC Emergency Management Division, SAINT MATTHEWS","imageUrl":null,"fovHalfAngle":180,"frequencies":[45.08,45.48],"lawEnforcement":false}},{"type":"Feature","geometry":{"type":"Point","coordinates":[-80.84313888888889,33.95433333333334]},"properties":{"id":"fcc/KTQ240/33.95433,-80.84314","kind":"radio","brand":"Other","rawBrand":"FCC ULS","name":"City of  Columbiasc (KTQ240)","operator":"City of  Columbiasc","directions":[],"omni":true,"zone":null,"purpose":"Public-safety radio transmitter — City of  Columbiasc, COLUMBIA","imageUrl":null,"fovHalfAngle":180,"frequencies":[453.1,453.4,453.45,458.1,458.4,458.45],"lawEnforcement":false}},{"type":"Feature","geometry":{"type":"Point","coordinates":[-81.04008333333333,33.99016666666667]},"properties":{"id":"fcc/KTQ240/33.99017,-81.04008","kind":"radio","brand":"Other","rawBrand":"FCC ULS","name":"City of  Columbiasc (KTQ240)","operator":"City of  Columbiasc","directions":[],"omni":true,"zone":null,"purpose":"Public-safety radio transmitter — City of  Columbiasc, COLUMBIA","imageUrl":null,"fovHalfAngle":180,"frequencies":[453.1,453.4,453.45,458.1,458.4,458.45],"lawEnforcement":false}},{"type":"Feature","geometry":{"type":"Point","coordinates":[-81.01925,34.08211111111112]},"properties":{"id":"fcc/KTQ240/34.08211,-81.01925","kind":"radio","brand":"Other","rawBrand":"FCC ULS","name":"City of  Columbiasc (KTQ240)","operator":"City of  Columbiasc","directions":[],"omni":true,"zone":null,"purpose":"Public-safety radio transmitter — City of  Columbiasc, COLUMBIA","imageUrl":null,"fovHalfAngle":180,"frequencies":[453.1,453.4,453.45,458.1,458.4,458.45],"lawEnforcement":false}},{"type":"Feature","geometry":{"type":"Point","coordinates":[-80.93425,34.087361111111115]},"properties":{"id":"fcc/KTQ240/34.08736,-80.93425","kind":"radio","brand":"Other","rawBrand":"FCC ULS","name":"City of  Columbiasc (KTQ240)","operator":"City of  Columbiasc","directions":[],"omni":true,"zone":null,"purpose":"Public-safety radio transmitter — City of  Columbiasc, COLUMBIA","imageUrl":null,"fovHalfAngle":180,"frequencies":[453.1,453.4,453.45,458.1,458.4,458.45],"lawEnforcement":false}},{"type":"Feature","geometry":{"type":"Point","coordinates":[-82.00677777777778,34.989000000000004]},"properties":{"id":"fcc/WNDK820/34.98900,-82.00678","kind":"radio","brand":"Other","rawBrand":"FCC ULS","name":"North Spartanburg Fire and Emergency Services District (WNDK820)","operator":"North Spartanburg Fire and Emergency Services District","directions":[],"omni":true,"zone":null,"purpose":"Public-safety radio transmitter — North Spartanburg Fire and Emergency Services District, SPARTANBURG","imageUrl":null,"fovHalfAngle":180,"frequencies":[154.22,155.385,158.94],"lawEnforcement":false}},{"type":"Feature","geometry":{"type":"Point","coordinates":[-81.2256388888889,32.83513888888889]},"properties":{"id":"fcc/WXF844/32.83514,-81.22564","kind":"radio","brand":"Other","rawBrand":"FCC ULS","name":"HAMPTON, COUNTY OF (WXF844)","operator":"HAMPTON, COUNTY OF","directions":[],"omni":true,"zone":null,"purpose":"Public-safety radio transmitter — HAMPTON, COUNTY OF, Hampton","imageUrl":null,"fovHalfAngle":180,"frequencies":[460.075,465.075],"lawEnforcement":false}},{"type":"Feature","geometry":{"type":"Point","coordinates":[-80.59925,34.23825]},"properties":{"id":"fcc/KDB479/34.23825,-80.59925","kind":"radio","brand":"Other","rawBrand":"FCC ULS","name":"SOUTH CAROLINA DEPARTMENT OF TRANSPORTATION (KDB479)","operator":"SOUTH CAROLINA DEPARTMENT OF TRANSPORTATION","directions":[],"omni":true,"zone":null,"purpose":"Public-safety radio transmitter — SOUTH CAROLINA DEPARTMENT OF TRANSPORTATION, CAMDEN","imageUrl":null,"fovHalfAngle":180,"frequencies":[45.44,47.2,47.22,47.28,47.34],"lawEnforcement":false}},{"type":"Feature","geometry":{"type":"Point","coordinates":[-83.02930555555555,34.66511111111111]},"properties":{"id":"fcc/KFI472/34.66511,-83.02931","kind":"radio","brand":"Other","rawBrand":"FCC ULS","name":"SOUTH CAROLINA DEPARTMENT OF TRANSPORTATION (KFI472)","operator":"SOUTH CAROLINA DEPARTMENT OF TRANSPORTATION","directions":[],"omni":true,"zone":null,"purpose":"Public-safety radio transmitter — SOUTH CAROLINA DEPARTMENT OF TRANSPORTATION, WESTMINSTER","imageUrl":null,"fovHalfAngle":180,"frequencies":[45.32,47.04,47.34],"lawEnforcement":false}},{"type":"Feature","geometry":{"type":"Point","coordinates":[-79.38783333333333,34.17822222222222]},"properties":{"id":"fcc/KFR584/34.17822,-79.38783","kind":"radio","brand":"Other","rawBrand":"FCC ULS","name":"SOUTH CAROLINA DEPARTMENT OF TRANSPORTATION (KFR584)","operator":"SOUTH CAROLINA DEPARTMENT OF TRANSPORTATION","directions":[],"omni":true,"zone":null,"purpose":"Public-safety radio transmitter — SOUTH CAROLINA DEPARTMENT OF TRANSPORTATION, MARION","imageUrl":null,"fovHalfAngle":180,"frequencies":[45.68,47.08,47.34],"lawEnforcement":false}},{"type":"Feature","geometry":{"type":"Point","coordinates":[-80.73130555555555,34.725]},"properties":{"id":"fcc/KFR586/34.72500,-80.73131","kind":"radio","brand":"Other","rawBrand":"FCC ULS","name":"SOUTH CAROLINA DEPARTMENT OF TRANSPORTATION (KFR586)","operator":"SOUTH CAROLINA DEPARTMENT OF TRANSPORTATION","directions":[],"omni":true,"zone":null,"purpose":"Public-safety radio transmitter — SOUTH CAROLINA DEPARTMENT OF TRANSPORTATION, LANCASTER","imageUrl":null,"fovHalfAngle":180,"frequencies":[45.44,47.18,47.34],"lawEnforcement":false}},{"type":"Feature","geometry":{"type":"Point","coordinates":[-82.68680555555557,34.850388888888894]},"properties":{"id":"fcc/KFR593/34.85039,-82.68681","kind":"radio","brand":"Other","rawBrand":"FCC ULS","name":"SOUTH CAROLINA DEPARTMENT OF TRANSPORTATION (KFR593)","operator":"SOUTH CAROLINA DEPARTMENT OF TRANSPORTATION","directions":[],"omni":true,"zone":null,"purpose":"Public-safety radio transmitter — SOUTH CAROLINA DEPARTMENT OF TRANSPORTATION, LIBERTY","imageUrl":null,"fovHalfAngle":180,"frequencies":[45.16,47.08,47.22,47.34,47.36],"lawEnforcement":false}},{"type":"Feature","geometry":{"type":"Point","coordinates":[-80.24202777777778,34.218222222222224]},"properties":{"id":"fcc/KFR595/34.21822,-80.24203","kind":"radio","brand":"Other","rawBrand":"FCC ULS","name":"SOUTH CAROLINA DEPARTMENT OF TRANSPORTATION (KFR595)","operator":"SOUTH CAROLINA DEPARTMENT OF TRANSPORTATION","directions":[],"omni":true,"zone":null,"purpose":"Public-safety radio transmitter — SOUTH CAROLINA DEPARTMENT OF TRANSPORTATION, BISHOPVILLE","imageUrl":null,"fovHalfAngle":180,"frequencies":[45.6,47.18,47.22,47.28,47.34],"lawEnforcement":false}},{"type":"Feature","geometry":{"type":"Point","coordinates":[-81.09702777777777,34.059305555555554]},"properties":{"id":"fcc/KID480/34.05931,-81.09703","kind":"radio","brand":"Other","rawBrand":"FCC ULS","name":"SOUTH CAROLINA DEPARTMENT OF TRANSPORTATION (KID480)","operator":"SOUTH CAROLINA DEPARTMENT OF TRANSPORTATION","directions":[],"omni":true,"zone":null,"purpose":"Public-safety radio transmitter — SOUTH CAROLINA DEPARTMENT OF TRANSPORTATION, COLUMBIA","imageUrl":null,"fovHalfAngle":180,"frequencies":[47.22,47.28,47.34],"lawEnforcement":false}},{"type":"Feature","geometry":{"type":"Point","coordinates":[-81.03563888888888,33.996]},"properties":{"id":"fcc/KID480/33.99600,-81.03564","kind":"radio","brand":"Other","rawBrand":"FCC ULS","name":"SOUTH CAROLINA DEPARTMENT OF TRANSPORTATION (KID480)","operator":"SOUTH CAROLINA DEPARTMENT OF TRANSPORTATION","directions":[],"omni":true,"zone":null,"purpose":"Public-safety radio transmitter — SOUTH CAROLINA DEPARTMENT OF TRANSPORTATION, COLUMBIA","imageUrl":null,"fovHalfAngle":180,"frequencies":[47.22,47.28,47.34],"lawEnforcement":false}},{"type":"Feature","geometry":{"type":"Point","coordinates":[-81.20961111111112,34.689527777777776]},"properties":{"id":"fcc/KIH789/34.68953,-81.20961","kind":"radio","brand":"Other","rawBrand":"FCC ULS","name":"SOUTH CAROLINA DEPARTMENT OF TRANSPORTATION (KIH789)","operator":"SOUTH CAROLINA DEPARTMENT OF TRANSPORTATION","directions":[],"omni":true,"zone":null,"purpose":"Public-safety radio transmitter — SOUTH CAROLINA DEPARTMENT OF TRANSPORTATION, CHESTER","imageUrl":null,"fovHalfAngle":180,"frequencies":[45.6,47.22,47.34],"lawEnforcement":false}},{"type":"Feature","geometry":{"type":"Point","coordinates":[-79.81,33.04222222222222]},"properties":{"id":"fcc/KIJ477/33.04222,-79.81000","kind":"radio","brand":"Other","rawBrand":"FCC ULS","name":"SOUTH CAROLINA DEPARTMENT OF TRANSPORTATION (KIJ477)","operator":"SOUTH CAROLINA DEPARTMENT OF TRANSPORTATION","directions":[],"omni":true,"zone":null,"purpose":"Public-safety radio transmitter — SOUTH CAROLINA DEPARTMENT OF TRANSPORTATION, HUGER","imageUrl":null,"fovHalfAngle":180,"frequencies":[45.6,47.08,47.34],"lawEnforcement":false}},{"type":"Feature","geometry":{"type":"Point","coordinates":[-80.02888888888889,32.909444444444446]},"properties":{"id":"fcc/KIJ477/32.90944,-80.02889","kind":"radio","brand":"Other","rawBrand":"FCC ULS","name":"SOUTH CAROLINA DEPARTMENT OF TRANSPORTATION (KIJ477)","operator":"SOUTH CAROLINA DEPARTMENT OF TRANSPORTATION","directions":[],"omni":true,"zone":null,"purpose":"Public-safety radio transmitter — SOUTH CAROLINA DEPARTMENT OF TRANSPORTATION, NORTH CHARLESTON","imageUrl":null,"fovHalfAngle":180,"frequencies":[45.6,47.08,47.34],"lawEnforcement":false}},{"type":"Feature","geometry":{"type":"Point","coordinates":[-81.02591666666666,34.06044444444444]},"properties":{"id":"fcc/KIL786/34.06044,-81.02592","kind":"radio","brand":"Other","rawBrand":"FCC ULS","name":"COLUMBIA, CITY OF (KIL786)","operator":"COLUMBIA, CITY OF","directions":[],"omni":true,"zone":null,"purpose":"Public-safety radio transmitter — COLUMBIA, CITY OF, COLUMBIA","imageUrl":null,"fovHalfAngle":180,"frequencies":[156.24,159],"lawEnforcement":false}},{"type":"Feature","geometry":{"type":"Point","coordinates":[-80.20258333333334,33.69405555555555]},"properties":{"id":"fcc/KIN504/33.69406,-80.20258","kind":"radio","brand":"Other","rawBrand":"FCC ULS","name":"SOUTH CAROLINA DEPARTMENT OF TRANSPORTATION (KIN504)","operator":"SOUTH CAROLINA DEPARTMENT OF TRANSPORTATION","directions":[],"omni":true,"zone":null,"purpose":"Public-safety radio transmitter — SOUTH CAROLINA DEPARTMENT OF TRANSPORTATION, MANNING","imageUrl":null,"fovHalfAngle":180,"frequencies":[45.52,47.34,47.36],"lawEnforcement":false}},{"type":"Feature","geometry":{"type":"Point","coordinates":[-81.24952777777779,33.98822222222222]},"properties":{"id":"fcc/KRE280/33.98822,-81.24953","kind":"radio","brand":"Other","rawBrand":"FCC ULS","name":"SOUTH CAROLINA DEPARTMENT OF TRANSPORTATION (KRE280)","operator":"SOUTH CAROLINA DEPARTMENT OF TRANSPORTATION","directions":[],"omni":true,"zone":null,"purpose":"Public-safety radio transmitter — SOUTH CAROLINA DEPARTMENT OF TRANSPORTATION, LEXINGTON","imageUrl":null,"fovHalfAngle":180,"frequencies":[45.4,47.2,47.34],"lawEnforcement":false}},{"type":"Feature","geometry":{"type":"Point","coordinates":[-81.02452777777778,34.083222222222226]},"properties":{"id":"fcc/KRE281/34.08322,-81.02453","kind":"radio","brand":"Other","rawBrand":"FCC ULS","name":"SOUTH CAROLINA DEPARTMENT OF TRANSPORTATION (KRE281)","operator":"SOUTH CAROLINA DEPARTMENT OF TRANSPORTATION","directions":[],"omni":true,"zone":null,"purpose":"Public-safety radio transmitter — SOUTH CAROLINA DEPARTMENT OF TRANSPORTATION, COLUMBIA","imageUrl":null,"fovHalfAngle":180,"frequencies":[45.68,47.28,47.34],"lawEnforcement":false}},{"type":"Feature","geometry":{"type":"Point","coordinates":[-81.84397222222222,34.99283333333334]},"properties":{"id":"fcc/WYE380/34.99283,-81.84397","kind":"radio","brand":"Other","rawBrand":"FCC ULS","name":"American National Red Cross (WYE380)","operator":"American National Red Cross","directions":[],"omni":true,"zone":null,"purpose":"Public-safety radio transmitter — American National Red Cross, SPARTANBURG","imageUrl":null,"fovHalfAngle":180,"frequencies":[47.42],"lawEnforcement":false}},{"type":"Feature","geometry":{"type":"Point","coordinates":[-81.72761111111112,33.57180555555556]},"properties":{"id":"fcc/WZU407/33.57181,-81.72761","kind":"radio","brand":"Other","rawBrand":"FCC ULS","name":"AIKEN, COUNTY OF (WZU407)","operator":"AIKEN, COUNTY OF","directions":[],"omni":true,"zone":null,"purpose":"Public-safety radio transmitter — AIKEN, COUNTY OF, AIKEN","imageUrl":null,"fovHalfAngle":180,"frequencies":[72.36,72.54,72.66,75.5,75.66,75.76,453.15,453.55,458.15,458.55],"lawEnforcement":false}},{"type":"Feature","geometry":{"type":"Point","coordinates":[-81.49566666666666,33.92736111111111]},"properties":{"id":"fcc/WZU407/33.92736,-81.49567","kind":"radio","brand":"Other","rawBrand":"FCC ULS","name":"AIKEN, COUNTY OF (WZU407)","operator":"AIKEN, COUNTY OF","directions":[],"omni":true,"zone":null,"purpose":"Public-safety radio transmitter — AIKEN, COUNTY OF, LEESVILLE","imageUrl":null,"fovHalfAngle":180,"frequencies":[72.36,72.54,72.66,75.5,75.66,75.76,453.15,453.55,458.15,458.55],"lawEnforcement":false}},{"type":"Feature","geometry":{"type":"Point","coordinates":[-81.9415,33.611805555555556]},"properties":{"id":"fcc/WZU407/33.61181,-81.94150","kind":"radio","brand":"Other","rawBrand":"FCC ULS","name":"AIKEN, COUNTY OF (WZU407)","operator":"AIKEN, COUNTY OF","directions":[],"omni":true,"zone":null,"purpose":"Public-safety radio transmitter — AIKEN, COUNTY OF, MERIWETHER DIV","imageUrl":null,"fovHalfAngle":180,"frequencies":[72.36,72.54,72.66,75.5,75.66,75.76,453.15,453.55,458.15,458.55],"lawEnforcement":false}},{"type":"Feature","geometry":{"type":"Point","coordinates":[-81.39150000000001,33.39263888888889]},"properties":{"id":"fcc/WZU407/33.39264,-81.39150","kind":"radio","brand":"Other","rawBrand":"FCC ULS","name":"AIKEN, COUNTY OF (WZU407)","operator":"AIKEN, COUNTY OF","directions":[],"omni":true,"zone":null,"purpose":"Public-safety radio transmitter — AIKEN, COUNTY OF, WILLISTON","imageUrl":null,"fovHalfAngle":180,"frequencies":[72.36,72.54,72.66,75.5,75.66,75.76,453.15,453.55,458.15,458.55],"lawEnforcement":false}},{"type":"Feature","geometry":{"type":"Point","coordinates":[-81.04055555555556,33.26]},"properties":{"id":"fcc/WXY425/33.26000,-81.04056","kind":"radio","brand":"Other","rawBrand":"FCC ULS","name":"BAMBERG, COUNTY OF (WXY425)","operator":"BAMBERG, COUNTY OF","directions":[],"omni":true,"zone":null,"purpose":"Public-safety radio transmitter — BAMBERG, COUNTY OF, BAMBERG","imageUrl":null,"fovHalfAngle":180,"frequencies":[150.805,154.295,154.37],"lawEnforcement":false}},{"type":"Feature","geometry":{"type":"Point","coordinates":[-80.03888888888889,33.12583333333333]},"properties":{"id":"fcc/WNSR923/33.12583,-80.03889","kind":"radio","brand":"Other","rawBrand":"FCC ULS","name":"Berkeley County Govt. (WNSR923)","operator":"Berkeley County Govt.","directions":[],"omni":true,"zone":null,"purpose":"Public-safety radio transmitter — Berkeley County Govt., MONCKS CORNER","imageUrl":null,"fovHalfAngle":180,"frequencies":[153.89,154.19,154.25],"lawEnforcement":false}},{"type":"Feature","geometry":{"type":"Point","coordinates":[-80.00661111111111,33.20022222222222]},"properties":{"id":"fcc/WNSR923/33.20022,-80.00661","kind":"radio","brand":"Other","rawBrand":"FCC ULS","name":"Berkeley County Govt. (WNSR923)","operator":"Berkeley County Govt.","directions":[],"omni":true,"zone":null,"purpose":"Public-safety radio transmitter — Berkeley County Govt., MONCKS CORNER","imageUrl":null,"fovHalfAngle":180,"frequencies":[153.89,154.19,154.25],"lawEnforcement":false}},{"type":"Feature","geometry":{"type":"Point","coordinates":[-82.63458333333334,34.504]},"properties":{"id":"fcc/WFF701/34.50400,-82.63458","kind":"radio","brand":"Other","rawBrand":"FCC ULS","name":"ANDERSON, COUNTY OF (WFF701)","operator":"ANDERSON, COUNTY OF","directions":[],"omni":true,"zone":null,"purpose":"Public-safety radio transmitter — ANDERSON, COUNTY OF, ANDERSON","imageUrl":null,"fovHalfAngle":180,"frequencies":[156.075],"lawEnforcement":false}},{"type":"Feature","geometry":{"type":"Point","coordinates":[-82.91791666666667,34.827333333333335]},"properties":{"id":"fcc/WPGV969/34.82733,-82.91792","kind":"radio","brand":"Other","rawBrand":"FCC ULS","name":"OCONEE, COUNTY OF (WPGV969)","operator":"OCONEE, COUNTY OF","directions":[],"omni":true,"zone":null,"purpose":"Public-safety radio transmitter — OCONEE, COUNTY OF, SALEM","imageUrl":null,"fovHalfAngle":180,"frequencies":[153.83,154.13],"lawEnforcement":false}},{"type":"Feature","geometry":{"type":"Point","coordinates":[-82.41038888888889,34.940666666666665]},"properties":{"id":"fcc/KIC351/34.94067,-82.41039","kind":"radio","brand":"Other","rawBrand":"FCC ULS","name":"SC Emergency Management Division (KIC351)","operator":"SC Emergency Management Division","directions":[],"omni":true,"zone":null,"purpose":"Public-safety radio transmitter — SC Emergency Management Division, GREENVILLE","imageUrl":null,"fovHalfAngle":180,"frequencies":[45.48,46.4],"lawEnforcement":false}},{"type":"Feature","geometry":{"type":"Point","coordinates":[-82.25122222222222,34.739000000000004]},"properties":{"id":"fcc/KLO260/34.73900,-82.25122","kind":"radio","brand":"Other","rawBrand":"FCC ULS","name":"SIMPSONVILLE, CITY OF  Fire Department (KLO260)","operator":"SIMPSONVILLE, CITY OF  Fire Department","directions":[],"omni":true,"zone":null,"purpose":"Public-safety radio transmitter — SIMPSONVILLE, CITY OF  Fire Department, SIMPSONVILLE","imageUrl":null,"fovHalfAngle":180,"frequencies":[155.025],"lawEnforcement":false}},{"type":"Feature","geometry":{"type":"Point","coordinates":[-82.43097222222222,33.88122222222222]},"properties":{"id":"fcc/WNSG287/33.88122,-82.43097","kind":"radio","brand":"Other","rawBrand":"FCC ULS","name":"SC PARKS, RECREATION AND TOURISM (WNSG287)","operator":"SC PARKS, RECREATION AND TOURISM","directions":[],"omni":true,"zone":null,"purpose":"Public-safety radio transmitter — SC PARKS, RECREATION AND TOURISM, MC CORMICK","imageUrl":null,"fovHalfAngle":180,"frequencies":[453.325,458.325],"lawEnforcement":false}},{"type":"Feature","geometry":{"type":"Point","coordinates":[-80.02869444444444,34.009055555555555]},"properties":{"id":"fcc/KNCC505/34.00906,-80.02869","kind":"radio","brand":"Other","rawBrand":"FCC ULS","name":"SC Emergency Management Division (KNCC505)","operator":"SC Emergency Management Division","directions":[],"omni":true,"zone":null,"purpose":"Public-safety radio transmitter — SC Emergency Management Division, COLUMBIA","imageUrl":null,"fovHalfAngle":180,"frequencies":[45.08,45.48],"lawEnforcement":false}},{"type":"Feature","geometry":{"type":"Point","coordinates":[-81.25038888888889,33.978750000000005]},"properties":{"id":"fcc/WNYG270/33.97875,-81.25039","kind":"radio","brand":"Other","rawBrand":"FCC ULS","name":"COUNTY OF LEXINGTON (WNYG270)","operator":"COUNTY OF LEXINGTON","directions":[],"omni":true,"zone":null,"purpose":"Public-safety radio transmitter — COUNTY OF LEXINGTON, LEXINGTON","imageUrl":null,"fovHalfAngle":180,"frequencies":[453.9625,458.9625],"lawEnforcement":false}},{"type":"Feature","geometry":{"type":"Point","coordinates":[-79.01558333333334,33.79405555555555]},"properties":{"id":"fcc/WNZK578/33.79406,-79.01558","kind":"radio","brand":"Other","rawBrand":"FCC ULS","name":"COASTAL CAROLINA UNIVERSITY Department of Public Safety (WNZK578)","operator":"COASTAL CAROLINA UNIVERSITY Department of Public Safety","directions":[],"omni":true,"zone":null,"purpose":"Law-enforcement radio transmitter — COASTAL CAROLINA UNIVERSITY Department of Public Safety, CONWAY","imageUrl":null,"fovHalfAngle":180,"frequencies":[453.05,453.825,458.05,458.825],"lawEnforcement":true}},{"type":"Feature","geometry":{"type":"Point","coordinates":[-81.89019444444445,33.79391666666667]},"properties":{"id":"fcc/KNGC681/33.79392,-81.89019","kind":"radio","brand":"Other","rawBrand":"FCC ULS","name":"EDGEFIELD, CITY OF (KNGC681)","operator":"EDGEFIELD, CITY OF","directions":[],"omni":true,"zone":null,"purpose":"Public-safety radio transmitter — EDGEFIELD, CITY OF, EDGEFIELD","imageUrl":null,"fovHalfAngle":180,"frequencies":[155.835,158.955],"lawEnforcement":false}},{"type":"Feature","geometry":{"type":"Point","coordinates":[-81.92677777777779,33.787638888888885]},"properties":{"id":"fcc/KNGC681/33.78764,-81.92678","kind":"radio","brand":"Other","rawBrand":"FCC ULS","name":"EDGEFIELD, CITY OF (KNGC681)","operator":"EDGEFIELD, CITY OF","directions":[],"omni":true,"zone":null,"purpose":"Public-safety radio transmitter — EDGEFIELD, CITY OF, EDGEFIELD","imageUrl":null,"fovHalfAngle":180,"frequencies":[155.835,158.955],"lawEnforcement":false}},{"type":"Feature","geometry":{"type":"Point","coordinates":[-79.76922222222223,34.19877777777778]},"properties":{"id":"fcc/WPBX401/34.19878,-79.76922","kind":"radio","brand":"Other","rawBrand":"FCC ULS","name":"South Carolina Emergency Management Division (WPBX401)","operator":"South Carolina Emergency Management Division","directions":[],"omni":true,"zone":null,"purpose":"Public-safety radio transmitter — South Carolina Emergency Management Division, FLORENCE","imageUrl":null,"fovHalfAngle":180,"frequencies":[2.3274,2.4234,2.5124,5.1364,7.4814,7.9334],"lawEnforcement":false}},{"type":"Feature","geometry":{"type":"Point","coordinates":[-80.68650000000001,32.43658333333333]},"properties":{"id":"fcc/WPBX403/32.43658,-80.68650","kind":"radio","brand":"Other","rawBrand":"FCC ULS","name":"South Carolina Emergency Management Division (WPBX403)","operator":"South Carolina Emergency Management Division","directions":[],"omni":true,"zone":null,"purpose":"Public-safety radio transmitter — South Carolina Emergency Management Division, BEAUFORT","imageUrl":null,"fovHalfAngle":180,"frequencies":[2.3274,2.4234,2.5124,5.1364,7.4814,7.9334],"lawEnforcement":false}},{"type":"Feature","geometry":{"type":"Point","coordinates":[-80.86508333333333,33.496]},"properties":{"id":"fcc/WPFJ589/33.49600,-80.86508","kind":"radio","brand":"Other","rawBrand":"FCC ULS","name":"SC Emergency Management Division (WPFJ589)","operator":"SC Emergency Management Division","directions":[],"omni":true,"zone":null,"purpose":"Public-safety radio transmitter — SC Emergency Management Division, ORANGEBURG","imageUrl":null,"fovHalfAngle":180,"frequencies":[2.3274,2.4234,2.5124,5.1364,7.4814,7.9334],"lawEnforcement":false}},{"type":"Feature","geometry":{"type":"Point","coordinates":[-82.49152777777778,34.52483333333333]},"properties":{"id":"fcc/KRA512/34.52483,-82.49153","kind":"radio","brand":"Other","rawBrand":"FCC ULS","name":"BELTON, CITY OF (KRA512)","operator":"BELTON, CITY OF","directions":[],"omni":true,"zone":null,"purpose":"Public-safety radio transmitter — BELTON, CITY OF, BELTON","imageUrl":null,"fovHalfAngle":180,"frequencies":[46.56],"lawEnforcement":false}},{"type":"Feature","geometry":{"type":"Point","coordinates":[-80.81008333333332,34.236805555555556]},"properties":{"id":"fcc/KXZ989/34.23681,-80.81008","kind":"radio","brand":"Other","rawBrand":"FCC ULS","name":"LUGOFF-ELGIN WATER AUTHORITY (KXZ989)","operator":"LUGOFF-ELGIN WATER AUTHORITY","directions":[],"omni":true,"zone":null,"purpose":"Public-safety radio transmitter — LUGOFF-ELGIN WATER AUTHORITY, ELGIN","imageUrl":null,"fovHalfAngle":180,"frequencies":[453.25,458.25],"lawEnforcement":false}},{"type":"Feature","geometry":{"type":"Point","coordinates":[-79.6858888888889,34.62238888888889]},"properties":{"id":"fcc/WNBU984/34.62239,-79.68589","kind":"radio","brand":"Other","rawBrand":"FCC ULS","name":"SC Emergency Management Division (WNBU984)","operator":"SC Emergency Management Division","directions":[],"omni":true,"zone":null,"purpose":"Public-safety radio transmitter — SC Emergency Management Division, BENNETTSVILLE","imageUrl":null,"fovHalfAngle":180,"frequencies":[45.08,45.48],"lawEnforcement":false}},{"type":"Feature","geometry":{"type":"Point","coordinates":[-80.60647222222222,33.24044444444444]},"properties":{"id":"fcc/WNBU987/33.24044,-80.60647","kind":"radio","brand":"Other","rawBrand":"FCC ULS","name":"SC Emergency Management Division (WNBU987)","operator":"SC Emergency Management Division","directions":[],"omni":true,"zone":null,"purpose":"Public-safety radio transmitter — SC Emergency Management Division, CAMDEN","imageUrl":null,"fovHalfAngle":180,"frequencies":[45.08,45.48],"lawEnforcement":false}},{"type":"Feature","geometry":{"type":"Point","coordinates":[-81.18841666666667,34.70680555555556]},"properties":{"id":"fcc/WNBU997/34.70681,-81.18842","kind":"radio","brand":"Other","rawBrand":"FCC ULS","name":"SOUTH CAROLINA, STATE OF (WNBU997)","operator":"SOUTH CAROLINA, STATE OF","directions":[],"omni":true,"zone":null,"purpose":"Public-safety radio transmitter — SOUTH CAROLINA, STATE OF, CHESTER","imageUrl":null,"fovHalfAngle":180,"frequencies":[45.08,45.48],"lawEnforcement":false}},{"type":"Feature","geometry":{"type":"Point","coordinates":[-82.40402777777778,34.16261111111111]},"properties":{"id":"fcc/WNBV879/34.16261,-82.40403","kind":"radio","brand":"Other","rawBrand":"FCC ULS","name":"South Carolina Emergency Management Division (WNBV879)","operator":"South Carolina Emergency Management Division","directions":[],"omni":true,"zone":null,"purpose":"Public-safety radio transmitter — South Carolina Emergency Management Division, ABBEVILLE","imageUrl":null,"fovHalfAngle":180,"frequencies":[45.08,45.48],"lawEnforcement":false}},{"type":"Feature","geometry":{"type":"Point","coordinates":[-80.98841666666667,34.081833333333336]},"properties":{"id":"fcc/WNDP430/34.08183,-80.98842","kind":"radio","brand":"Other","rawBrand":"FCC ULS","name":"City of  Columbiasc (WNDP430)","operator":"City of  Columbiasc","directions":[],"omni":true,"zone":null,"purpose":"Public-safety radio transmitter — City of  Columbiasc, COLUMBIA","imageUrl":null,"fovHalfAngle":180,"frequencies":[151.31,159.24],"lawEnforcement":false}},{"type":"Feature","geometry":{"type":"Point","coordinates":[-80.67150000000001,33.00461111111111]},"properties":{"id":"fcc/WPJN902/33.00461,-80.67150","kind":"radio","brand":"Other","rawBrand":"FCC ULS","name":"South Carolina Forestry Commission (WPJN902)","operator":"South Carolina Forestry Commission","directions":[],"omni":true,"zone":null,"purpose":"Public-safety radio transmitter — South Carolina Forestry Commission, WALTERBORO","imageUrl":null,"fovHalfAngle":180,"frequencies":[151.175,151.19,151.235,151.265,151.385,159.27,159.3,159.315],"lawEnforcement":false}},{"type":"Feature","geometry":{"type":"Point","coordinates":[-81.03313888888889,34.93347222222222]},"properties":{"id":"fcc/WNGB370/34.93347,-81.03314","kind":"radio","brand":"Other","rawBrand":"FCC ULS","name":"YORK, COUNTY OF (WNGB370)","operator":"YORK, COUNTY OF","directions":[],"omni":true,"zone":null,"purpose":"Public-safety radio transmitter — YORK, COUNTY OF, ROCK HILL","imageUrl":null,"fovHalfAngle":180,"frequencies":[153.995],"lawEnforcement":false}},{"type":"Feature","geometry":{"type":"Point","coordinates":[-81.10536111111111,35.01208333333334]},"properties":{"id":"fcc/WNGB370/35.01208,-81.10536","kind":"radio","brand":"Other","rawBrand":"FCC ULS","name":"YORK, COUNTY OF (WNGB370)","operator":"YORK, COUNTY OF","directions":[],"omni":true,"zone":null,"purpose":"Public-safety radio transmitter — YORK, COUNTY OF, ROCK HILL","imageUrl":null,"fovHalfAngle":180,"frequencies":[153.995],"lawEnforcement":false}},{"type":"Feature","geometry":{"type":"Point","coordinates":[-81.02869444444444,34.00183333333333]},"properties":{"id":"fcc/WNGG277/34.00183,-81.02869","kind":"radio","brand":"Other","rawBrand":"FCC ULS","name":"SC Department of Administration (DTO) (WNGG277)","operator":"SC Department of Administration (DTO)","directions":[],"omni":true,"zone":null,"purpose":"Public-safety radio transmitter — SC Department of Administration (DTO), COLUMBIA","imageUrl":null,"fovHalfAngle":180,"frequencies":[453.875,458.875],"lawEnforcement":false}},{"type":"Feature","geometry":{"type":"Point","coordinates":[-81.84516666666666,33.75538888888889]},"properties":{"id":"fcc/WPGU696/33.75539,-81.84517","kind":"radio","brand":"Other","rawBrand":"FCC ULS","name":"SOUTH CAROLINA, STATE OF (WPGU696)","operator":"SOUTH CAROLINA, STATE OF","directions":[],"omni":true,"zone":null,"purpose":"Public-safety radio transmitter — SOUTH CAROLINA, STATE OF, TRENTON","imageUrl":null,"fovHalfAngle":180,"frequencies":[150.995,155.4225,155.64,452.125,457.125],"lawEnforcement":false}},{"type":"Feature","geometry":{"type":"Point","coordinates":[-81.84677777777777,33.72013888888889]},"properties":{"id":"fcc/WPGU696/33.72014,-81.84678","kind":"radio","brand":"Other","rawBrand":"FCC ULS","name":"SOUTH CAROLINA, STATE OF (WPGU696)","operator":"SOUTH CAROLINA, STATE OF","directions":[],"omni":true,"zone":null,"purpose":"Public-safety radio transmitter — SOUTH CAROLINA, STATE OF, TRENTON","imageUrl":null,"fovHalfAngle":180,"frequencies":[150.995,155.4225,155.64,452.125,457.125],"lawEnforcement":false}},{"type":"Feature","geometry":{"type":"Point","coordinates":[-82.69902777777779,34.89122222222222]},"properties":{"id":"fcc/KIK523/34.89122,-82.69903","kind":"radio","brand":"Other","rawBrand":"FCC ULS","name":"South Carolina Forestry Commission (KIK523)","operator":"South Carolina Forestry Commission","directions":[],"omni":true,"zone":null,"purpose":"Public-safety radio transmitter — South Carolina Forestry Commission, PICKENS","imageUrl":null,"fovHalfAngle":180,"frequencies":[151.235,159.27,159.405,159.45],"lawEnforcement":false}},{"type":"Feature","geometry":{"type":"Point","coordinates":[-80.27036111111111,33.881277777777775]},"properties":{"id":"fcc/WNMF769/33.88128,-80.27036","kind":"radio","brand":"Other","rawBrand":"FCC ULS","name":"SC Dept. of Natural Resources (WNMF769)","operator":"SC Dept. of Natural Resources","directions":[],"omni":true,"zone":null,"purpose":"Public-safety radio transmitter — SC Dept. of Natural Resources, SUMTER","imageUrl":null,"fovHalfAngle":180,"frequencies":[151.25,151.34,159.12],"lawEnforcement":false}},{"type":"Feature","geometry":{"type":"Point","coordinates":[-80.02286111111111,32.800444444444445]},"properties":{"id":"fcc/WNMF770/32.80044,-80.02286","kind":"radio","brand":"Other","rawBrand":"FCC ULS","name":"SC Dept. of Natural Resources (WNMF770)","operator":"SC Dept. of Natural Resources","directions":[],"omni":true,"zone":null,"purpose":"Public-safety radio transmitter — SC Dept. of Natural Resources, CHARLESTON","imageUrl":null,"fovHalfAngle":180,"frequencies":[151.25,151.43,159.465],"lawEnforcement":false}},{"type":"Feature","geometry":{"type":"Point","coordinates":[-79.94533333333334,34.646277777777776]},"properties":{"id":"fcc/WNMF776/34.64628,-79.94533","kind":"radio","brand":"Other","rawBrand":"FCC ULS","name":"SC Dept. of Natural Resources (WNMF776)","operator":"SC Dept. of Natural Resources","directions":[],"omni":true,"zone":null,"purpose":"Public-safety radio transmitter — SC Dept. of Natural Resources, CHERAW","imageUrl":null,"fovHalfAngle":180,"frequencies":[151.25,151.415,159.465],"lawEnforcement":false}},{"type":"Feature","geometry":{"type":"Point","coordinates":[-81.21452777777777,35.00069444444444]},"properties":{"id":"fcc/KB80823/35.00069,-81.21453","kind":"radio","brand":"Other","rawBrand":"FCC ULS","name":"YORK, COUNTY OF (KB80823)","operator":"YORK, COUNTY OF","directions":[],"omni":true,"zone":null,"purpose":"Public-safety radio transmitter — YORK, COUNTY OF, YORK","imageUrl":null,"fovHalfAngle":180,"frequencies":[154.89],"lawEnforcement":false}},{"type":"Feature","geometry":{"type":"Point","coordinates":[-81.89019444444445,33.79391666666667]},"properties":{"id":"fcc/KNFZ560/33.79392,-81.89019","kind":"radio","brand":"Other","rawBrand":"FCC ULS","name":"EDGEFIELD, COUNTY OF (KNFZ560)","operator":"EDGEFIELD, COUNTY OF","directions":[],"omni":true,"zone":null,"purpose":"Public-safety radio transmitter — EDGEFIELD, COUNTY OF, EDGEFIELD","imageUrl":null,"fovHalfAngle":180,"frequencies":[453.35,453.45,458.35,458.45],"lawEnforcement":false}},{"type":"Feature","geometry":{"type":"Point","coordinates":[-81.93094444444445,33.78930555555555]},"properties":{"id":"fcc/KNFZ560/33.78931,-81.93094","kind":"radio","brand":"Other","rawBrand":"FCC ULS","name":"EDGEFIELD, COUNTY OF (KNFZ560)","operator":"EDGEFIELD, COUNTY OF","directions":[],"omni":true,"zone":null,"purpose":"Public-safety radio transmitter — EDGEFIELD, COUNTY OF, EDGEFIELD","imageUrl":null,"fovHalfAngle":180,"frequencies":[453.35,453.45,458.35,458.45],"lawEnforcement":false}},{"type":"Feature","geometry":{"type":"Point","coordinates":[-81.94075000000001,33.591972222222225]},"properties":{"id":"fcc/KNFZ560/33.59197,-81.94075","kind":"radio","brand":"Other","rawBrand":"FCC ULS","name":"EDGEFIELD, COUNTY OF (KNFZ560)","operator":"EDGEFIELD, COUNTY OF","directions":[],"omni":true,"zone":null,"purpose":"Public-safety radio transmitter — EDGEFIELD, COUNTY OF, EDGEFIELD","imageUrl":null,"fovHalfAngle":180,"frequencies":[453.35,453.45,458.35,458.45],"lawEnforcement":false}},{"type":"Feature","geometry":{"type":"Point","coordinates":[-81.07119444444444,33.9885]},"properties":{"id":"fcc/KNHM909/33.98850,-81.07119","kind":"radio","brand":"Other","rawBrand":"FCC ULS","name":"WEST COLUMBIA, CITY OF (KNHM909)","operator":"WEST COLUMBIA, CITY OF","directions":[],"omni":true,"zone":null,"purpose":"Public-safety radio transmitter — WEST COLUMBIA, CITY OF, WEST COLUMBIA","imageUrl":null,"fovHalfAngle":180,"frequencies":[460.05,460.15,465.05,465.1,465.15,465.2],"lawEnforcement":false}},{"type":"Feature","geometry":{"type":"Point","coordinates":[-81.6301111111111,34.29625]},"properties":{"id":"fcc/WPNR234/34.29625,-81.63011","kind":"radio","brand":"Other","rawBrand":"FCC ULS","name":"NEWBERRY COUNTY BOARD OF RURAL FIRE CONTROL (WPNR234)","operator":"NEWBERRY COUNTY BOARD OF RURAL FIRE CONTROL","directions":[],"omni":true,"zone":null,"purpose":"Public-safety radio transmitter — NEWBERRY COUNTY BOARD OF RURAL FIRE CONTROL, NEWBERRY","imageUrl":null,"fovHalfAngle":180,"frequencies":[154.265,154.28,154.295],"lawEnforcement":false}},{"type":"Feature","geometry":{"type":"Point","coordinates":[-79.75172222222223,34.25655555555556]},"properties":{"id":"fcc/KOD283/34.25656,-79.75172","kind":"radio","brand":"Other","rawBrand":"FCC ULS","name":"PAGELAND, CITY OF (KOD283)","operator":"PAGELAND, CITY OF","directions":[],"omni":true,"zone":null,"purpose":"Public-safety radio transmitter — PAGELAND, CITY OF, FLORENCE","imageUrl":null,"fovHalfAngle":180,"frequencies":[460.25],"lawEnforcement":false}},{"type":"Feature","geometry":{"type":"Point","coordinates":[-80.39227777777778,34.772666666666666]},"properties":{"id":"fcc/KOM749/34.77267,-80.39228","kind":"radio","brand":"Other","rawBrand":"FCC ULS","name":"PAGELAND, CITY OF (KOM749)","operator":"PAGELAND, CITY OF","directions":[],"omni":true,"zone":null,"purpose":"Public-safety radio transmitter — PAGELAND, CITY OF, PAGELAND","imageUrl":null,"fovHalfAngle":180,"frequencies":[460.175,460.25],"lawEnforcement":false}},{"type":"Feature","geometry":{"type":"Point","coordinates":[-81.90122222222223,34.978722222222224]},"properties":{"id":"fcc/KUB950/34.97872,-81.90122","kind":"radio","brand":"Other","rawBrand":"FCC ULS","name":"SOUTH CAROLINA, STATE OF (KUB950)","operator":"SOUTH CAROLINA, STATE OF","directions":[],"omni":true,"zone":null,"purpose":"Public-safety radio transmitter — SOUTH CAROLINA, STATE OF, SPARTANBURG","imageUrl":null,"fovHalfAngle":180,"frequencies":[155.64],"lawEnforcement":false}},{"type":"Feature","geometry":{"type":"Point","coordinates":[-80.37894444444444,33.93486111111111]},"properties":{"id":"fcc/KVM313/33.93486,-80.37894","kind":"radio","brand":"Other","rawBrand":"FCC ULS","name":"Sumter Police Department (KVM313)","operator":"Sumter Police Department","directions":[],"omni":true,"zone":null,"purpose":"Law-enforcement radio transmitter — Sumter Police Department, SUMTER","imageUrl":null,"fovHalfAngle":180,"frequencies":[154.8,155.67],"lawEnforcement":true}},{"type":"Feature","geometry":{"type":"Point","coordinates":[-81.03258333333333,34.93069444444444]},"properties":{"id":"fcc/WAE728/34.93069,-81.03258","kind":"radio","brand":"Other","rawBrand":"FCC ULS","name":"YORK, COUNTY OF (WAE728)","operator":"YORK, COUNTY OF","directions":[],"omni":true,"zone":null,"purpose":"Public-safety radio transmitter — YORK, COUNTY OF, ROCK HILL","imageUrl":null,"fovHalfAngle":180,"frequencies":[154.83],"lawEnforcement":false}},{"type":"Feature","geometry":{"type":"Point","coordinates":[-82.1265,34.948722222222216]},"properties":{"id":"fcc/WBP575/34.94872,-82.12650","kind":"radio","brand":"Other","rawBrand":"FCC ULS","name":"Spartanburg County Communications / 9-1-1 (WBP575)","operator":"Spartanburg County Communications / 9-1-1","directions":[],"omni":true,"zone":null,"purpose":"Public-safety radio transmitter — Spartanburg County Communications / 9-1-1, LYMAN","imageUrl":null,"fovHalfAngle":180,"frequencies":[465.3],"lawEnforcement":false}},{"type":"Feature","geometry":{"type":"Point","coordinates":[-82.01702777777777,34.501222222222225]},"properties":{"id":"fcc/WCP204/34.50122,-82.01703","kind":"radio","brand":"Other","rawBrand":"FCC ULS","name":"LAURENS, CITY OF (WCP204)","operator":"LAURENS, CITY OF","directions":[],"omni":true,"zone":null,"purpose":"Public-safety radio transmitter — LAURENS, CITY OF, LAURENS","imageUrl":null,"fovHalfAngle":180,"frequencies":[453.25,453.45,453.675,458.25,458.45,458.675],"lawEnforcement":false}},{"type":"Feature","geometry":{"type":"Point","coordinates":[-82.04397222222222,34.52538888888889]},"properties":{"id":"fcc/WCP204/34.52539,-82.04397","kind":"radio","brand":"Other","rawBrand":"FCC ULS","name":"LAURENS, CITY OF (WCP204)","operator":"LAURENS, CITY OF","directions":[],"omni":true,"zone":null,"purpose":"Public-safety radio transmitter — LAURENS, CITY OF, LAURENS","imageUrl":null,"fovHalfAngle":180,"frequencies":[453.25,453.45,453.675,458.25,458.45,458.675],"lawEnforcement":false}},{"type":"Feature","geometry":{"type":"Point","coordinates":[-80.39227777777778,34.772666666666666]},"properties":{"id":"fcc/WDE653/34.77267,-80.39228","kind":"radio","brand":"Other","rawBrand":"FCC ULS","name":"PAGELAND, CITY OF (WDE653)","operator":"PAGELAND, CITY OF","directions":[],"omni":true,"zone":null,"purpose":"Public-safety radio transmitter — PAGELAND, CITY OF, PAGELAND","imageUrl":null,"fovHalfAngle":180,"frequencies":[465.25],"lawEnforcement":false}},{"type":"Feature","geometry":{"type":"Point","coordinates":[-79.28477777777778,33.37961111111111]},"properties":{"id":"fcc/KCY639/33.37961,-79.28478","kind":"radio","brand":"Other","rawBrand":"FCC ULS","name":"GEORGETOWN MEMORIAL HOSPITAL (KCY639)","operator":"GEORGETOWN MEMORIAL HOSPITAL","directions":[],"omni":true,"zone":null,"purpose":"Public-safety radio transmitter — GEORGETOWN MEMORIAL HOSPITAL, GEORGETOWN","imageUrl":null,"fovHalfAngle":180,"frequencies":[152.0075,155.295,155.34],"lawEnforcement":false}},{"type":"Feature","geometry":{"type":"Point","coordinates":[-81.90280555555556,34.45838888888889]},"properties":{"id":"fcc/KNFH929/34.45839,-81.90281","kind":"radio","brand":"Other","rawBrand":"FCC ULS","name":"AMERICAN NATIONAL RED CROSS (KNFH929)","operator":"AMERICAN NATIONAL RED CROSS","directions":[],"omni":true,"zone":null,"purpose":"Public-safety radio transmitter — AMERICAN NATIONAL RED CROSS, CLINTON","imageUrl":null,"fovHalfAngle":180,"frequencies":[47.42],"lawEnforcement":false}},{"type":"Feature","geometry":{"type":"Point","coordinates":[-82.40816666666667,34.81955555555556]},"properties":{"id":"fcc/KTX644/34.81956,-82.40817","kind":"radio","brand":"Other","rawBrand":"FCC ULS","name":"American National Red Cross (KTX644)","operator":"American National Red Cross","directions":[],"omni":true,"zone":null,"purpose":"Public-safety radio transmitter — American National Red Cross, GREENVILLE","imageUrl":null,"fovHalfAngle":180,"frequencies":[47.42],"lawEnforcement":false}},{"type":"Feature","geometry":{"type":"Point","coordinates":[-81.64091666666667,35.075138888888894]},"properties":{"id":"fcc/KUG790/35.07514,-81.64092","kind":"radio","brand":"Other","rawBrand":"FCC ULS","name":"County of Cherokee  Emergency Management (KUG790)","operator":"County of Cherokee  Emergency Management","directions":[],"omni":true,"zone":null,"purpose":"Public-safety radio transmitter — County of Cherokee  Emergency Management, GAFFNEY","imageUrl":null,"fovHalfAngle":180,"frequencies":[155.22,155.28,155.34],"lawEnforcement":false}},{"type":"Feature","geometry":{"type":"Point","coordinates":[-81.64786111111111,35.07180555555556]},"properties":{"id":"fcc/KUG790/35.07181,-81.64786","kind":"radio","brand":"Other","rawBrand":"FCC ULS","name":"County of Cherokee  Emergency Management (KUG790)","operator":"County of Cherokee  Emergency Management","directions":[],"omni":true,"zone":null,"purpose":"Public-safety radio transmitter — County of Cherokee  Emergency Management, GAFFNEY","imageUrl":null,"fovHalfAngle":180,"frequencies":[155.22,155.28,155.34],"lawEnforcement":false}},{"type":"Feature","geometry":{"type":"Point","coordinates":[-81.10313888888888,34.40125]},"properties":{"id":"fcc/WNLF487/34.40125,-81.10314","kind":"radio","brand":"Other","rawBrand":"FCC ULS","name":"FAIRFIELD, COUNTY OF (WNLF487)","operator":"FAIRFIELD, COUNTY OF","directions":[],"omni":true,"zone":null,"purpose":"Public-safety radio transmitter — FAIRFIELD, COUNTY OF, WINNSBORO","imageUrl":null,"fovHalfAngle":180,"frequencies":[155.22,155.34],"lawEnforcement":false}},{"type":"Feature","geometry":{"type":"Point","coordinates":[-83.09847222222221,34.881194444444446]},"properties":{"id":"fcc/KLP770/34.88119,-83.09847","kind":"radio","brand":"Other","rawBrand":"FCC ULS","name":"OCONEE, COUNTY OF (KLP770)","operator":"OCONEE, COUNTY OF","directions":[],"omni":true,"zone":null,"purpose":"Public-safety radio transmitter — OCONEE, COUNTY OF, WALHALLA","imageUrl":null,"fovHalfAngle":180,"frequencies":[150.805,154.13,154.265,154.28,154.295,155.01,453.0375,458.0375],"lawEnforcement":false}},{"type":"Feature","geometry":{"type":"Point","coordinates":[-83.071,34.760083333333334]},"properties":{"id":"fcc/KLP770/34.76008,-83.07100","kind":"radio","brand":"Other","rawBrand":"FCC ULS","name":"OCONEE, COUNTY OF (KLP770)","operator":"OCONEE, COUNTY OF","directions":[],"omni":true,"zone":null,"purpose":"Public-safety radio transmitter — OCONEE, COUNTY OF, WALHALLA","imageUrl":null,"fovHalfAngle":180,"frequencies":[150.805,154.13,154.265,154.28,154.295,155.01,453.0375,458.0375],"lawEnforcement":false}},{"type":"Feature","geometry":{"type":"Point","coordinates":[-81.69686111111112,33.57166666666667]},"properties":{"id":"fcc/KNCH463/33.57167,-81.69686","kind":"radio","brand":"Other","rawBrand":"FCC ULS","name":"AIKEN, CITY OF -  DEPT. OF PUBLIC SAFETY (KNCH463)","operator":"AIKEN, CITY OF -  DEPT. OF PUBLIC SAFETY","directions":[],"omni":true,"zone":null,"purpose":"Law-enforcement radio transmitter — AIKEN, CITY OF -  DEPT. OF PUBLIC SAFETY, AIKEN","imageUrl":null,"fovHalfAngle":180,"frequencies":[453.15,453.2875,453.65,458.15,458.2875,458.65,460.0875,460.5875,465.0875,465.5875],"lawEnforcement":true}},{"type":"Feature","geometry":{"type":"Point","coordinates":[-79.61255555555555,34.62683333333334]},"properties":{"id":"fcc/KNGP944/34.62683,-79.61256","kind":"radio","brand":"Other","rawBrand":"FCC ULS","name":"MARLBORO, COUNTY OF (KNGP944)","operator":"MARLBORO, COUNTY OF","directions":[],"omni":true,"zone":null,"purpose":"Public-safety radio transmitter — MARLBORO, COUNTY OF, BENNETTSVILLE","imageUrl":null,"fovHalfAngle":180,"frequencies":[151.055,154.01,154.13],"lawEnforcement":false}},{"type":"Feature","geometry":{"type":"Point","coordinates":[-81.49566666666666,33.92736111111111]},"properties":{"id":"fcc/KUU515/33.92736,-81.49567","kind":"radio","brand":"Other","rawBrand":"FCC ULS","name":"AIKEN, COUNTY OF (KUU515)","operator":"AIKEN, COUNTY OF","directions":[],"omni":true,"zone":null,"purpose":"Public-safety radio transmitter — AIKEN, COUNTY OF, LEESVILLE","imageUrl":null,"fovHalfAngle":180,"frequencies":[46.06,46.08],"lawEnforcement":false}},{"type":"Feature","geometry":{"type":"Point","coordinates":[-81.39150000000001,33.39263888888889]},"properties":{"id":"fcc/KUU515/33.39264,-81.39150","kind":"radio","brand":"Other","rawBrand":"FCC ULS","name":"AIKEN, COUNTY OF (KUU515)","operator":"AIKEN, COUNTY OF","directions":[],"omni":true,"zone":null,"purpose":"Public-safety radio transmitter — AIKEN, COUNTY OF, WILLISTON","imageUrl":null,"fovHalfAngle":180,"frequencies":[46.06,46.08],"lawEnforcement":false}},{"type":"Feature","geometry":{"type":"Point","coordinates":[-79.31922222222222,34.4035]},"properties":{"id":"fcc/KYE210/34.40350,-79.31922","kind":"radio","brand":"Other","rawBrand":"FCC ULS","name":"TOWN OF LAKE VIEW POLICE DEPARTMENT (KYE210)","operator":"TOWN OF LAKE VIEW POLICE DEPARTMENT","directions":[],"omni":true,"zone":null,"purpose":"Law-enforcement radio transmitter — TOWN OF LAKE VIEW POLICE DEPARTMENT, DILLON","imageUrl":null,"fovHalfAngle":180,"frequencies":[460.475,465.225,465.475],"lawEnforcement":true}},{"type":"Feature","geometry":{"type":"Point","coordinates":[-82.30816666666666,34.787055555555554]},"properties":{"id":"fcc/KZT490/34.78706,-82.30817","kind":"radio","brand":"Other","rawBrand":"FCC ULS","name":"MAULDIN, CITY OF (KZT490)","operator":"MAULDIN, CITY OF","directions":[],"omni":true,"zone":null,"purpose":"Public-safety radio transmitter — MAULDIN, CITY OF, MAULDIN","imageUrl":null,"fovHalfAngle":180,"frequencies":[154.235,156.06],"lawEnforcement":false}},{"type":"Feature","geometry":{"type":"Point","coordinates":[-81.26666666666667,33.36666666666667]},"properties":{"id":"fcc/WPRT898/33.36667,-81.26667","kind":"radio","brand":"Other","rawBrand":"FCC ULS","name":"BLACKVILLE, CITY OF (WPRT898)","operator":"BLACKVILLE, CITY OF","directions":[],"omni":true,"zone":null,"purpose":"Public-safety radio transmitter — BLACKVILLE, CITY OF, BLACKVILLE","imageUrl":null,"fovHalfAngle":180,"frequencies":[458.4125],"lawEnforcement":false}},{"type":"Feature","geometry":{"type":"Point","coordinates":[-80.7475,32.39388888888889]},"properties":{"id":"fcc/WPRX716/32.39389,-80.74750","kind":"radio","brand":"Other","rawBrand":"FCC ULS","name":"BEAUFORT, COUNTY OF (WPRX716)","operator":"BEAUFORT, COUNTY OF","directions":[],"omni":true,"zone":null,"purpose":"Public-safety radio transmitter — BEAUFORT, COUNTY OF, BEAUFORT","imageUrl":null,"fovHalfAngle":180,"frequencies":[155.19],"lawEnforcement":false}},{"type":"Feature","geometry":{"type":"Point","coordinates":[-80.76333333333334,32.16083333333333]},"properties":{"id":"fcc/WPRX716/32.16083,-80.76333","kind":"radio","brand":"Other","rawBrand":"FCC ULS","name":"BEAUFORT, COUNTY OF (WPRX716)","operator":"BEAUFORT, COUNTY OF","directions":[],"omni":true,"zone":null,"purpose":"Public-safety radio transmitter — BEAUFORT, COUNTY OF, HILTON HEAD ISLAND","imageUrl":null,"fovHalfAngle":180,"frequencies":[155.19],"lawEnforcement":false}},{"type":"Feature","geometry":{"type":"Point","coordinates":[-79.04166666666667,33.55833333333333]},"properties":{"id":"fcc/KCY639/33.55833,-79.04167","kind":"radio","brand":"Other","rawBrand":"FCC ULS","name":"GEORGETOWN MEMORIAL HOSPITAL (KCY639)","operator":"GEORGETOWN MEMORIAL HOSPITAL","directions":[],"omni":true,"zone":null,"purpose":"Public-safety radio transmitter — GEORGETOWN MEMORIAL HOSPITAL, MURRELLS INLET","imageUrl":null,"fovHalfAngle":180,"frequencies":[152.0075,155.295,155.34],"lawEnforcement":false}},{"type":"Feature","geometry":{"type":"Point","coordinates":[-81.73777777777778,33.99388888888889]},"properties":{"id":"fcc/WPTW269/33.99389,-81.73778","kind":"radio","brand":"Other","rawBrand":"FCC ULS","name":"SALUDA, COUNTY OF (WPTW269)","operator":"SALUDA, COUNTY OF","directions":[],"omni":true,"zone":null,"purpose":"Public-safety radio transmitter — SALUDA, COUNTY OF, SALUDA","imageUrl":null,"fovHalfAngle":180,"frequencies":[150.805,155.16,155.34,155.385],"lawEnforcement":false}},{"type":"Feature","geometry":{"type":"Point","coordinates":[-81.08702777777778,32.863194444444446]},"properties":{"id":"fcc/WPTZ521/32.86319,-81.08703","kind":"radio","brand":"Other","rawBrand":"FCC ULS","name":"HAMPTON COUNTY OF (WPTZ521)","operator":"HAMPTON COUNTY OF","directions":[],"omni":true,"zone":null,"purpose":"Public-safety radio transmitter — HAMPTON COUNTY OF, HAMPTON","imageUrl":null,"fovHalfAngle":180,"frequencies":[154.22,158.745,158.895],"lawEnforcement":false}},{"type":"Feature","geometry":{"type":"Point","coordinates":[-81.2256388888889,32.83513888888889]},"properties":{"id":"fcc/WPTZ521/32.83514,-81.22564","kind":"radio","brand":"Other","rawBrand":"FCC ULS","name":"HAMPTON COUNTY OF (WPTZ521)","operator":"HAMPTON COUNTY OF","directions":[],"omni":true,"zone":null,"purpose":"Public-safety radio transmitter — HAMPTON COUNTY OF, HAMPTON","imageUrl":null,"fovHalfAngle":180,"frequencies":[154.22,158.745,158.895],"lawEnforcement":false}},{"type":"Feature","geometry":{"type":"Point","coordinates":[-81.04055555555556,33.26]},"properties":{"id":"fcc/WPUB975/33.26000,-81.04056","kind":"radio","brand":"Other","rawBrand":"FCC ULS","name":"BAMBERG COUNTY OF (WPUB975)","operator":"BAMBERG COUNTY OF","directions":[],"omni":true,"zone":null,"purpose":"Public-safety radio transmitter — BAMBERG COUNTY OF, BAMBERG","imageUrl":null,"fovHalfAngle":180,"frequencies":[155.235,158.955,453.225,458.225],"lawEnforcement":false}},{"type":"Feature","geometry":{"type":"Point","coordinates":[-80.1111111111111,34.55152777777778]},"properties":{"id":"fcc/WPUD809/34.55153,-80.11111","kind":"radio","brand":"Other","rawBrand":"FCC ULS","name":"South Carolina Forestry Commission (WPUD809)","operator":"South Carolina Forestry Commission","directions":[],"omni":true,"zone":null,"purpose":"Public-safety radio transmitter — South Carolina Forestry Commission, PATRICK","imageUrl":null,"fovHalfAngle":180,"frequencies":[151.46,159.27],"lawEnforcement":false}},{"type":"Feature","geometry":{"type":"Point","coordinates":[-82.83363888888888,34.6815]},"properties":{"id":"fcc/WPUQ407/34.68150,-82.83364","kind":"radio","brand":"Other","rawBrand":"FCC ULS","name":"Clemson University Fire & EMS (WPUQ407)","operator":"Clemson University Fire & EMS","directions":[],"omni":true,"zone":null,"purpose":"Public-safety radio transmitter — Clemson University Fire & EMS, CLEMSON","imageUrl":null,"fovHalfAngle":180,"frequencies":[155.295],"lawEnforcement":false}},{"type":"Feature","geometry":{"type":"Point","coordinates":[-80.96983333333334,32.36686111111111]},"properties":{"id":"fcc/WPUX629/32.36686,-80.96983","kind":"radio","brand":"Other","rawBrand":"FCC ULS","name":"SOUTH CAROLINA, STATE OF (WPUX629)","operator":"SOUTH CAROLINA, STATE OF","directions":[],"omni":true,"zone":null,"purpose":"Public-safety radio transmitter — SOUTH CAROLINA, STATE OF, RIDGELAND","imageUrl":null,"fovHalfAngle":180,"frequencies":[155.52,155.64,452.125,457.125],"lawEnforcement":false}},{"type":"Feature","geometry":{"type":"Point","coordinates":[-80.96927777777778,32.49047222222222]},"properties":{"id":"fcc/WPUX629/32.49047,-80.96928","kind":"radio","brand":"Other","rawBrand":"FCC ULS","name":"SOUTH CAROLINA, STATE OF (WPUX629)","operator":"SOUTH CAROLINA, STATE OF","directions":[],"omni":true,"zone":null,"purpose":"Public-safety radio transmitter — SOUTH CAROLINA, STATE OF, RIDGELAND","imageUrl":null,"fovHalfAngle":180,"frequencies":[155.52,155.64,452.125,457.125],"lawEnforcement":false}},{"type":"Feature","geometry":{"type":"Point","coordinates":[-81.09980555555555,34.05569444444444]},"properties":{"id":"fcc/WPUX629/34.05569,-81.09981","kind":"radio","brand":"Other","rawBrand":"FCC ULS","name":"SOUTH CAROLINA, STATE OF (WPUX629)","operator":"SOUTH CAROLINA, STATE OF","directions":[],"omni":true,"zone":null,"purpose":"Public-safety radio transmitter — SOUTH CAROLINA, STATE OF, COLUMBIA","imageUrl":null,"fovHalfAngle":180,"frequencies":[155.52,155.64,452.125,457.125],"lawEnforcement":false}},{"type":"Feature","geometry":{"type":"Point","coordinates":[-80.99394444444445,34.935694444444444]},"properties":{"id":"fcc/WPXE862/34.93569,-80.99394","kind":"radio","brand":"Other","rawBrand":"FCC ULS","name":"YORK TECHNICAL COLLEGE Public Safety (WPXE862)","operator":"YORK TECHNICAL COLLEGE Public Safety","directions":[],"omni":true,"zone":null,"purpose":"Law-enforcement radio transmitter — YORK TECHNICAL COLLEGE Public Safety, ROCK HILL","imageUrl":null,"fovHalfAngle":180,"frequencies":[453.65,458.65],"lawEnforcement":true}},{"type":"Feature","geometry":{"type":"Point","coordinates":[-81.62555555555555,34.715611111111116]},"properties":{"id":"fcc/WPYK548/34.71561,-81.62556","kind":"radio","brand":"Other","rawBrand":"FCC ULS","name":"CITY OF UNION (WPYK548)","operator":"CITY OF UNION","directions":[],"omni":true,"zone":null,"purpose":"Public-safety radio transmitter — CITY OF UNION, UNION","imageUrl":null,"fovHalfAngle":180,"frequencies":[154.4563],"lawEnforcement":false}},{"type":"Feature","geometry":{"type":"Point","coordinates":[-81.85327777777778,34.92688888888889]},"properties":{"id":"fcc/WPYK548/34.92689,-81.85328","kind":"radio","brand":"Other","rawBrand":"FCC ULS","name":"CITY OF UNION (WPYK548)","operator":"CITY OF UNION","directions":[],"omni":true,"zone":null,"purpose":"Public-safety radio transmitter — CITY OF UNION, SPARTANBURG","imageUrl":null,"fovHalfAngle":180,"frequencies":[154.4563],"lawEnforcement":false}},{"type":"Feature","geometry":{"type":"Point","coordinates":[-80.17777777777778,32.96]},"properties":{"id":"fcc/WPYR621/32.96000,-80.17778","kind":"radio","brand":"Other","rawBrand":"FCC ULS","name":"SUMMERVILLE CPW (WPYR621)","operator":"SUMMERVILLE CPW","directions":[],"omni":true,"zone":null,"purpose":"Public-safety radio transmitter — SUMMERVILLE CPW, SUMMERVILLE","imageUrl":null,"fovHalfAngle":180,"frequencies":[453.275],"lawEnforcement":false}},{"type":"Feature","geometry":{"type":"Point","coordinates":[-80.20844444444445,33.03966666666666]},"properties":{"id":"fcc/WPYR621/33.03967,-80.20844","kind":"radio","brand":"Other","rawBrand":"FCC ULS","name":"SUMMERVILLE CPW (WPYR621)","operator":"SUMMERVILLE CPW","directions":[],"omni":true,"zone":null,"purpose":"Public-safety radio transmitter — SUMMERVILLE CPW, SUMMERVILLE","imageUrl":null,"fovHalfAngle":180,"frequencies":[453.275],"lawEnforcement":false}},{"type":"Feature","geometry":{"type":"Point","coordinates":[-80.22708333333334,33.018972222222224]},"properties":{"id":"fcc/WPYR621/33.01897,-80.22708","kind":"radio","brand":"Other","rawBrand":"FCC ULS","name":"SUMMERVILLE CPW (WPYR621)","operator":"SUMMERVILLE CPW","directions":[],"omni":true,"zone":null,"purpose":"Public-safety radio transmitter — SUMMERVILLE CPW, SUMMERVILLE","imageUrl":null,"fovHalfAngle":180,"frequencies":[453.275],"lawEnforcement":false}},{"type":"Feature","geometry":{"type":"Point","coordinates":[-82.03194444444445,34.9925]},"properties":{"id":"fcc/WNDK820/34.99250,-82.03194","kind":"radio","brand":"Other","rawBrand":"FCC ULS","name":"North Spartanburg Fire and Emergency Services District (WNDK820)","operator":"North Spartanburg Fire and Emergency Services District","directions":[],"omni":true,"zone":null,"purpose":"Public-safety radio transmitter — North Spartanburg Fire and Emergency Services District, SPARTANBURG","imageUrl":null,"fovHalfAngle":180,"frequencies":[154.22,155.385,158.94],"lawEnforcement":false}},{"type":"Feature","geometry":{"type":"Point","coordinates":[-80.80813888888889,34.479305555555555]},"properties":{"id":"fcc/WQAD617/34.47931,-80.80814","kind":"radio","brand":"Other","rawBrand":"FCC ULS","name":"South Carolina Forestry Commission (WQAD617)","operator":"South Carolina Forestry Commission","directions":[],"omni":true,"zone":null,"purpose":"Public-safety radio transmitter — South Carolina Forestry Commission, LIBERTY HILL","imageUrl":null,"fovHalfAngle":180,"frequencies":[151.19,159.27,159.405,159.4275,159.45],"lawEnforcement":false}},{"type":"Feature","geometry":{"type":"Point","coordinates":[-81.88586111111111,34.91152777777778]},"properties":{"id":"fcc/WQAF637/34.91153,-81.88586","kind":"radio","brand":"Other","rawBrand":"FCC ULS","name":"South Spartanburg Fire District (WQAF637)","operator":"South Spartanburg Fire District","directions":[],"omni":true,"zone":null,"purpose":"Public-safety radio transmitter — South Spartanburg Fire District, SPARTANBURG","imageUrl":null,"fovHalfAngle":180,"frequencies":[155.6175,159.0825],"lawEnforcement":false}},{"type":"Feature","geometry":{"type":"Point","coordinates":[-79.6125,34.62694444444445]},"properties":{"id":"fcc/WQAK395/34.62694,-79.61250","kind":"radio","brand":"Other","rawBrand":"FCC ULS","name":"MARLBORO, COUNTY OF (WQAK395)","operator":"MARLBORO, COUNTY OF","directions":[],"omni":true,"zone":null,"purpose":"Public-safety radio transmitter — MARLBORO, COUNTY OF, BENNETTSVILLE","imageUrl":null,"fovHalfAngle":180,"frequencies":[460.05,460.125,460.25,465.05,465.125],"lawEnforcement":false}},{"type":"Feature","geometry":{"type":"Point","coordinates":[-79.68466666666667,34.61697222222222]},"properties":{"id":"fcc/WQAK395/34.61697,-79.68467","kind":"radio","brand":"Other","rawBrand":"FCC ULS","name":"MARLBORO, COUNTY OF (WQAK395)","operator":"MARLBORO, COUNTY OF","directions":[],"omni":true,"zone":null,"purpose":"Public-safety radio transmitter — MARLBORO, COUNTY OF, BENNETTSVILLE","imageUrl":null,"fovHalfAngle":180,"frequencies":[460.05,460.125,460.25,465.05,465.125],"lawEnforcement":false}},{"type":"Feature","geometry":{"type":"Point","coordinates":[-82.58680555555556,34.09288888888889]},"properties":{"id":"fcc/WQAX347/34.09289,-82.58681","kind":"radio","brand":"Other","rawBrand":"FCC ULS","name":"CALHOUN FALLS, TOWN OF (WQAX347)","operator":"CALHOUN FALLS, TOWN OF","directions":[],"omni":true,"zone":null,"purpose":"Public-safety radio transmitter — CALHOUN FALLS, TOWN OF, CALHOUN FALLS","imageUrl":null,"fovHalfAngle":180,"frequencies":[156.015],"lawEnforcement":false}},{"type":"Feature","geometry":{"type":"Point","coordinates":[-81.732,33.99047222222222]},"properties":{"id":"fcc/WPTW269/33.99047,-81.73200","kind":"radio","brand":"Other","rawBrand":"FCC ULS","name":"SALUDA, COUNTY OF (WPTW269)","operator":"SALUDA, COUNTY OF","directions":[],"omni":true,"zone":null,"purpose":"Public-safety radio transmitter — SALUDA, COUNTY OF, SALUDA","imageUrl":null,"fovHalfAngle":180,"frequencies":[150.805,155.16,155.34,155.385],"lawEnforcement":false}},{"type":"Feature","geometry":{"type":"Point","coordinates":[-81.86916666666666,35.07972222222222]},"properties":{"id":"fcc/WQEN814/35.07972,-81.86917","kind":"radio","brand":"Other","rawBrand":"FCC ULS","name":"MAYO AREA FIRE DISTRICT (WQEN814)","operator":"MAYO AREA FIRE DISTRICT","directions":[],"omni":true,"zone":null,"purpose":"Public-safety radio transmitter — MAYO AREA FIRE DISTRICT, MAYO","imageUrl":null,"fovHalfAngle":180,"frequencies":[151.0775,154.77,155.835],"lawEnforcement":false}},{"type":"Feature","geometry":{"type":"Point","coordinates":[-80.15341666666667,32.93711111111111]},"properties":{"id":"fcc/WQFQ945/32.93711,-80.15342","kind":"radio","brand":"Other","rawBrand":"FCC ULS","name":"Dorchester County (WQFQ945)","operator":"Dorchester County","directions":[],"omni":true,"zone":null,"purpose":"Public-safety radio transmitter — Dorchester County, N. CHARLESTON","imageUrl":null,"fovHalfAngle":180,"frequencies":[453.4],"lawEnforcement":false}},{"type":"Feature","geometry":{"type":"Point","coordinates":[-80.25063888888889,33.046277777777775]},"properties":{"id":"fcc/WQFQ945/33.04628,-80.25064","kind":"radio","brand":"Other","rawBrand":"FCC ULS","name":"Dorchester County (WQFQ945)","operator":"Dorchester County","directions":[],"omni":true,"zone":null,"purpose":"Public-safety radio transmitter — Dorchester County, SUMMERVILLE","imageUrl":null,"fovHalfAngle":180,"frequencies":[453.4],"lawEnforcement":false}},{"type":"Feature","geometry":{"type":"Point","coordinates":[-80.20008333333334,33.028777777777776]},"properties":{"id":"fcc/WQFQ945/33.02878,-80.20008","kind":"radio","brand":"Other","rawBrand":"FCC ULS","name":"Dorchester County (WQFQ945)","operator":"Dorchester County","directions":[],"omni":true,"zone":null,"purpose":"Public-safety radio transmitter — Dorchester County, N. CHARLESTON","imageUrl":null,"fovHalfAngle":180,"frequencies":[453.4],"lawEnforcement":false}},{"type":"Feature","geometry":{"type":"Point","coordinates":[-80.20925,32.970444444444446]},"properties":{"id":"fcc/WQFQ945/32.97044,-80.20925","kind":"radio","brand":"Other","rawBrand":"FCC ULS","name":"Dorchester County (WQFQ945)","operator":"Dorchester County","directions":[],"omni":true,"zone":null,"purpose":"Public-safety radio transmitter — Dorchester County, N. CHARLESTON","imageUrl":null,"fovHalfAngle":180,"frequencies":[453.4],"lawEnforcement":false}},{"type":"Feature","geometry":{"type":"Point","coordinates":[-80.12758333333332,32.915166666666664]},"properties":{"id":"fcc/WQFQ945/32.91517,-80.12758","kind":"radio","brand":"Other","rawBrand":"FCC ULS","name":"Dorchester County (WQFQ945)","operator":"Dorchester County","directions":[],"omni":true,"zone":null,"purpose":"Public-safety radio transmitter — Dorchester County, N. CHARLESTON","imageUrl":null,"fovHalfAngle":180,"frequencies":[453.4],"lawEnforcement":false}},{"type":"Feature","geometry":{"type":"Point","coordinates":[-80.12619444444444,32.8985]},"properties":{"id":"fcc/WQFQ945/32.89850,-80.12619","kind":"radio","brand":"Other","rawBrand":"FCC ULS","name":"Dorchester County (WQFQ945)","operator":"Dorchester County","directions":[],"omni":true,"zone":null,"purpose":"Public-safety radio transmitter — Dorchester County, N. CHARLESTON","imageUrl":null,"fovHalfAngle":180,"frequencies":[453.4],"lawEnforcement":false}},{"type":"Feature","geometry":{"type":"Point","coordinates":[-82.33788888888888,34.65511111111111]},"properties":{"id":"fcc/WQGX284/34.65511,-82.33789","kind":"radio","brand":"Other","rawBrand":"FCC ULS","name":"SOUTH CAROLINA, STATE OF (WQGX284)","operator":"SOUTH CAROLINA, STATE OF","directions":[],"omni":true,"zone":null,"purpose":"Public-safety radio transmitter — SOUTH CAROLINA, STATE OF, PELZER","imageUrl":null,"fovHalfAngle":180,"frequencies":[151.115,155.46],"lawEnforcement":false}},{"type":"Feature","geometry":{"type":"Point","coordinates":[-81.94944444444445,34.50833333333333]},"properties":{"id":"fcc/WQHH260/34.50833,-81.94944","kind":"radio","brand":"Other","rawBrand":"FCC ULS","name":"South Carolina Aeronautics Commission (WQHH260)","operator":"South Carolina Aeronautics Commission","directions":[],"omni":true,"zone":null,"purpose":"Public-safety radio transmitter — South Carolina Aeronautics Commission, LAURENS","imageUrl":null,"fovHalfAngle":180,"frequencies":[451.85],"lawEnforcement":false}},{"type":"Feature","geometry":{"type":"Point","coordinates":[-81.94861111111112,34.50833333333333]},"properties":{"id":"fcc/WQHH260/34.50833,-81.94861","kind":"radio","brand":"Other","rawBrand":"FCC ULS","name":"South Carolina Aeronautics Commission (WQHH260)","operator":"South Carolina Aeronautics Commission","directions":[],"omni":true,"zone":null,"purpose":"Public-safety radio transmitter — South Carolina Aeronautics Commission, LAURENS","imageUrl":null,"fovHalfAngle":180,"frequencies":[451.85],"lawEnforcement":false}},{"type":"Feature","geometry":{"type":"Point","coordinates":[-82.37858333333332,34.34108333333334]},"properties":{"id":"fcc/WQIC913/34.34108,-82.37858","kind":"radio","brand":"Other","rawBrand":"FCC ULS","name":"ABBEVILLE, COUNTY OF (WQIC913)","operator":"ABBEVILLE, COUNTY OF","directions":[],"omni":true,"zone":null,"purpose":"Public-safety radio transmitter — ABBEVILLE, COUNTY OF, DONALDS","imageUrl":null,"fovHalfAngle":180,"frequencies":[154.8675,155.115,155.13,155.16,159.135,453.775,458.775],"lawEnforcement":false}},{"type":"Feature","geometry":{"type":"Point","coordinates":[-82.58763888888889,34.10030555555556]},"properties":{"id":"fcc/WQIC913/34.10031,-82.58764","kind":"radio","brand":"Other","rawBrand":"FCC ULS","name":"ABBEVILLE, COUNTY OF (WQIC913)","operator":"ABBEVILLE, COUNTY OF","directions":[],"omni":true,"zone":null,"purpose":"Public-safety radio transmitter — ABBEVILLE, COUNTY OF, CALHOUN FALLS","imageUrl":null,"fovHalfAngle":180,"frequencies":[154.8675,155.115,155.13,155.16,159.135,453.775,458.775],"lawEnforcement":false}},{"type":"Feature","geometry":{"type":"Point","coordinates":[-82.40916666666668,34.158055555555556]},"properties":{"id":"fcc/WQIC913/34.15806,-82.40917","kind":"radio","brand":"Other","rawBrand":"FCC ULS","name":"ABBEVILLE, COUNTY OF (WQIC913)","operator":"ABBEVILLE, COUNTY OF","directions":[],"omni":true,"zone":null,"purpose":"Public-safety radio transmitter — ABBEVILLE, COUNTY OF, ABBEVILLE","imageUrl":null,"fovHalfAngle":180,"frequencies":[154.8675,155.115,155.13,155.16,159.135,453.775,458.775],"lawEnforcement":false}},{"type":"Feature","geometry":{"type":"Point","coordinates":[-81.82844444444444,34.72069444444445]},"properties":{"id":"fcc/WQJB932/34.72069,-81.82844","kind":"radio","brand":"Other","rawBrand":"FCC ULS","name":"SOUTH CAROLINA, STATE OF (WQJB932)","operator":"SOUTH CAROLINA, STATE OF","directions":[],"omni":true,"zone":null,"purpose":"Public-safety radio transmitter — SOUTH CAROLINA, STATE OF, ENOREE","imageUrl":null,"fovHalfAngle":180,"frequencies":[153.74,153.815,153.905,154.815,154.995],"lawEnforcement":false}},{"type":"Feature","geometry":{"type":"Point","coordinates":[-80.07805555555555,33.89333333333333]},"properties":{"id":"fcc/WQJB932/33.89333,-80.07806","kind":"radio","brand":"Other","rawBrand":"FCC ULS","name":"SOUTH CAROLINA, STATE OF (WQJB932)","operator":"SOUTH CAROLINA, STATE OF","directions":[],"omni":true,"zone":null,"purpose":"Public-safety radio transmitter — SOUTH CAROLINA, STATE OF, TURBEVILLE","imageUrl":null,"fovHalfAngle":180,"frequencies":[153.74,153.815,153.905,154.815,154.995],"lawEnforcement":false}},{"type":"Feature","geometry":{"type":"Point","coordinates":[-79.38138888888888,34.409166666666664]},"properties":{"id":"fcc/WQJC723/34.40917,-79.38139","kind":"radio","brand":"Other","rawBrand":"FCC ULS","name":"DILLON COUNTY DETENTION CENTER (WQJC723)","operator":"DILLON COUNTY DETENTION CENTER","directions":[],"omni":true,"zone":null,"purpose":"Public-safety radio transmitter — DILLON COUNTY DETENTION CENTER, DILLON","imageUrl":null,"fovHalfAngle":180,"frequencies":[453.425,458.425],"lawEnforcement":false}},{"type":"Feature","geometry":{"type":"Point","coordinates":[-79.90666666666667,33.11527777777778]},"properties":{"id":"fcc/WQJI477/33.11528,-79.90667","kind":"radio","brand":"Other","rawBrand":"FCC ULS","name":"BERKELEY, COUNTY OF (WQJI477)","operator":"BERKELEY, COUNTY OF","directions":[],"omni":true,"zone":null,"purpose":"Public-safety radio transmitter — BERKELEY, COUNTY OF, CORDESVILLE","imageUrl":null,"fovHalfAngle":180,"frequencies":[153.7775,158.7525,453.1625],"lawEnforcement":false}},{"type":"Feature","geometry":{"type":"Point","coordinates":[-80.16611111111112,33.301111111111105]},"properties":{"id":"fcc/WQJI477/33.30111,-80.16611","kind":"radio","brand":"Other","rawBrand":"FCC ULS","name":"BERKELEY, COUNTY OF (WQJI477)","operator":"BERKELEY, COUNTY OF","directions":[],"omni":true,"zone":null,"purpose":"Public-safety radio transmitter — BERKELEY, COUNTY OF, CROSS","imageUrl":null,"fovHalfAngle":180,"frequencies":[153.7775,158.7525,453.1625],"lawEnforcement":false}},{"type":"Feature","geometry":{"type":"Point","coordinates":[-81.10216666666666,32.76475]},"properties":{"id":"fcc/WXF844/32.76475,-81.10217","kind":"radio","brand":"Other","rawBrand":"FCC ULS","name":"HAMPTON, COUNTY OF (WXF844)","operator":"HAMPTON, COUNTY OF","directions":[],"omni":true,"zone":null,"purpose":"Public-safety radio transmitter — HAMPTON, COUNTY OF, VARNVILLE","imageUrl":null,"fovHalfAngle":180,"frequencies":[460.075,465.075],"lawEnforcement":false}},{"type":"Feature","geometry":{"type":"Point","coordinates":[-78.9383888888889,33.660666666666664]},"properties":{"id":"fcc/WNZK578/33.66067,-78.93839","kind":"radio","brand":"Other","rawBrand":"FCC ULS","name":"COASTAL CAROLINA UNIVERSITY Department of Public Safety (WNZK578)","operator":"COASTAL CAROLINA UNIVERSITY Department of Public Safety","directions":[],"omni":true,"zone":null,"purpose":"Law-enforcement radio transmitter — COASTAL CAROLINA UNIVERSITY Department of Public Safety, MYRTLE BEACH","imageUrl":null,"fovHalfAngle":180,"frequencies":[453.05,453.825,458.05,458.825],"lawEnforcement":true}},{"type":"Feature","geometry":{"type":"Point","coordinates":[-82.41122222222222,34.9415]},"properties":{"id":"fcc/WQRN866/34.94150,-82.41122","kind":"radio","brand":"Other","rawBrand":"FCC ULS","name":"GREATER GREENVILLE SANITATION COMMISSION (WQRN866)","operator":"GREATER GREENVILLE SANITATION COMMISSION","directions":[],"omni":true,"zone":null,"purpose":"Public-safety radio transmitter — GREATER GREENVILLE SANITATION COMMISSION, GREENVILLE","imageUrl":null,"fovHalfAngle":180,"frequencies":[460.1125,460.2375,460.3625,465.1125,465.2375,465.3625],"lawEnforcement":false}},{"type":"Feature","geometry":{"type":"Point","coordinates":[-81.40547222222223,34.18744444444444]},"properties":{"id":"fcc/WRVW303/34.18744,-81.40547","kind":"radio","brand":"Other","rawBrand":"FCC ULS","name":"SOUTH CAROLINA DEPARTMENT OF ADMINISTRATION (DTO) (WRVW303)","operator":"SOUTH CAROLINA DEPARTMENT OF ADMINISTRATION (DTO)","directions":[],"omni":true,"zone":null,"purpose":"Public-safety radio transmitter — SOUTH CAROLINA DEPARTMENT OF ADMINISTRATION (DTO), LITTLE MOUNTAIN","imageUrl":null,"fovHalfAngle":180,"frequencies":[453.4625,453.7125,453.8625,458.4625,458.7125,458.8625],"lawEnforcement":false}},{"type":"Feature","geometry":{"type":"Point","coordinates":[-81.73777777777778,33.99388888888889]},"properties":{"id":"fcc/WRVW303/33.99389,-81.73778","kind":"radio","brand":"Other","rawBrand":"FCC ULS","name":"SOUTH CAROLINA DEPARTMENT OF ADMINISTRATION (DTO) (WRVW303)","operator":"SOUTH CAROLINA DEPARTMENT OF ADMINISTRATION (DTO)","directions":[],"omni":true,"zone":null,"purpose":"Public-safety radio transmitter — SOUTH CAROLINA DEPARTMENT OF ADMINISTRATION (DTO), SALUDA","imageUrl":null,"fovHalfAngle":180,"frequencies":[453.4625,453.7125,453.8625,458.4625,458.7125,458.8625],"lawEnforcement":false}},{"type":"Feature","geometry":{"type":"Point","coordinates":[-82.40916666666668,34.158055555555556]},"properties":{"id":"fcc/WRVW303/34.15806,-82.40917","kind":"radio","brand":"Other","rawBrand":"FCC ULS","name":"SOUTH CAROLINA DEPARTMENT OF ADMINISTRATION (DTO) (WRVW303)","operator":"SOUTH CAROLINA DEPARTMENT OF ADMINISTRATION (DTO)","directions":[],"omni":true,"zone":null,"purpose":"Public-safety radio transmitter — SOUTH CAROLINA DEPARTMENT OF ADMINISTRATION (DTO), ABBEVILLE","imageUrl":null,"fovHalfAngle":180,"frequencies":[453.4625,453.7125,453.8625,458.4625,458.7125,458.8625],"lawEnforcement":false}},{"type":"Feature","geometry":{"type":"Point","coordinates":[-82.90608333333334,34.725500000000004]},"properties":{"id":"fcc/WRVZ282/34.72550,-82.90608","kind":"radio","brand":"Other","rawBrand":"FCC ULS","name":"OCONEE, COUNTY OF (WRVZ282)","operator":"OCONEE, COUNTY OF","directions":[],"omni":true,"zone":null,"purpose":"Public-safety radio transmitter — OCONEE, COUNTY OF, SENECA","imageUrl":null,"fovHalfAngle":180,"frequencies":[151.0775,155.6025,453.225,458.225],"lawEnforcement":false}},{"type":"Feature","geometry":{"type":"Point","coordinates":[-79.75402777777778,34.18069444444444]},"properties":{"id":"fcc/WRWU993/34.18069,-79.75403","kind":"radio","brand":"Other","rawBrand":"FCC ULS","name":"South Carolina Department of Disabilities and Special Needs (WRWU993)","operator":"South Carolina Department of Disabilities and Special Needs","directions":[],"omni":true,"zone":null,"purpose":"Public-safety radio transmitter — South Carolina Department of Disabilities and Special Needs, Florence","imageUrl":null,"fovHalfAngle":180,"frequencies":[453.2,458.2,458.2375],"lawEnforcement":false}},{"type":"Feature","geometry":{"type":"Point","coordinates":[-81.68208333333334,33.65094444444444]},"properties":{"id":"fcc/WRXI684/33.65094,-81.68208","kind":"radio","brand":"Other","rawBrand":"FCC ULS","name":"S.C. AERONAUTICS COMMISSION (WRXI684)","operator":"S.C. AERONAUTICS COMMISSION","directions":[],"omni":true,"zone":null,"purpose":"Public-safety radio transmitter — S.C. AERONAUTICS COMMISSION, AIKEN","imageUrl":null,"fovHalfAngle":180,"frequencies":[453.1125],"lawEnforcement":false}},{"type":"Feature","geometry":{"type":"Point","coordinates":[-81.67800000000001,33.64947222222222]},"properties":{"id":"fcc/WRXI684/33.64947,-81.67800","kind":"radio","brand":"Other","rawBrand":"FCC ULS","name":"S.C. AERONAUTICS COMMISSION (WRXI684)","operator":"S.C. AERONAUTICS COMMISSION","directions":[],"omni":true,"zone":null,"purpose":"Public-safety radio transmitter — S.C. AERONAUTICS COMMISSION, AIKEN","imageUrl":null,"fovHalfAngle":180,"frequencies":[453.1125],"lawEnforcement":false}},{"type":"Feature","geometry":{"type":"Point","coordinates":[-81.62277777777777,35.03722222222222]},"properties":{"id":"fcc/WRZK227/35.03722,-81.62278","kind":"radio","brand":"Other","rawBrand":"FCC ULS","name":"CHEROKEE, COUNTY OF (WRZK227)","operator":"CHEROKEE, COUNTY OF","directions":[],"omni":true,"zone":null,"purpose":"Public-safety radio transmitter — CHEROKEE, COUNTY OF, GAFFNEY","imageUrl":null,"fovHalfAngle":180,"frequencies":[453.325,453.575,453.7625,458.325,458.575,458.7625],"lawEnforcement":false}},{"type":"Feature","geometry":{"type":"Point","coordinates":[-81.41297222222222,33.39563888888889]},"properties":{"id":"fcc/WRZL435/33.39564,-81.41297","kind":"radio","brand":"Other","rawBrand":"FCC ULS","name":"BARNWELL COUNTY CONSOLIDATED SCHOOLS (WRZL435)","operator":"BARNWELL COUNTY CONSOLIDATED SCHOOLS","directions":[],"omni":true,"zone":null,"purpose":"Public-safety radio transmitter — BARNWELL COUNTY CONSOLIDATED SCHOOLS, WILLISTON","imageUrl":null,"fovHalfAngle":180,"frequencies":[453.625,458.625],"lawEnforcement":false}},{"type":"Feature","geometry":{"type":"Point","coordinates":[-81.26458333333333,33.36405555555556]},"properties":{"id":"fcc/WRZL435/33.36406,-81.26458","kind":"radio","brand":"Other","rawBrand":"FCC ULS","name":"BARNWELL COUNTY CONSOLIDATED SCHOOLS (WRZL435)","operator":"BARNWELL COUNTY CONSOLIDATED SCHOOLS","directions":[],"omni":true,"zone":null,"purpose":"Public-safety radio transmitter — BARNWELL COUNTY CONSOLIDATED SCHOOLS, BLACKVILLE","imageUrl":null,"fovHalfAngle":180,"frequencies":[453.625,458.625],"lawEnforcement":false}},{"type":"Feature","geometry":{"type":"Point","coordinates":[-82.40916666666668,34.158055555555556]},"properties":{"id":"fcc/WSEM981/34.15806,-82.40917","kind":"radio","brand":"Other","rawBrand":"FCC ULS","name":"ABBEVILLE COUNTY FIRE COMMISSION (WSEM981)","operator":"ABBEVILLE COUNTY FIRE COMMISSION","directions":[],"omni":true,"zone":null,"purpose":"Public-safety radio transmitter — ABBEVILLE COUNTY FIRE COMMISSION, ABBEVILLE","imageUrl":null,"fovHalfAngle":180,"frequencies":[154.01],"lawEnforcement":false}},{"type":"Feature","geometry":{"type":"Point","coordinates":[-81.89019444444445,33.79391666666667]},"properties":{"id":"fcc/WSFP573/33.79392,-81.89019","kind":"radio","brand":"Other","rawBrand":"FCC ULS","name":"EDGEFIELD, COUNTY OF (WSFP573)","operator":"EDGEFIELD, COUNTY OF","directions":[],"omni":true,"zone":null,"purpose":"Public-safety radio transmitter — EDGEFIELD, COUNTY OF, Edgefield","imageUrl":null,"fovHalfAngle":180,"frequencies":[460.1625,460.4375,465.1625,465.4375],"lawEnforcement":false}},{"type":"Feature","geometry":{"type":"Point","coordinates":[-81.94075000000001,33.592000000000006]},"properties":{"id":"fcc/WSFP573/33.59200,-81.94075","kind":"radio","brand":"Other","rawBrand":"FCC ULS","name":"EDGEFIELD, COUNTY OF (WSFP573)","operator":"EDGEFIELD, COUNTY OF","directions":[],"omni":true,"zone":null,"purpose":"Public-safety radio transmitter — EDGEFIELD, COUNTY OF, NORTH AUGUSTA","imageUrl":null,"fovHalfAngle":180,"frequencies":[460.1625,460.4375,465.1625,465.4375],"lawEnforcement":false}},{"type":"Feature","geometry":{"type":"Point","coordinates":[-79.76641666666667,34.19580555555555]},"properties":{"id":"fcc/WQUW608/34.19581,-79.76642","kind":"radio","brand":"Other","rawBrand":"FCC ULS","name":"Florence County Museum (WQUW608)","operator":"Florence County Museum","directions":[],"omni":true,"zone":null,"purpose":"Public-safety radio transmitter — Florence County Museum, Florence","imageUrl":null,"fovHalfAngle":180,"frequencies":[453.1625,458.1625],"lawEnforcement":false}},{"type":"Feature","geometry":{"type":"Point","coordinates":[-82.56511111111111,34.25625]},"properties":{"id":"fcc/WQIC913/34.25625,-82.56511","kind":"radio","brand":"Other","rawBrand":"FCC ULS","name":"ABBEVILLE, COUNTY OF (WQIC913)","operator":"ABBEVILLE, COUNTY OF","directions":[],"omni":true,"zone":null,"purpose":"Public-safety radio transmitter — ABBEVILLE, COUNTY OF, ABBEVILLE","imageUrl":null,"fovHalfAngle":180,"frequencies":[154.8675,155.115,155.13,155.16,159.135,453.775,458.775],"lawEnforcement":false}},{"type":"Feature","geometry":{"type":"Point","coordinates":[-81.10222222222221,34.07055555555556]},"properties":{"id":"fcc/WSGJ228/34.07056,-81.10222","kind":"radio","brand":"Other","rawBrand":"FCC ULS","name":"State of South Carolina (WSGJ228)","operator":"State of South Carolina","directions":[],"omni":true,"zone":null,"purpose":"Public-safety radio transmitter — State of South Carolina, Columbia","imageUrl":null,"fovHalfAngle":180,"frequencies":[151.0775,155.4225],"lawEnforcement":false}},{"type":"Feature","geometry":{"type":"Point","coordinates":[-80.72105555555555,33.93980555555555]},"properties":{"id":"fcc/KRE281/33.93981,-80.72106","kind":"radio","brand":"Other","rawBrand":"FCC ULS","name":"SOUTH CAROLINA DEPARTMENT OF TRANSPORTATION (KRE281)","operator":"SOUTH CAROLINA DEPARTMENT OF TRANSPORTATION","directions":[],"omni":true,"zone":null,"purpose":"Public-safety radio transmitter — SOUTH CAROLINA DEPARTMENT OF TRANSPORTATION, EASTOVER","imageUrl":null,"fovHalfAngle":180,"frequencies":[45.68,47.28,47.34],"lawEnforcement":false}},{"type":"Feature","geometry":{"type":"Point","coordinates":[-81.23894444444444,34.14363888888889]},"properties":{"id":"fcc/KRE281/34.14364,-81.23894","kind":"radio","brand":"Other","rawBrand":"FCC ULS","name":"SOUTH CAROLINA DEPARTMENT OF TRANSPORTATION (KRE281)","operator":"SOUTH CAROLINA DEPARTMENT OF TRANSPORTATION","directions":[],"omni":true,"zone":null,"purpose":"Public-safety radio transmitter — SOUTH CAROLINA DEPARTMENT OF TRANSPORTATION, IRMO","imageUrl":null,"fovHalfAngle":180,"frequencies":[45.68,47.28,47.34],"lawEnforcement":false}},{"type":"Feature","geometry":{"type":"Point","coordinates":[-81.11563888888888,34.0665]},"properties":{"id":"fcc/WSIA685/34.06650,-81.11564","kind":"radio","brand":"Other","rawBrand":"FCC ULS","name":"South Carolina, State of (WSIA685)","operator":"South Carolina, State of","directions":[],"omni":true,"zone":null,"purpose":"Public-safety radio transmitter — South Carolina, State of, Columbia","imageUrl":null,"fovHalfAngle":180,"frequencies":[154.0325,154.25,154.3325,158.76,159.03,159.15],"lawEnforcement":false}},{"type":"Feature","geometry":{"type":"Point","coordinates":[-81.11680555555554,34.06927777777778]},"properties":{"id":"fcc/WSIA685/34.06928,-81.11681","kind":"radio","brand":"Other","rawBrand":"FCC ULS","name":"South Carolina, State of (WSIA685)","operator":"South Carolina, State of","directions":[],"omni":true,"zone":null,"purpose":"Public-safety radio transmitter — South Carolina, State of, Columbia","imageUrl":null,"fovHalfAngle":180,"frequencies":[154.0325,154.25,154.3325,158.76,159.03,159.15],"lawEnforcement":false}},{"type":"Feature","geometry":{"type":"Point","coordinates":[-81.98630555555556,34.97716666666667]},"properties":{"id":"fcc/WSIA685/34.97717,-81.98631","kind":"radio","brand":"Other","rawBrand":"FCC ULS","name":"South Carolina, State of (WSIA685)","operator":"South Carolina, State of","directions":[],"omni":true,"zone":null,"purpose":"Public-safety radio transmitter — South Carolina, State of, Spartanburg","imageUrl":null,"fovHalfAngle":180,"frequencies":[154.0325,154.25,154.3325,158.76,159.03,159.15],"lawEnforcement":false}},{"type":"Feature","geometry":{"type":"Point","coordinates":[-80.01627777777777,34.758916666666664]},"properties":{"id":"fcc/WSIB225/34.75892,-80.01628","kind":"radio","brand":"Other","rawBrand":"FCC ULS","name":"CHESTERFIELD, COUNTY OF (WSIB225)","operator":"CHESTERFIELD, COUNTY OF","directions":[],"omni":true,"zone":null,"purpose":"Public-safety radio transmitter — CHESTERFIELD, COUNTY OF, CHERAW","imageUrl":null,"fovHalfAngle":180,"frequencies":[453.3625,453.575,458.3625,458.575],"lawEnforcement":false}},{"type":"Feature","geometry":{"type":"Point","coordinates":[-80.15805555555556,34.614444444444445]},"properties":{"id":"fcc/WSIB225/34.61444,-80.15806","kind":"radio","brand":"Other","rawBrand":"FCC ULS","name":"CHESTERFIELD, COUNTY OF (WSIB225)","operator":"CHESTERFIELD, COUNTY OF","directions":[],"omni":true,"zone":null,"purpose":"Public-safety radio transmitter — CHESTERFIELD, COUNTY OF, PATRICK","imageUrl":null,"fovHalfAngle":180,"frequencies":[453.3625,453.575,458.3625,458.575],"lawEnforcement":false}},{"type":"Feature","geometry":{"type":"Point","coordinates":[-79.30055555555555,33.44499999999999]},"properties":{"id":"fcc/KCY639/33.44500,-79.30056","kind":"radio","brand":"Other","rawBrand":"FCC ULS","name":"GEORGETOWN MEMORIAL HOSPITAL (KCY639)","operator":"GEORGETOWN MEMORIAL HOSPITAL","directions":[],"omni":true,"zone":null,"purpose":"Public-safety radio transmitter — GEORGETOWN MEMORIAL HOSPITAL, GEORGETOWN","imageUrl":null,"fovHalfAngle":180,"frequencies":[152.0075,155.295,155.34],"lawEnforcement":false}},{"type":"Feature","geometry":{"type":"Point","coordinates":[-81.12988888888889,33.30716666666667]},"properties":{"id":"fcc/WPUB975/33.30717,-81.12989","kind":"radio","brand":"Other","rawBrand":"FCC ULS","name":"BAMBERG COUNTY OF (WPUB975)","operator":"BAMBERG COUNTY OF","directions":[],"omni":true,"zone":null,"purpose":"Public-safety radio transmitter — BAMBERG COUNTY OF, Denmark","imageUrl":null,"fovHalfAngle":180,"frequencies":[155.235,158.955,453.225,458.225],"lawEnforcement":false}},{"type":"Feature","geometry":{"type":"Point","coordinates":[-81.76227777777778,33.57105555555556]},"properties":{"id":"fcc/KNCH463/33.57106,-81.76228","kind":"radio","brand":"Other","rawBrand":"FCC ULS","name":"AIKEN, CITY OF -  DEPT. OF PUBLIC SAFETY (KNCH463)","operator":"AIKEN, CITY OF -  DEPT. OF PUBLIC SAFETY","directions":[],"omni":true,"zone":null,"purpose":"Law-enforcement radio transmitter — AIKEN, CITY OF -  DEPT. OF PUBLIC SAFETY, AIKEN","imageUrl":null,"fovHalfAngle":180,"frequencies":[453.15,453.2875,453.65,458.15,458.2875,458.65,460.0875,460.5875,465.0875,465.5875],"lawEnforcement":true}},{"type":"Feature","geometry":{"type":"Point","coordinates":[-81.69305555555556,33.5365]},"properties":{"id":"fcc/KNCH463/33.53650,-81.69306","kind":"radio","brand":"Other","rawBrand":"FCC ULS","name":"AIKEN, CITY OF -  DEPT. OF PUBLIC SAFETY (KNCH463)","operator":"AIKEN, CITY OF -  DEPT. OF PUBLIC SAFETY","directions":[],"omni":true,"zone":null,"purpose":"Law-enforcement radio transmitter — AIKEN, CITY OF -  DEPT. OF PUBLIC SAFETY, AIKEN","imageUrl":null,"fovHalfAngle":180,"frequencies":[453.15,453.2875,453.65,458.15,458.2875,458.65,460.0875,460.5875,465.0875,465.5875],"lawEnforcement":true}},{"type":"Feature","geometry":{"type":"Point","coordinates":[-81.71369444444444,33.485194444444446]},"properties":{"id":"fcc/KNCH463/33.48519,-81.71369","kind":"radio","brand":"Other","rawBrand":"FCC ULS","name":"AIKEN, CITY OF -  DEPT. OF PUBLIC SAFETY (KNCH463)","operator":"AIKEN, CITY OF -  DEPT. OF PUBLIC SAFETY","directions":[],"omni":true,"zone":null,"purpose":"Law-enforcement radio transmitter — AIKEN, CITY OF -  DEPT. OF PUBLIC SAFETY, AIKEN","imageUrl":null,"fovHalfAngle":180,"frequencies":[453.15,453.2875,453.65,458.15,458.2875,458.65,460.0875,460.5875,465.0875,465.5875],"lawEnforcement":true}},{"type":"Feature","geometry":{"type":"Point","coordinates":[-82.37480555555555,34.06022222222222]},"properties":{"id":"fcc/WQIC913/34.06022,-82.37481","kind":"radio","brand":"Other","rawBrand":"FCC ULS","name":"ABBEVILLE, COUNTY OF (WQIC913)","operator":"ABBEVILLE, COUNTY OF","directions":[],"omni":true,"zone":null,"purpose":"Public-safety radio transmitter — ABBEVILLE, COUNTY OF, Abbeville","imageUrl":null,"fovHalfAngle":180,"frequencies":[154.8675,155.115,155.13,155.16,159.135,453.775,458.775],"lawEnforcement":false}},{"type":"Feature","geometry":{"type":"Point","coordinates":[-80.22063888888889,33.05755555555555]},"properties":{"id":"fcc/WQZY463/33.05756,-80.22064","kind":"radio","brand":"Other","rawBrand":"FCC ULS","name":"Dorchester County (WQZY463)","operator":"Dorchester County","directions":[],"omni":true,"zone":null,"purpose":"Public-safety radio transmitter — Dorchester County, SUMMERVILLE","imageUrl":null,"fovHalfAngle":180,"frequencies":[453.975,458.975],"lawEnforcement":false}},{"type":"Feature","geometry":{"type":"Point","coordinates":[-81.0436111111111,34.755]},"properties":{"id":"fcc/WRBP566/34.75500,-81.04361","kind":"radio","brand":"Other","rawBrand":"FCC ULS","name":"CHESTER COUNTY E911 (WRBP566)","operator":"CHESTER COUNTY E911","directions":[],"omni":true,"zone":null,"purpose":"Public-safety radio transmitter — CHESTER COUNTY E911, RICHBURG","imageUrl":null,"fovHalfAngle":180,"frequencies":[151.31,155.8425],"lawEnforcement":false}},{"type":"Feature","geometry":{"type":"Point","coordinates":[-79.36477777777777,34.42161111111111]},"properties":{"id":"fcc/WSMV350/34.42161,-79.36478","kind":"radio","brand":"Other","rawBrand":"FCC ULS","name":"MCLEOD MEDICAL CENTER DILLON (WSMV350)","operator":"MCLEOD MEDICAL CENTER DILLON","directions":[],"omni":true,"zone":null,"purpose":"Public-safety radio transmitter — MCLEOD MEDICAL CENTER DILLON, DILLON","imageUrl":null,"fovHalfAngle":180,"frequencies":[155.34,453.6125],"lawEnforcement":false}},{"type":"Feature","geometry":{"type":"Point","coordinates":[-81.39708333333334,33.187777777777775]},"properties":{"id":"fcc/KNHL984/33.18778,-81.39708","kind":"radio","brand":"Other","rawBrand":"FCC ULS","name":"SC Emergency Management Division (KNHL984)","operator":"SC Emergency Management Division","directions":[],"omni":true,"zone":null,"purpose":"Public-safety radio transmitter — SC Emergency Management Division, BARNWELL","imageUrl":null,"fovHalfAngle":180,"frequencies":[45.48],"lawEnforcement":false}},{"type":"Feature","geometry":{"type":"Point","coordinates":[-80.60647222222222,34.24597222222222]},"properties":{"id":"fcc/WRTI799/34.24597,-80.60647","kind":"radio","brand":"Other","rawBrand":"FCC ULS","name":"KERSHAW, COUNTY OF (WRTI799)","operator":"KERSHAW, COUNTY OF","directions":[],"omni":true,"zone":null,"purpose":"Public-safety radio transmitter — KERSHAW, COUNTY OF, CAMDEN","imageUrl":null,"fovHalfAngle":180,"frequencies":[158.745],"lawEnforcement":false}},{"type":"Feature","geometry":{"type":"Point","coordinates":[-82.88930555555557,34.56344444444444]},"properties":{"id":"fcc/KJU240/34.56344,-82.88931","kind":"radio","brand":"Other","rawBrand":"FCC ULS","name":"ANDERSON, COUNTY OF (KJU240)","operator":"ANDERSON, COUNTY OF","directions":[],"omni":true,"zone":null,"purpose":"Public-safety radio transmitter — ANDERSON, COUNTY OF, TOWNVILLE","imageUrl":null,"fovHalfAngle":180,"frequencies":[153.95],"lawEnforcement":false}},{"type":"Feature","geometry":{"type":"Point","coordinates":[-80.33591666666666,33.89044444444444]},"properties":{"id":"fcc/KNDS800/33.89044,-80.33592","kind":"radio","brand":"Other","rawBrand":"FCC ULS","name":"SUMTER, CITY OF (KNDS800)","operator":"SUMTER, CITY OF","directions":[],"omni":true,"zone":null,"purpose":"Public-safety radio transmitter — SUMTER, CITY OF, SUMTER","imageUrl":null,"fovHalfAngle":180,"frequencies":[153.89,154.34],"lawEnforcement":false}},{"type":"Feature","geometry":{"type":"Point","coordinates":[-80.36813888888888,33.93238888888889]},"properties":{"id":"fcc/KNDS800/33.93239,-80.36814","kind":"radio","brand":"Other","rawBrand":"FCC ULS","name":"SUMTER, CITY OF (KNDS800)","operator":"SUMTER, CITY OF","directions":[],"omni":true,"zone":null,"purpose":"Public-safety radio transmitter — SUMTER, CITY OF, SUMTER","imageUrl":null,"fovHalfAngle":180,"frequencies":[153.89,154.34],"lawEnforcement":false}},{"type":"Feature","geometry":{"type":"Point","coordinates":[-80.34063888888889,33.92238888888889]},"properties":{"id":"fcc/KNDS800/33.92239,-80.34064","kind":"radio","brand":"Other","rawBrand":"FCC ULS","name":"SUMTER, CITY OF (KNDS800)","operator":"SUMTER, CITY OF","directions":[],"omni":true,"zone":null,"purpose":"Public-safety radio transmitter — SUMTER, CITY OF, SUMTER","imageUrl":null,"fovHalfAngle":180,"frequencies":[153.89,154.34],"lawEnforcement":false}},{"type":"Feature","geometry":{"type":"Point","coordinates":[-80.27036111111111,33.881277777777775]},"properties":{"id":"fcc/KNDS800/33.88128,-80.27036","kind":"radio","brand":"Other","rawBrand":"FCC ULS","name":"SUMTER, CITY OF (KNDS800)","operator":"SUMTER, CITY OF","directions":[],"omni":true,"zone":null,"purpose":"Public-safety radio transmitter — SUMTER, CITY OF, SUMTER","imageUrl":null,"fovHalfAngle":180,"frequencies":[153.89,154.34],"lawEnforcement":false}},{"type":"Feature","geometry":{"type":"Point","coordinates":[-81.03313888888889,34.93347222222222]},"properties":{"id":"fcc/KNJX267/34.93347,-81.03314","kind":"radio","brand":"Other","rawBrand":"FCC ULS","name":"YORK, COUNTY OF (KNJX267)","operator":"YORK, COUNTY OF","directions":[],"omni":true,"zone":null,"purpose":"Public-safety radio transmitter — YORK, COUNTY OF, ROCK HILL","imageUrl":null,"fovHalfAngle":180,"frequencies":[154.145],"lawEnforcement":false}},{"type":"Feature","geometry":{"type":"Point","coordinates":[-82.39733333333334,34.69011111111111]},"properties":{"id":"fcc/KSI775/34.69011,-82.39733","kind":"radio","brand":"Other","rawBrand":"FCC ULS","name":"SOUTH GREENVILLE FIRE DISTRICT (KSI775)","operator":"SOUTH GREENVILLE FIRE DISTRICT","directions":[],"omni":true,"zone":null,"purpose":"Public-safety radio transmitter — SOUTH GREENVILLE FIRE DISTRICT, PELZER","imageUrl":null,"fovHalfAngle":180,"frequencies":[151.07,153.83,154.28,154.415],"lawEnforcement":false}},{"type":"Feature","geometry":{"type":"Point","coordinates":[-81.0351111111111,33.2885]},"properties":{"id":"fcc/KFR588/33.28850,-81.03511","kind":"radio","brand":"Other","rawBrand":"FCC ULS","name":"SOUTH CAROLINA DEPARTMENT OF TRANSPORTATION (KFR588)","operator":"SOUTH CAROLINA DEPARTMENT OF TRANSPORTATION","directions":[],"omni":true,"zone":null,"purpose":"Public-safety radio transmitter — SOUTH CAROLINA DEPARTMENT OF TRANSPORTATION, BAMBERG","imageUrl":null,"fovHalfAngle":180,"frequencies":[45.4,47.22,47.28,47.34],"lawEnforcement":false}},{"type":"Feature","geometry":{"type":"Point","coordinates":[-80.78686111111111,33.66186111111111]},"properties":{"id":"fcc/KFR589/33.66186,-80.78686","kind":"radio","brand":"Other","rawBrand":"FCC ULS","name":"SOUTH CAROLINA DEPARTMENT OF TRANSPORTATION (KFR589)","operator":"SOUTH CAROLINA DEPARTMENT OF TRANSPORTATION","directions":[],"omni":true,"zone":null,"purpose":"Public-safety radio transmitter — SOUTH CAROLINA DEPARTMENT OF TRANSPORTATION, SAINT MATTHEWS","imageUrl":null,"fovHalfAngle":180,"frequencies":[45.2,47.08,47.34],"lawEnforcement":false}},{"type":"Feature","geometry":{"type":"Point","coordinates":[-81.77122222222222,34.000416666666666]},"properties":{"id":"fcc/KLJ906/34.00042,-81.77122","kind":"radio","brand":"Other","rawBrand":"FCC ULS","name":"South Carolina Emergency Management Division (KLJ906)","operator":"South Carolina Emergency Management Division","directions":[],"omni":true,"zone":null,"purpose":"Public-safety radio transmitter — South Carolina Emergency Management Division, SALUDA","imageUrl":null,"fovHalfAngle":180,"frequencies":[45.08,45.48],"lawEnforcement":false}},{"type":"Feature","geometry":{"type":"Point","coordinates":[-80.24702777777777,34.217666666666666]},"properties":{"id":"fcc/KNEF754/34.21767,-80.24703","kind":"radio","brand":"Other","rawBrand":"FCC ULS","name":"BISHOPVILLE, TOWN OF (KNEF754)","operator":"BISHOPVILLE, TOWN OF","directions":[],"omni":true,"zone":null,"purpose":"Public-safety radio transmitter — BISHOPVILLE, TOWN OF, BISHOPVILLE","imageUrl":null,"fovHalfAngle":180,"frequencies":[453.15,458.15],"lawEnforcement":false}},{"type":"Feature","geometry":{"type":"Point","coordinates":[-81.9565,34.94455555555555]},"properties":{"id":"fcc/KNFF608/34.94456,-81.95650","kind":"radio","brand":"Other","rawBrand":"FCC ULS","name":"Spartanburg County Communications / 9-1-1 (KNFF608)","operator":"Spartanburg County Communications / 9-1-1","directions":[],"omni":true,"zone":null,"purpose":"Public-safety radio transmitter — Spartanburg County Communications / 9-1-1, SPARTANBURG","imageUrl":null,"fovHalfAngle":180,"frequencies":[45.4],"lawEnforcement":false}},{"type":"Feature","geometry":{"type":"Point","coordinates":[-81.04008333333333,33.99016666666667]},"properties":{"id":"fcc/KRL282/33.99017,-81.04008","kind":"radio","brand":"Other","rawBrand":"FCC ULS","name":"City of Columbia (KRL282)","operator":"City of Columbia","directions":[],"omni":true,"zone":null,"purpose":"Public-safety radio transmitter — City of Columbia, COLUMBIA","imageUrl":null,"fovHalfAngle":180,"frequencies":[453.775,458.775],"lawEnforcement":false}},{"type":"Feature","geometry":{"type":"Point","coordinates":[-80.90258333333334,34.57180555555556]},"properties":{"id":"fcc/KSO938/34.57181,-80.90258","kind":"radio","brand":"Other","rawBrand":"FCC ULS","name":"GREAT FALLS, TOWN OF (KSO938)","operator":"GREAT FALLS, TOWN OF","directions":[],"omni":true,"zone":null,"purpose":"Public-safety radio transmitter — GREAT FALLS, TOWN OF, GREAT FALLS","imageUrl":null,"fovHalfAngle":180,"frequencies":[154.1],"lawEnforcement":false}},{"type":"Feature","geometry":{"type":"Point","coordinates":[-81.03622222222222,33.29405555555555]},"properties":{"id":"fcc/WNBU994/33.29406,-81.03622","kind":"radio","brand":"Other","rawBrand":"FCC ULS","name":"SC Emergency Management Division (WNBU994)","operator":"SC Emergency Management Division","directions":[],"omni":true,"zone":null,"purpose":"Public-safety radio transmitter — SC Emergency Management Division, BAMBERG","imageUrl":null,"fovHalfAngle":180,"frequencies":[45.08,45.48],"lawEnforcement":false}},{"type":"Feature","geometry":{"type":"Point","coordinates":[-81.92677777777779,33.787638888888885]},"properties":{"id":"fcc/WNBZ218/33.78764,-81.92678","kind":"radio","brand":"Other","rawBrand":"FCC ULS","name":"South Carolina Emeregency Management Division (WNBZ218)","operator":"South Carolina Emeregency Management Division","directions":[],"omni":true,"zone":null,"purpose":"Public-safety radio transmitter — South Carolina Emeregency Management Division, EDGEFIELD","imageUrl":null,"fovHalfAngle":180,"frequencies":[45.08,45.48],"lawEnforcement":false}},{"type":"Feature","geometry":{"type":"Point","coordinates":[-79.96091666666666,32.79683333333333]},"properties":{"id":"fcc/WNDV381/32.79683,-79.96092","kind":"radio","brand":"Other","rawBrand":"FCC ULS","name":"SOUTH CAROLINA, STATE OF (WNDV381)","operator":"SOUTH CAROLINA, STATE OF","directions":[],"omni":true,"zone":null,"purpose":"Public-safety radio transmitter — SOUTH CAROLINA, STATE OF, CARLESTON","imageUrl":null,"fovHalfAngle":180,"frequencies":[158.88],"lawEnforcement":false}},{"type":"Feature","geometry":{"type":"Point","coordinates":[-80.19480555555556,33.68877777777777]},"properties":{"id":"fcc/WNPD273/33.68878,-80.19481","kind":"radio","brand":"Other","rawBrand":"FCC ULS","name":"CLARENDON, COUNTY OF (WNPD273)","operator":"CLARENDON, COUNTY OF","directions":[],"omni":true,"zone":null,"purpose":"Public-safety radio transmitter — CLARENDON, COUNTY OF, MANNING","imageUrl":null,"fovHalfAngle":180,"frequencies":[153.74],"lawEnforcement":false}},{"type":"Feature","geometry":{"type":"Point","coordinates":[-79.95091666666667,33.31738888888889]},"properties":{"id":"fcc/KIB319/33.31739,-79.95092","kind":"radio","brand":"Other","rawBrand":"FCC ULS","name":"SOUTH CAROLINA FORESTRY COMMISSION (KIB319)","operator":"SOUTH CAROLINA FORESTRY COMMISSION","directions":[],"omni":true,"zone":null,"purpose":"Public-safety radio transmitter — SOUTH CAROLINA FORESTRY COMMISSION, BONNEAU","imageUrl":null,"fovHalfAngle":180,"frequencies":[31.78,151.175,151.19,151.235,151.265,151.385,159.27,159.3,159.315,159.375,159.405,159.45],"lawEnforcement":false}},{"type":"Feature","geometry":{"type":"Point","coordinates":[-81.59233333333333,34.27458333333333]},"properties":{"id":"fcc/KIF346/34.27458,-81.59233","kind":"radio","brand":"Other","rawBrand":"FCC ULS","name":"South Carolina Forestry Commission (KIF346)","operator":"South Carolina Forestry Commission","directions":[],"omni":true,"zone":null,"purpose":"Public-safety radio transmitter — South Carolina Forestry Commission, NEWBERRY","imageUrl":null,"fovHalfAngle":180,"frequencies":[31.78,159.27,159.3,159.375],"lawEnforcement":false}},{"type":"Feature","geometry":{"type":"Point","coordinates":[-81.76927777777777,34.26263888888889]},"properties":{"id":"fcc/KIG478/34.26264,-81.76928","kind":"radio","brand":"Other","rawBrand":"FCC ULS","name":"South Carolina Forestry Commission (KIG478)","operator":"South Carolina Forestry Commission","directions":[],"omni":true,"zone":null,"purpose":"Public-safety radio transmitter — South Carolina Forestry Commission, SILVERSTREET","imageUrl":null,"fovHalfAngle":180,"frequencies":[151.1,151.19,151.235,151.3475,159.27,159.3,159.375,159.39,159.42],"lawEnforcement":false}},{"type":"Feature","geometry":{"type":"Point","coordinates":[-80.01508333333334,33.775166666666664]},"properties":{"id":"fcc/KII392/33.77517,-80.01508","kind":"radio","brand":"Other","rawBrand":"FCC ULS","name":"South Carolina Forestry Commission (KII392)","operator":"South Carolina Forestry Commission","directions":[],"omni":true,"zone":null,"purpose":"Public-safety radio transmitter — South Carolina Forestry Commission, SARDINIA","imageUrl":null,"fovHalfAngle":180,"frequencies":[159.27,159.375],"lawEnforcement":false}},{"type":"Feature","geometry":{"type":"Point","coordinates":[-80.94011111111112,33.04183333333333]},"properties":{"id":"fcc/KII644/33.04183,-80.94011","kind":"radio","brand":"Other","rawBrand":"FCC ULS","name":"South Carolina Forestry Commission (KII644)","operator":"South Carolina Forestry Commission","directions":[],"omni":true,"zone":null,"purpose":"Public-safety radio transmitter — South Carolina Forestry Commission, LODGE","imageUrl":null,"fovHalfAngle":180,"frequencies":[151.1,151.19,151.235,151.265,151.3325,151.3475,151.385,159.27,159.3,159.315,159.3375,159.405],"lawEnforcement":false}},{"type":"Feature","geometry":{"type":"Point","coordinates":[-82.29161111111111,35.19697222222222]},"properties":{"id":"fcc/KIK317/35.19697,-82.29161","kind":"radio","brand":"Other","rawBrand":"FCC ULS","name":"South Carolina Forestry Commission (KIK317)","operator":"South Carolina Forestry Commission","directions":[],"omni":true,"zone":null,"purpose":"Public-safety radio transmitter — South Carolina Forestry Commission, Landrum","imageUrl":null,"fovHalfAngle":180,"frequencies":[151.3775,159.27,159.45],"lawEnforcement":false}},{"type":"Feature","geometry":{"type":"Point","coordinates":[-79.81,33.04222222222222]},"properties":{"id":"fcc/WNAL329/33.04222,-79.81000","kind":"radio","brand":"Other","rawBrand":"FCC ULS","name":"SOUTH CAROLINA FORESTRY COMMISSION (WNAL329)","operator":"SOUTH CAROLINA FORESTRY COMMISSION","directions":[],"omni":true,"zone":null,"purpose":"Public-safety radio transmitter — SOUTH CAROLINA FORESTRY COMMISSION, HUGER","imageUrl":null,"fovHalfAngle":180,"frequencies":[151.265,159.2325,159.375],"lawEnforcement":false}},{"type":"Feature","geometry":{"type":"Point","coordinates":[-81.82066666666667,34.88597222222222]},"properties":{"id":"fcc/WNMF771/34.88597,-81.82067","kind":"radio","brand":"Other","rawBrand":"FCC ULS","name":"SC Dept. of Natural Resources (WNMF771)","operator":"SC Dept. of Natural Resources","directions":[],"omni":true,"zone":null,"purpose":"Public-safety radio transmitter — SC Dept. of Natural Resources, WHITE STONE","imageUrl":null,"fovHalfAngle":180,"frequencies":[151.25,151.445,158.985],"lawEnforcement":false}},{"type":"Feature","geometry":{"type":"Point","coordinates":[-80.82413888888888,33.543055555555554]},"properties":{"id":"fcc/WNMF774/33.54306,-80.82414","kind":"radio","brand":"Other","rawBrand":"FCC ULS","name":"SC Dept. of Natural Resources (WNMF774)","operator":"SC Dept. of Natural Resources","directions":[],"omni":true,"zone":null,"purpose":"Public-safety radio transmitter — SC Dept. of Natural Resources, ORANGEBURG","imageUrl":null,"fovHalfAngle":180,"frequencies":[151.25,151.295,159.015],"lawEnforcement":false}},{"type":"Feature","geometry":{"type":"Point","coordinates":[-81.69686111111112,33.57166666666667]},"properties":{"id":"fcc/WNMF775/33.57167,-81.69686","kind":"radio","brand":"Other","rawBrand":"FCC ULS","name":"SC Dept. of Natural Resources (WNMF775)","operator":"SC Dept. of Natural Resources","directions":[],"omni":true,"zone":null,"purpose":"Public-safety radio transmitter — SC Dept. of Natural Resources, AIKEN","imageUrl":null,"fovHalfAngle":180,"frequencies":[151.25,151.325,159.435],"lawEnforcement":false}},{"type":"Feature","geometry":{"type":"Point","coordinates":[-81.01841666666667,34.840138888888895]},"properties":{"id":"fcc/WNMF777/34.84014,-81.01842","kind":"radio","brand":"Other","rawBrand":"FCC ULS","name":"SC Dept. of Natural Resources (WNMF777)","operator":"SC Dept. of Natural Resources","directions":[],"omni":true,"zone":null,"purpose":"Public-safety radio transmitter — SC Dept. of Natural Resources, EDGEMORE","imageUrl":null,"fovHalfAngle":180,"frequencies":[151.25,151.37,159.435],"lawEnforcement":false}},{"type":"Feature","geometry":{"type":"Point","coordinates":[-80.38952777777779,34.33627777777778]},"properties":{"id":"fcc/WNMF778/34.33628,-80.38953","kind":"radio","brand":"Other","rawBrand":"FCC ULS","name":"SC Dept. of Natural Resources (WNMF778)","operator":"SC Dept. of Natural Resources","directions":[],"omni":true,"zone":null,"purpose":"Public-safety radio transmitter — SC Dept. of Natural Resources, CAMDEN","imageUrl":null,"fovHalfAngle":180,"frequencies":[151.25,151.445,159.015],"lawEnforcement":false}},{"type":"Feature","geometry":{"type":"Point","coordinates":[-80.94619444444444,34.138194444444444]},"properties":{"id":"fcc/KDS694/34.13819,-80.94619","kind":"radio","brand":"Other","rawBrand":"FCC ULS","name":"SOUTH CAROLINA, STATE OF (KDS694)","operator":"SOUTH CAROLINA, STATE OF","directions":[],"omni":true,"zone":null,"purpose":"Public-safety radio transmitter — SOUTH CAROLINA, STATE OF, KILLIAN","imageUrl":null,"fovHalfAngle":180,"frequencies":[151.0475,154.8825,155.64],"lawEnforcement":false}},{"type":"Feature","geometry":{"type":"Point","coordinates":[-80.77116666666666,34.72013888888889]},"properties":{"id":"fcc/KIC319/34.72014,-80.77117","kind":"radio","brand":"Other","rawBrand":"FCC ULS","name":"LANCASTER, CITY OF (KIC319)","operator":"LANCASTER, CITY OF","directions":[],"omni":true,"zone":null,"purpose":"Public-safety radio transmitter — LANCASTER, CITY OF, LANCASTER","imageUrl":null,"fovHalfAngle":180,"frequencies":[154.74,155.07,155.535,155.73],"lawEnforcement":false}},{"type":"Feature","geometry":{"type":"Point","coordinates":[-82.02175,34.50038888888889]},"properties":{"id":"fcc/KIT801/34.50039,-82.02175","kind":"radio","brand":"Other","rawBrand":"FCC ULS","name":"Laurens County 911 (KIT801)","operator":"Laurens County 911","directions":[],"omni":true,"zone":null,"purpose":"Public-safety radio transmitter — Laurens County 911, LAURENS","imageUrl":null,"fovHalfAngle":180,"frequencies":[453.45],"lawEnforcement":false}},{"type":"Feature","geometry":{"type":"Point","coordinates":[-82.83291666666666,34.68233333333333]},"properties":{"id":"fcc/KNFL503/34.68233,-82.83292","kind":"radio","brand":"Other","rawBrand":"FCC ULS","name":"CLEMSON, CITY OF (KNFL503)","operator":"CLEMSON, CITY OF","directions":[],"omni":true,"zone":null,"purpose":"Public-safety radio transmitter — CLEMSON, CITY OF, CLEMSON","imageUrl":null,"fovHalfAngle":180,"frequencies":[460.35,465.25,465.35,465.45],"lawEnforcement":false}},{"type":"Feature","geometry":{"type":"Point","coordinates":[-82.78930555555556,34.717333333333336]},"properties":{"id":"fcc/KNFL503/34.71733,-82.78931","kind":"radio","brand":"Other","rawBrand":"FCC ULS","name":"CLEMSON, CITY OF (KNFL503)","operator":"CLEMSON, CITY OF","directions":[],"omni":true,"zone":null,"purpose":"Public-safety radio transmitter — CLEMSON, CITY OF, CENTRAL","imageUrl":null,"fovHalfAngle":180,"frequencies":[460.35,465.25,465.35,465.45],"lawEnforcement":false}},{"type":"Feature","geometry":{"type":"Point","coordinates":[-81.9565,34.94455555555555]},"properties":{"id":"fcc/KNFR272/34.94456,-81.95650","kind":"radio","brand":"Other","rawBrand":"FCC ULS","name":"Spartanburg County Communications / 9-1-1 (KNFR272)","operator":"Spartanburg County Communications / 9-1-1","directions":[],"omni":true,"zone":null,"purpose":"Public-safety radio transmitter — Spartanburg County Communications / 9-1-1, SPARTANBURG","imageUrl":null,"fovHalfAngle":180,"frequencies":[460.225,460.325,465.225,465.325],"lawEnforcement":false}},{"type":"Feature","geometry":{"type":"Point","coordinates":[-79.75172222222223,34.25655555555556]},"properties":{"id":"fcc/KOD289/34.25656,-79.75172","kind":"radio","brand":"Other","rawBrand":"FCC ULS","name":"Town of Cheraw (KOD289)","operator":"Town of Cheraw","directions":[],"omni":true,"zone":null,"purpose":"Public-safety radio transmitter — Town of Cheraw, FLORENCE","imageUrl":null,"fovHalfAngle":180,"frequencies":[460.25],"lawEnforcement":false}},{"type":"Feature","geometry":{"type":"Point","coordinates":[-81.96205555555557,33.50652777777778]},"properties":{"id":"fcc/KTG560/33.50653,-81.96206","kind":"radio","brand":"Other","rawBrand":"FCC ULS","name":"Augusta Richmond County Consolidated (KTG560)","operator":"Augusta Richmond County Consolidated","directions":[],"omni":true,"zone":null,"purpose":"Public-safety radio transmitter — Augusta Richmond County Consolidated, NORTH AUGUSTA","imageUrl":null,"fovHalfAngle":180,"frequencies":[154.905,155.37,460.175,460.25,460.35,460.5,465.175,465.25,465.35,465.425,465.5],"lawEnforcement":false}},{"type":"Feature","geometry":{"type":"Point","coordinates":[-81.11508333333333,34.79736111111111]},"properties":{"id":"fcc/KUB951/34.79736,-81.11508","kind":"radio","brand":"Other","rawBrand":"FCC ULS","name":"SOUTH CAROLINA, STATE OF (KUB951)","operator":"SOUTH CAROLINA, STATE OF","directions":[],"omni":true,"zone":null,"purpose":"Public-safety radio transmitter — SOUTH CAROLINA, STATE OF, ROCK HILL","imageUrl":null,"fovHalfAngle":180,"frequencies":[155.64],"lawEnforcement":false}},{"type":"Feature","geometry":{"type":"Point","coordinates":[-81.8065,35.01069444444445]},"properties":{"id":"fcc/WBP572/35.01069,-81.80650","kind":"radio","brand":"Other","rawBrand":"FCC ULS","name":"Spartanburg County Communications / 9-1-1 (WBP572)","operator":"Spartanburg County Communications / 9-1-1","directions":[],"omni":true,"zone":null,"purpose":"Public-safety radio transmitter — Spartanburg County Communications / 9-1-1, COWPENS","imageUrl":null,"fovHalfAngle":180,"frequencies":[465.3],"lawEnforcement":false}},{"type":"Feature","geometry":{"type":"Point","coordinates":[-80.61063888888889,34.249583333333334]},"properties":{"id":"fcc/WFK583/34.24958,-80.61064","kind":"radio","brand":"Other","rawBrand":"FCC ULS","name":"KERSHAW, COUNTY OF (WFK583)","operator":"KERSHAW, COUNTY OF","directions":[],"omni":true,"zone":null,"purpose":"Public-safety radio transmitter — KERSHAW, COUNTY OF, CAMDEN","imageUrl":null,"fovHalfAngle":180,"frequencies":[465.05],"lawEnforcement":false}},{"type":"Feature","geometry":{"type":"Point","coordinates":[-80.04447222222223,32.953694444444444]},"properties":{"id":"fcc/KFN694/32.95369,-80.04447","kind":"radio","brand":"Other","rawBrand":"FCC ULS","name":"AMERICAN NATIONAL RED CROSS (KFN694)","operator":"AMERICAN NATIONAL RED CROSS","directions":[],"omni":true,"zone":null,"purpose":"Public-safety radio transmitter — AMERICAN NATIONAL RED CROSS, CHARLESTON","imageUrl":null,"fovHalfAngle":180,"frequencies":[47.42],"lawEnforcement":false}},{"type":"Feature","geometry":{"type":"Point","coordinates":[-79.04863888888889,33.83294444444445]},"properties":{"id":"fcc/KNHH312/33.83294,-79.04864","kind":"radio","brand":"Other","rawBrand":"FCC ULS","name":"HORRY COUNTY (KNHH312)","operator":"HORRY COUNTY","directions":[],"omni":true,"zone":null,"purpose":"Public-safety radio transmitter — HORRY COUNTY, CONWAY","imageUrl":null,"fovHalfAngle":180,"frequencies":[155.4],"lawEnforcement":false}},{"type":"Feature","geometry":{"type":"Point","coordinates":[-80.00661111111111,33.20022222222222]},"properties":{"id":"fcc/KNIX572/33.20022,-80.00661","kind":"radio","brand":"Other","rawBrand":"FCC ULS","name":"BERKELEY, COUNTY OF (KNIX572)","operator":"BERKELEY, COUNTY OF","directions":[],"omni":true,"zone":null,"purpose":"Public-safety radio transmitter — BERKELEY, COUNTY OF, MONCKS CORNER","imageUrl":null,"fovHalfAngle":180,"frequencies":[153.7775,153.9125,155.22,155.34,155.8125],"lawEnforcement":false}},{"type":"Feature","geometry":{"type":"Point","coordinates":[-80.00488888888889,33.19494444444444]},"properties":{"id":"fcc/KNIX572/33.19494,-80.00489","kind":"radio","brand":"Other","rawBrand":"FCC ULS","name":"BERKELEY, COUNTY OF (KNIX572)","operator":"BERKELEY, COUNTY OF","directions":[],"omni":true,"zone":null,"purpose":"Public-safety radio transmitter — BERKELEY, COUNTY OF, MONCKS CORNER","imageUrl":null,"fovHalfAngle":180,"frequencies":[153.7775,153.9125,155.22,155.34,155.8125],"lawEnforcement":false}},{"type":"Feature","geometry":{"type":"Point","coordinates":[-82.56930555555556,34.48066666666667]},"properties":{"id":"fcc/KNIY692/34.48067,-82.56931","kind":"radio","brand":"Other","rawBrand":"FCC ULS","name":"SC Dept of Mental Health - Public Safety (KNIY692)","operator":"SC Dept of Mental Health - Public Safety","directions":[],"omni":true,"zone":null,"purpose":"Law-enforcement radio transmitter — SC Dept of Mental Health - Public Safety, BELTON","imageUrl":null,"fovHalfAngle":180,"frequencies":[155.025,155.205],"lawEnforcement":true}},{"type":"Feature","geometry":{"type":"Point","coordinates":[-80.0881111111111,34.405166666666666]},"properties":{"id":"fcc/KNNN830/34.40517,-80.08811","kind":"radio","brand":"Other","rawBrand":"FCC ULS","name":"HARTSVILLE RESCUE SQUAD (KNNN830)","operator":"HARTSVILLE RESCUE SQUAD","directions":[],"omni":true,"zone":null,"purpose":"Public-safety radio transmitter — HARTSVILLE RESCUE SQUAD, HARTSVILLE","imageUrl":null,"fovHalfAngle":180,"frequencies":[155.235],"lawEnforcement":false}},{"type":"Feature","geometry":{"type":"Point","coordinates":[-83.066,34.766194444444444]},"properties":{"id":"fcc/KBX507/34.76619,-83.06600","kind":"radio","brand":"Other","rawBrand":"FCC ULS","name":"WALHALLA, CITY OF (KBX507)","operator":"WALHALLA, CITY OF","directions":[],"omni":true,"zone":null,"purpose":"Public-safety radio transmitter — WALHALLA, CITY OF, WALHALLA","imageUrl":null,"fovHalfAngle":180,"frequencies":[154.04,159.135],"lawEnforcement":false}},{"type":"Feature","geometry":{"type":"Point","coordinates":[-83.04375,34.76869444444444]},"properties":{"id":"fcc/KBX507/34.76869,-83.04375","kind":"radio","brand":"Other","rawBrand":"FCC ULS","name":"WALHALLA, CITY OF (KBX507)","operator":"WALHALLA, CITY OF","directions":[],"omni":true,"zone":null,"purpose":"Public-safety radio transmitter — WALHALLA, CITY OF, WALHALLA","imageUrl":null,"fovHalfAngle":180,"frequencies":[154.04,159.135],"lawEnforcement":false}},{"type":"Feature","geometry":{"type":"Point","coordinates":[-82.59263888888889,34.65288888888889]},"properties":{"id":"fcc/KFT501/34.65289,-82.59264","kind":"radio","brand":"Other","rawBrand":"FCC ULS","name":"ANDERSON, COUNTY OF (KFT501)","operator":"ANDERSON, COUNTY OF","directions":[],"omni":true,"zone":null,"purpose":"Public-safety radio transmitter — ANDERSON, COUNTY OF, ANDERSON","imageUrl":null,"fovHalfAngle":180,"frequencies":[153.95],"lawEnforcement":false}},{"type":"Feature","geometry":{"type":"Point","coordinates":[-80.23283333333333,34.46136111111112]},"properties":{"id":"fcc/KNBL271/34.46136,-80.23283","kind":"radio","brand":"Other","rawBrand":"FCC ULS","name":"MCBEE RESCUE SQUAD, TOWN OF (KNBL271)","operator":"MCBEE RESCUE SQUAD, TOWN OF","directions":[],"omni":true,"zone":null,"purpose":"Public-safety radio transmitter — MCBEE RESCUE SQUAD, TOWN OF, MCBEE","imageUrl":null,"fovHalfAngle":180,"frequencies":[151.04,155.16,155.22,159.21],"lawEnforcement":false}},{"type":"Feature","geometry":{"type":"Point","coordinates":[-82.40983333333334,34.94094444444444]},"properties":{"id":"fcc/WNJV935/34.94094,-82.40983","kind":"radio","brand":"Other","rawBrand":"FCC ULS","name":"County of Greenville (WNJV935)","operator":"County of Greenville","directions":[],"omni":true,"zone":null,"purpose":"Public-safety radio transmitter — County of Greenville, GREENVILLE","imageUrl":null,"fovHalfAngle":180,"frequencies":[460.125,460.25,460.5,460.525,460.55,465.125,465.25,465.5,465.525,465.55],"lawEnforcement":false}},{"type":"Feature","geometry":{"type":"Point","coordinates":[-82.60652777777777,35.11205555555556]},"properties":{"id":"fcc/WNJV935/35.11206,-82.60653","kind":"radio","brand":"Other","rawBrand":"FCC ULS","name":"County of Greenville (WNJV935)","operator":"County of Greenville","directions":[],"omni":true,"zone":null,"purpose":"Public-safety radio transmitter — County of Greenville, GREENVILLE","imageUrl":null,"fovHalfAngle":180,"frequencies":[460.125,460.25,460.5,460.525,460.55,465.125,465.25,465.5,465.525,465.55],"lawEnforcement":false}},{"type":"Feature","geometry":{"type":"Point","coordinates":[-79.90666666666667,33.11527777777778]},"properties":{"id":"fcc/KNIX572/33.11528,-79.90667","kind":"radio","brand":"Other","rawBrand":"FCC ULS","name":"BERKELEY, COUNTY OF (KNIX572)","operator":"BERKELEY, COUNTY OF","directions":[],"omni":true,"zone":null,"purpose":"Public-safety radio transmitter — BERKELEY, COUNTY OF, CORDESVILLE","imageUrl":null,"fovHalfAngle":180,"frequencies":[153.7775,153.9125,155.22,155.34,155.8125],"lawEnforcement":false}},{"type":"Feature","geometry":{"type":"Point","coordinates":[-79.98702777777778,33.208194444444445]},"properties":{"id":"fcc/KNIX572/33.20819,-79.98703","kind":"radio","brand":"Other","rawBrand":"FCC ULS","name":"BERKELEY, COUNTY OF (KNIX572)","operator":"BERKELEY, COUNTY OF","directions":[],"omni":true,"zone":null,"purpose":"Public-safety radio transmitter — BERKELEY, COUNTY OF, MONCKS CORNER","imageUrl":null,"fovHalfAngle":180,"frequencies":[153.7775,153.9125,155.22,155.34,155.8125],"lawEnforcement":false}},{"type":"Feature","geometry":{"type":"Point","coordinates":[-82.66000000000001,34.900277777777774]},"properties":{"id":"fcc/WSAB856/34.90028,-82.66000","kind":"radio","brand":"Other","rawBrand":"FCC ULS","name":"PICKENS, COUNTY OF (WSAB856)","operator":"PICKENS, COUNTY OF","directions":[],"omni":true,"zone":null,"purpose":"Public-safety radio transmitter — PICKENS, COUNTY OF, PICKENS","imageUrl":null,"fovHalfAngle":180,"frequencies":[460.025,465.025],"lawEnforcement":false}},{"type":"Feature","geometry":{"type":"Point","coordinates":[-80.10283333333332,34.50791666666667]},"properties":{"id":"fcc/KNBL271/34.50792,-80.10283","kind":"radio","brand":"Other","rawBrand":"FCC ULS","name":"MCBEE RESCUE SQUAD, TOWN OF (KNBL271)","operator":"MCBEE RESCUE SQUAD, TOWN OF","directions":[],"omni":true,"zone":null,"purpose":"Public-safety radio transmitter — MCBEE RESCUE SQUAD, TOWN OF, MCBEE","imageUrl":null,"fovHalfAngle":180,"frequencies":[151.04,155.16,155.22,159.21],"lawEnforcement":false}},{"type":"Feature","geometry":{"type":"Point","coordinates":[-82.98263888888889,34.599833333333336]},"properties":{"id":"fcc/WNSN312/34.59983,-82.98264","kind":"radio","brand":"Other","rawBrand":"FCC ULS","name":"OCONEE, COUNTY OF (WNSN312)","operator":"OCONEE, COUNTY OF","directions":[],"omni":true,"zone":null,"purpose":"Public-safety radio transmitter — OCONEE, COUNTY OF, TOKEENA","imageUrl":null,"fovHalfAngle":180,"frequencies":[154.13],"lawEnforcement":false}},{"type":"Feature","geometry":{"type":"Point","coordinates":[-79.88394444444445,34.69877777777778]},"properties":{"id":"fcc/WQP803/34.69878,-79.88394","kind":"radio","brand":"Other","rawBrand":"FCC ULS","name":"Town of Cheraw (WQP803)","operator":"Town of Cheraw","directions":[],"omni":true,"zone":null,"purpose":"Public-safety radio transmitter — Town of Cheraw, CHERAW","imageUrl":null,"fovHalfAngle":180,"frequencies":[460.6,465.6],"lawEnforcement":false}},{"type":"Feature","geometry":{"type":"Point","coordinates":[-82.65930555555556,34.90011111111111]},"properties":{"id":"fcc/WNUD471/34.90011,-82.65931","kind":"radio","brand":"Other","rawBrand":"FCC ULS","name":"PICKENS, COUNTY OF (WNUD471)","operator":"PICKENS, COUNTY OF","directions":[],"omni":true,"zone":null,"purpose":"Public-safety radio transmitter — PICKENS, COUNTY OF, PICKENS","imageUrl":null,"fovHalfAngle":180,"frequencies":[453.1,458.1],"lawEnforcement":false}},{"type":"Feature","geometry":{"type":"Point","coordinates":[-81.50483333333334,32.5035]},"properties":{"id":"fcc/WPCK953/32.50350,-81.50483","kind":"radio","brand":"Other","rawBrand":"FCC ULS","name":"SOUTH CAROLINA, STATE OF (WPCK953)","operator":"SOUTH CAROLINA, STATE OF","directions":[],"omni":true,"zone":null,"purpose":"Public-safety radio transmitter — SOUTH CAROLINA, STATE OF, AIKEN","imageUrl":null,"fovHalfAngle":180,"frequencies":[453.1375,453.3625,453.4375,458.1375,458.3625,458.4375],"lawEnforcement":false}},{"type":"Feature","geometry":{"type":"Point","coordinates":[-80.92036111111112,34.77319444444444]},"properties":{"id":"fcc/WPCK953/34.77319,-80.92036","kind":"radio","brand":"Other","rawBrand":"FCC ULS","name":"SOUTH CAROLINA, STATE OF (WPCK953)","operator":"SOUTH CAROLINA, STATE OF","directions":[],"omni":true,"zone":null,"purpose":"Public-safety radio transmitter — SOUTH CAROLINA, STATE OF, LANCASTER","imageUrl":null,"fovHalfAngle":180,"frequencies":[453.1375,453.3625,453.4375,458.1375,458.3625,458.4375],"lawEnforcement":false}},{"type":"Feature","geometry":{"type":"Point","coordinates":[-81.17150000000001,32.837944444444446]},"properties":{"id":"fcc/WPCK953/32.83794,-81.17150","kind":"radio","brand":"Other","rawBrand":"FCC ULS","name":"SOUTH CAROLINA, STATE OF (WPCK953)","operator":"SOUTH CAROLINA, STATE OF","directions":[],"omni":true,"zone":null,"purpose":"Public-safety radio transmitter — SOUTH CAROLINA, STATE OF, HAMPTON","imageUrl":null,"fovHalfAngle":180,"frequencies":[453.1375,453.3625,453.4375,458.1375,458.3625,458.4375],"lawEnforcement":false}},{"type":"Feature","geometry":{"type":"Point","coordinates":[-79.96008333333333,32.79933333333333]},"properties":{"id":"fcc/WPFJ584/32.79933,-79.96008","kind":"radio","brand":"Other","rawBrand":"FCC ULS","name":"SC Emergency Management Division (WPFJ584)","operator":"SC Emergency Management Division","directions":[],"omni":true,"zone":null,"purpose":"Public-safety radio transmitter — SC Emergency Management Division, CHARLESTON","imageUrl":null,"fovHalfAngle":180,"frequencies":[2.3274,2.4234,2.5124,5.1364,7.4814,7.9334],"lawEnforcement":false}},{"type":"Feature","geometry":{"type":"Point","coordinates":[-80.50202777777778,33.424861111111106]},"properties":{"id":"fcc/WPDA377/33.42486,-80.50203","kind":"radio","brand":"Other","rawBrand":"FCC ULS","name":"South Carolina Forestry Commission (WPDA377)","operator":"South Carolina Forestry Commission","directions":[],"omni":true,"zone":null,"purpose":"Public-safety radio transmitter — South Carolina Forestry Commission, SANTEE","imageUrl":null,"fovHalfAngle":180,"frequencies":[151.385,159.345],"lawEnforcement":false}},{"type":"Feature","geometry":{"type":"Point","coordinates":[-83.09766666666667,34.66511111111111]},"properties":{"id":"fcc/WNQR279/34.66511,-83.09767","kind":"radio","brand":"Other","rawBrand":"FCC ULS","name":"WESTMINSTER, CITY OF (WNQR279)","operator":"WESTMINSTER, CITY OF","directions":[],"omni":true,"zone":null,"purpose":"Public-safety radio transmitter — WESTMINSTER, CITY OF, WESTMINSTER","imageUrl":null,"fovHalfAngle":180,"frequencies":[460.475,465.475],"lawEnforcement":false}},{"type":"Feature","geometry":{"type":"Point","coordinates":[-80.55341666666666,34.58072222222223]},"properties":{"id":"fcc/WPKZ599/34.58072,-80.55342","kind":"radio","brand":"Other","rawBrand":"FCC ULS","name":"SOUTH CAROLINA, STATE OF (WPKZ599)","operator":"SOUTH CAROLINA, STATE OF","directions":[],"omni":true,"zone":null,"purpose":"Public-safety radio transmitter — SOUTH CAROLINA, STATE OF, KERSHAW","imageUrl":null,"fovHalfAngle":180,"frequencies":[151.04,155.64,155.805,451.05,456.05],"lawEnforcement":false}},{"type":"Feature","geometry":{"type":"Point","coordinates":[-80.55619444444444,34.58155555555556]},"properties":{"id":"fcc/WPKZ599/34.58156,-80.55619","kind":"radio","brand":"Other","rawBrand":"FCC ULS","name":"SOUTH CAROLINA, STATE OF (WPKZ599)","operator":"SOUTH CAROLINA, STATE OF","directions":[],"omni":true,"zone":null,"purpose":"Public-safety radio transmitter — SOUTH CAROLINA, STATE OF, KERSHAW","imageUrl":null,"fovHalfAngle":180,"frequencies":[151.04,155.64,155.805,451.05,456.05],"lawEnforcement":false}},{"type":"Feature","geometry":{"type":"Point","coordinates":[-79.30055555555555,33.44499999999999]},"properties":{"id":"fcc/WQS200/33.44500,-79.30056","kind":"radio","brand":"Other","rawBrand":"FCC ULS","name":"THE SCHOOL DISTRICT OF GEORGETOWN COUNTY (WQS200)","operator":"THE SCHOOL DISTRICT OF GEORGETOWN COUNTY","directions":[],"omni":true,"zone":null,"purpose":"Public-safety radio transmitter — THE SCHOOL DISTRICT OF GEORGETOWN COUNTY, GEORGETOWN","imageUrl":null,"fovHalfAngle":180,"frequencies":[154.71,154.77,155.01,155.415,155.49,155.625,155.91,158.79,158.955],"lawEnforcement":false}},{"type":"Feature","geometry":{"type":"Point","coordinates":[-81.40461111111112,34.188805555555554]},"properties":{"id":"fcc/WPBI876/34.18881,-81.40461","kind":"radio","brand":"Other","rawBrand":"FCC ULS","name":"NEWBERRY, COUNTY OF (WPBI876)","operator":"NEWBERRY, COUNTY OF","directions":[],"omni":true,"zone":null,"purpose":"Public-safety radio transmitter — NEWBERRY, COUNTY OF, LITTLE MOUNTAIN","imageUrl":null,"fovHalfAngle":180,"frequencies":[453.3375,453.4875,453.6875,458.3375,458.4875,458.6875,460.175,465.175],"lawEnforcement":false}},{"type":"Feature","geometry":{"type":"Point","coordinates":[-81.57966666666667,34.46027777777778]},"properties":{"id":"fcc/WPBI876/34.46028,-81.57967","kind":"radio","brand":"Other","rawBrand":"FCC ULS","name":"NEWBERRY, COUNTY OF (WPBI876)","operator":"NEWBERRY, COUNTY OF","directions":[],"omni":true,"zone":null,"purpose":"Public-safety radio transmitter — NEWBERRY, COUNTY OF, WHITMIRE","imageUrl":null,"fovHalfAngle":180,"frequencies":[453.3375,453.4875,453.6875,458.3375,458.4875,458.6875,460.175,465.175],"lawEnforcement":false}},{"type":"Feature","geometry":{"type":"Point","coordinates":[-80.68516666666667,34.61322222222223]},"properties":{"id":"fcc/WPKV594/34.61322,-80.68517","kind":"radio","brand":"Other","rawBrand":"FCC ULS","name":"LANCASTER, COUNTY OF (WPKV594)","operator":"LANCASTER, COUNTY OF","directions":[],"omni":true,"zone":null,"purpose":"Public-safety radio transmitter — LANCASTER, COUNTY OF, PLEASANT","imageUrl":null,"fovHalfAngle":180,"frequencies":[154.025,154.07,155.175,155.34,158.94],"lawEnforcement":false}},{"type":"Feature","geometry":{"type":"Point","coordinates":[-80.79897222222222,34.890972222222224]},"properties":{"id":"fcc/WPKV594/34.89097,-80.79897","kind":"radio","brand":"Other","rawBrand":"FCC ULS","name":"LANCASTER, COUNTY OF (WPKV594)","operator":"LANCASTER, COUNTY OF","directions":[],"omni":true,"zone":null,"purpose":"Public-safety radio transmitter — LANCASTER, COUNTY OF, LANCASTER","imageUrl":null,"fovHalfAngle":180,"frequencies":[154.025,154.07,155.175,155.34,158.94],"lawEnforcement":false}},{"type":"Feature","geometry":{"type":"Point","coordinates":[-81.82761111111111,34.689027777777774]},"properties":{"id":"fcc/WPMS238/34.68903,-81.82761","kind":"radio","brand":"Other","rawBrand":"FCC ULS","name":"SOUTH CAROLINA, STATE OF (WPMS238)","operator":"SOUTH CAROLINA, STATE OF","directions":[],"omni":true,"zone":null,"purpose":"Public-safety radio transmitter — SOUTH CAROLINA, STATE OF, ENOREE","imageUrl":null,"fovHalfAngle":180,"frequencies":[453.7375,453.8625,453.9375],"lawEnforcement":false}},{"type":"Feature","geometry":{"type":"Point","coordinates":[-79.7208888888889,34.242666666666665]},"properties":{"id":"fcc/WPMS238/34.24267,-79.72089","kind":"radio","brand":"Other","rawBrand":"FCC ULS","name":"SOUTH CAROLINA, STATE OF (WPMS238)","operator":"SOUTH CAROLINA, STATE OF","directions":[],"omni":true,"zone":null,"purpose":"Public-safety radio transmitter — SOUTH CAROLINA, STATE OF, FLORENCE","imageUrl":null,"fovHalfAngle":180,"frequencies":[453.7375,453.8625,453.9375],"lawEnforcement":false}},{"type":"Feature","geometry":{"type":"Point","coordinates":[-80.29147222222223,33.18072222222222]},"properties":{"id":"fcc/WPMS238/33.18072,-80.29147","kind":"radio","brand":"Other","rawBrand":"FCC ULS","name":"SOUTH CAROLINA, STATE OF (WPMS238)","operator":"SOUTH CAROLINA, STATE OF","directions":[],"omni":true,"zone":null,"purpose":"Public-safety radio transmitter — SOUTH CAROLINA, STATE OF, RIDGEVILLE","imageUrl":null,"fovHalfAngle":180,"frequencies":[453.7375,453.8625,453.9375],"lawEnforcement":false}},{"type":"Feature","geometry":{"type":"Point","coordinates":[-81.10202777777778,34.40069444444444]},"properties":{"id":"fcc/WPMW398/34.40069,-81.10203","kind":"radio","brand":"Other","rawBrand":"FCC ULS","name":"FAIRFIELD, COUNTY OF (WPMW398)","operator":"FAIRFIELD, COUNTY OF","directions":[],"omni":true,"zone":null,"purpose":"Public-safety radio transmitter — FAIRFIELD, COUNTY OF, WINNSBORO","imageUrl":null,"fovHalfAngle":180,"frequencies":[460.325,465.325],"lawEnforcement":false}},{"type":"Feature","geometry":{"type":"Point","coordinates":[-82.51263888888889,34.186499999999995]},"properties":{"id":"fcc/WPNS515/34.18650,-82.51264","kind":"radio","brand":"Other","rawBrand":"FCC ULS","name":"ABBEVILLE, COUNTY OF (WPNS515)","operator":"ABBEVILLE, COUNTY OF","directions":[],"omni":true,"zone":null,"purpose":"Public-safety radio transmitter — ABBEVILLE, COUNTY OF, ABBEVILLE","imageUrl":null,"fovHalfAngle":180,"frequencies":[155.58],"lawEnforcement":false}},{"type":"Feature","geometry":{"type":"Point","coordinates":[-78.95530555555555,33.877944444444445]},"properties":{"id":"fcc/WPPU836/33.87794,-78.95531","kind":"radio","brand":"Other","rawBrand":"FCC ULS","name":"HORRY COUNTY (WPPU836)","operator":"HORRY COUNTY","directions":[],"omni":true,"zone":null,"purpose":"Public-safety radio transmitter — HORRY COUNTY, HORRY","imageUrl":null,"fovHalfAngle":180,"frequencies":[153.74,154.845,155.43,155.805],"lawEnforcement":false}},{"type":"Feature","geometry":{"type":"Point","coordinates":[-81.72761111111112,33.57180555555556]},"properties":{"id":"fcc/WPQA678/33.57181,-81.72761","kind":"radio","brand":"Other","rawBrand":"FCC ULS","name":"Aiken County Sheriff's Office (WPQA678)","operator":"Aiken County Sheriff's Office","directions":[],"omni":true,"zone":null,"purpose":"Law-enforcement radio transmitter — Aiken County Sheriff's Office, AIKEN","imageUrl":null,"fovHalfAngle":180,"frequencies":[460.6375,465.6375],"lawEnforcement":true}},{"type":"Feature","geometry":{"type":"Point","coordinates":[-82.35794444444444,34.792833333333334]},"properties":{"id":"fcc/WPQH575/34.79283,-82.35794","kind":"radio","brand":"Other","rawBrand":"FCC ULS","name":"RENEWABLE WATER RESOURCES (WPQH575)","operator":"RENEWABLE WATER RESOURCES","directions":[],"omni":true,"zone":null,"purpose":"Public-safety radio transmitter — RENEWABLE WATER RESOURCES, GREENVILLE","imageUrl":null,"fovHalfAngle":180,"frequencies":[150.815,151.1975,153.6725,154.74,154.8525,155.8125,155.955,158.25,158.73,158.8275],"lawEnforcement":false}},{"type":"Feature","geometry":{"type":"Point","coordinates":[-79.65311111111112,34.62405555555556]},"properties":{"id":"fcc/WPQZ446/34.62406,-79.65311","kind":"radio","brand":"Other","rawBrand":"FCC ULS","name":"BENNETTSVILLE, CITY OF (WPQZ446)","operator":"BENNETTSVILLE, CITY OF","directions":[],"omni":true,"zone":null,"purpose":"Public-safety radio transmitter — BENNETTSVILLE, CITY OF, BENNETTSVILLE","imageUrl":null,"fovHalfAngle":180,"frequencies":[153.935,155.715],"lawEnforcement":false}},{"type":"Feature","geometry":{"type":"Point","coordinates":[-79.6125,34.626805555555556]},"properties":{"id":"fcc/WPTD245/34.62681,-79.61250","kind":"radio","brand":"Other","rawBrand":"FCC ULS","name":"MARLBORO, COUNTY OF (WPTD245)","operator":"MARLBORO, COUNTY OF","directions":[],"omni":true,"zone":null,"purpose":"Public-safety radio transmitter — MARLBORO, COUNTY OF, BENNETTSVILLE","imageUrl":null,"fovHalfAngle":180,"frequencies":[460.05],"lawEnforcement":false}},{"type":"Feature","geometry":{"type":"Point","coordinates":[-80.94088888888889,35.00819444444444]},"properties":{"id":"fcc/WPUB411/35.00819,-80.94089","kind":"radio","brand":"Other","rawBrand":"FCC ULS","name":"FORT MILL, TOWN OF (WPUB411)","operator":"FORT MILL, TOWN OF","directions":[],"omni":true,"zone":null,"purpose":"Public-safety radio transmitter — FORT MILL, TOWN OF, FORT MILL","imageUrl":null,"fovHalfAngle":180,"frequencies":[153.905,154.845],"lawEnforcement":false}},{"type":"Feature","geometry":{"type":"Point","coordinates":[-81.11188888888888,34.315444444444445]},"properties":{"id":"fcc/WPUP267/34.31544,-81.11189","kind":"radio","brand":"Other","rawBrand":"FCC ULS","name":"FAIRFIELD, COUNTY OF (WPUP267)","operator":"FAIRFIELD, COUNTY OF","directions":[],"omni":true,"zone":null,"purpose":"Public-safety radio transmitter — FAIRFIELD, COUNTY OF, WINNSBORO","imageUrl":null,"fovHalfAngle":180,"frequencies":[453.8875],"lawEnforcement":false}},{"type":"Feature","geometry":{"type":"Point","coordinates":[-81.1111111111111,34.315916666666666]},"properties":{"id":"fcc/WPUP267/34.31592,-81.11111","kind":"radio","brand":"Other","rawBrand":"FCC ULS","name":"FAIRFIELD, COUNTY OF (WPUP267)","operator":"FAIRFIELD, COUNTY OF","directions":[],"omni":true,"zone":null,"purpose":"Public-safety radio transmitter — FAIRFIELD, COUNTY OF, WINNSBORO","imageUrl":null,"fovHalfAngle":180,"frequencies":[453.8875],"lawEnforcement":false}},{"type":"Feature","geometry":{"type":"Point","coordinates":[-81.35133333333333,33.2455]},"properties":{"id":"fcc/WPUR734/33.24550,-81.35133","kind":"radio","brand":"Other","rawBrand":"FCC ULS","name":"BARNWELL, CITY OF (WPUR734)","operator":"BARNWELL, CITY OF","directions":[],"omni":true,"zone":null,"purpose":"Public-safety radio transmitter — BARNWELL, CITY OF, BARNWELL","imageUrl":null,"fovHalfAngle":180,"frequencies":[151.01,155.595],"lawEnforcement":false}},{"type":"Feature","geometry":{"type":"Point","coordinates":[-81.64786111111111,35.07180555555556]},"properties":{"id":"fcc/WPUS963/35.07181,-81.64786","kind":"radio","brand":"Other","rawBrand":"FCC ULS","name":"GAFFNEY, CITY OF (WPUS963)","operator":"GAFFNEY, CITY OF","directions":[],"omni":true,"zone":null,"purpose":"Public-safety radio transmitter — GAFFNEY, CITY OF, GAFFNEY","imageUrl":null,"fovHalfAngle":180,"frequencies":[155.775,158.7825,460.275,465.275],"lawEnforcement":false}},{"type":"Feature","geometry":{"type":"Point","coordinates":[-81.09925,34.069027777777784]},"properties":{"id":"fcc/WPUT577/34.06903,-81.09925","kind":"radio","brand":"Other","rawBrand":"FCC ULS","name":"SOUTH CAROLINA, STATE OF (WPUT577)","operator":"SOUTH CAROLINA, STATE OF","directions":[],"omni":true,"zone":null,"purpose":"Public-safety radio transmitter — SOUTH CAROLINA, STATE OF, COLUMBIA","imageUrl":null,"fovHalfAngle":180,"frequencies":[155.415,155.46,155.475,155.535,155.565,155.7],"lawEnforcement":false}},{"type":"Feature","geometry":{"type":"Point","coordinates":[-81.11591666666666,34.06791666666667]},"properties":{"id":"fcc/WPUT577/34.06792,-81.11592","kind":"radio","brand":"Other","rawBrand":"FCC ULS","name":"SOUTH CAROLINA, STATE OF (WPUT577)","operator":"SOUTH CAROLINA, STATE OF","directions":[],"omni":true,"zone":null,"purpose":"Public-safety radio transmitter — SOUTH CAROLINA, STATE OF, COLUMBIA","imageUrl":null,"fovHalfAngle":180,"frequencies":[155.415,155.46,155.475,155.535,155.565,155.7],"lawEnforcement":false}},{"type":"Feature","geometry":{"type":"Point","coordinates":[-81.11147222222222,34.07263888888889]},"properties":{"id":"fcc/WPUT577/34.07264,-81.11147","kind":"radio","brand":"Other","rawBrand":"FCC ULS","name":"SOUTH CAROLINA, STATE OF (WPUT577)","operator":"SOUTH CAROLINA, STATE OF","directions":[],"omni":true,"zone":null,"purpose":"Public-safety radio transmitter — SOUTH CAROLINA, STATE OF, COLUMBIA","imageUrl":null,"fovHalfAngle":180,"frequencies":[155.415,155.46,155.475,155.535,155.565,155.7],"lawEnforcement":false}},{"type":"Feature","geometry":{"type":"Point","coordinates":[-81.10452777777778,34.08347222222223]},"properties":{"id":"fcc/WPUT577/34.08347,-81.10453","kind":"radio","brand":"Other","rawBrand":"FCC ULS","name":"SOUTH CAROLINA, STATE OF (WPUT577)","operator":"SOUTH CAROLINA, STATE OF","directions":[],"omni":true,"zone":null,"purpose":"Public-safety radio transmitter — SOUTH CAROLINA, STATE OF, COLUMBIA","imageUrl":null,"fovHalfAngle":180,"frequencies":[155.415,155.46,155.475,155.535,155.565,155.7],"lawEnforcement":false}},{"type":"Feature","geometry":{"type":"Point","coordinates":[-80.99008333333333,34.079861111111114]},"properties":{"id":"fcc/WPUT577/34.07986,-80.99008","kind":"radio","brand":"Other","rawBrand":"FCC ULS","name":"SOUTH CAROLINA, STATE OF (WPUT577)","operator":"SOUTH CAROLINA, STATE OF","directions":[],"omni":true,"zone":null,"purpose":"Public-safety radio transmitter — SOUTH CAROLINA, STATE OF, COLUMBIA","imageUrl":null,"fovHalfAngle":180,"frequencies":[155.415,155.46,155.475,155.535,155.565,155.7],"lawEnforcement":false}},{"type":"Feature","geometry":{"type":"Point","coordinates":[-81.09813888888888,34.07347222222223]},"properties":{"id":"fcc/WPUT577/34.07347,-81.09814","kind":"radio","brand":"Other","rawBrand":"FCC ULS","name":"SOUTH CAROLINA, STATE OF (WPUT577)","operator":"SOUTH CAROLINA, STATE OF","directions":[],"omni":true,"zone":null,"purpose":"Public-safety radio transmitter — SOUTH CAROLINA, STATE OF, COLUMBIA","imageUrl":null,"fovHalfAngle":180,"frequencies":[155.415,155.46,155.475,155.535,155.565,155.7],"lawEnforcement":false}},{"type":"Feature","geometry":{"type":"Point","coordinates":[-80.53944444444444,33.80777777777777]},"properties":{"id":"fcc/WPVX263/33.80778,-80.53944","kind":"radio","brand":"Other","rawBrand":"FCC ULS","name":"SC DEPT. PARKS, RECREATION & TOURISM (WPVX263)","operator":"SC DEPT. PARKS, RECREATION & TOURISM","directions":[],"omni":true,"zone":null,"purpose":"Public-safety radio transmitter — SC DEPT. PARKS, RECREATION & TOURISM, WEDGEFIELD","imageUrl":null,"fovHalfAngle":180,"frequencies":[453.3,458.3],"lawEnforcement":false}},{"type":"Feature","geometry":{"type":"Point","coordinates":[-83.14527777777778,34.68111111111111]},"properties":{"id":"fcc/WPXF834/34.68111,-83.14528","kind":"radio","brand":"Other","rawBrand":"FCC ULS","name":"OCONEE, COUNTY OF (WPXF834)","operator":"OCONEE, COUNTY OF","directions":[],"omni":true,"zone":null,"purpose":"Public-safety radio transmitter — OCONEE, COUNTY OF, WESTMINISTER","imageUrl":null,"fovHalfAngle":180,"frequencies":[453.3,458.3],"lawEnforcement":false}},{"type":"Feature","geometry":{"type":"Point","coordinates":[-82.965,34.712500000000006]},"properties":{"id":"fcc/WPXF834/34.71250,-82.96500","kind":"radio","brand":"Other","rawBrand":"FCC ULS","name":"OCONEE, COUNTY OF (WPXF834)","operator":"OCONEE, COUNTY OF","directions":[],"omni":true,"zone":null,"purpose":"Public-safety radio transmitter — OCONEE, COUNTY OF, SENECA","imageUrl":null,"fovHalfAngle":180,"frequencies":[453.3,458.3],"lawEnforcement":false}},{"type":"Feature","geometry":{"type":"Point","coordinates":[-82.92916666666667,34.79388888888889]},"properties":{"id":"fcc/WPXF834/34.79389,-82.92917","kind":"radio","brand":"Other","rawBrand":"FCC ULS","name":"OCONEE, COUNTY OF (WPXF834)","operator":"OCONEE, COUNTY OF","directions":[],"omni":true,"zone":null,"purpose":"Public-safety radio transmitter — OCONEE, COUNTY OF, SENECA","imageUrl":null,"fovHalfAngle":180,"frequencies":[453.3,458.3],"lawEnforcement":false}},{"type":"Feature","geometry":{"type":"Point","coordinates":[-83.07111111111111,34.76]},"properties":{"id":"fcc/WPXF834/34.76000,-83.07111","kind":"radio","brand":"Other","rawBrand":"FCC ULS","name":"OCONEE, COUNTY OF (WPXF834)","operator":"OCONEE, COUNTY OF","directions":[],"omni":true,"zone":null,"purpose":"Public-safety radio transmitter — OCONEE, COUNTY OF, WALHALLA","imageUrl":null,"fovHalfAngle":180,"frequencies":[453.3,458.3],"lawEnforcement":false}},{"type":"Feature","geometry":{"type":"Point","coordinates":[-81.6803888888889,34.83541666666667]},"properties":{"id":"fcc/WPXU214/34.83542,-81.68039","kind":"radio","brand":"Other","rawBrand":"FCC ULS","name":"JONESVILLE FIRE DISTRICT (WPXU214)","operator":"JONESVILLE FIRE DISTRICT","directions":[],"omni":true,"zone":null,"purpose":"Public-safety radio transmitter — JONESVILLE FIRE DISTRICT, JONESVILLE","imageUrl":null,"fovHalfAngle":180,"frequencies":[151.325,155.52],"lawEnforcement":false}},{"type":"Feature","geometry":{"type":"Point","coordinates":[-81.23844444444444,32.73377777777778]},"properties":{"id":"fcc/WPYJ943/32.73378,-81.23844","kind":"radio","brand":"Other","rawBrand":"FCC ULS","name":"ESTILL, TOWN OF (WPYJ943)","operator":"ESTILL, TOWN OF","directions":[],"omni":true,"zone":null,"purpose":"Public-safety radio transmitter — ESTILL, TOWN OF, Estill","imageUrl":null,"fovHalfAngle":180,"frequencies":[453.9875],"lawEnforcement":false}},{"type":"Feature","geometry":{"type":"Point","coordinates":[-80.84777777777778,32.22694444444445]},"properties":{"id":"fcc/WQAD895/32.22694,-80.84778","kind":"radio","brand":"Other","rawBrand":"FCC ULS","name":"HILTON HEAD ISLAND TOWN OF (WQAD895)","operator":"HILTON HEAD ISLAND TOWN OF","directions":[],"omni":true,"zone":null,"purpose":"Public-safety radio transmitter — HILTON HEAD ISLAND TOWN OF, BLUFFTON","imageUrl":null,"fovHalfAngle":180,"frequencies":[460.575,465.575],"lawEnforcement":false}},{"type":"Feature","geometry":{"type":"Point","coordinates":[-80.76666666666667,32.166666666666664]},"properties":{"id":"fcc/WQAD895/32.16667,-80.76667","kind":"radio","brand":"Other","rawBrand":"FCC ULS","name":"HILTON HEAD ISLAND TOWN OF (WQAD895)","operator":"HILTON HEAD ISLAND TOWN OF","directions":[],"omni":true,"zone":null,"purpose":"Public-safety radio transmitter — HILTON HEAD ISLAND TOWN OF, HILTON HEAD ISLAND","imageUrl":null,"fovHalfAngle":180,"frequencies":[460.575,465.575],"lawEnforcement":false}},{"type":"Feature","geometry":{"type":"Point","coordinates":[-78.68555555555555,33.82777777777778]},"properties":{"id":"fcc/WQBB958/33.82778,-78.68556","kind":"radio","brand":"Other","rawBrand":"FCC ULS","name":"NORTH MYRTLE BEACH, CITY OF (WQBB958)","operator":"NORTH MYRTLE BEACH, CITY OF","directions":[],"omni":true,"zone":null,"purpose":"Public-safety radio transmitter — NORTH MYRTLE BEACH, CITY OF, NORTH MYRTLE BEACH","imageUrl":null,"fovHalfAngle":180,"frequencies":[151.01,155.595,155.67],"lawEnforcement":false}},{"type":"Feature","geometry":{"type":"Point","coordinates":[-79.33,34.3675]},"properties":{"id":"fcc/WQBK413/34.36750,-79.33000","kind":"radio","brand":"Other","rawBrand":"FCC ULS","name":"DILLON COUNTY FIRE DEPARTMENT STATION 2 (WQBK413)","operator":"DILLON COUNTY FIRE DEPARTMENT STATION 2","directions":[],"omni":true,"zone":null,"purpose":"Public-safety radio transmitter — DILLON COUNTY FIRE DEPARTMENT STATION 2, FLOYD DALE","imageUrl":null,"fovHalfAngle":180,"frequencies":[155.61,158.85],"lawEnforcement":false}},{"type":"Feature","geometry":{"type":"Point","coordinates":[-80.01538888888889,32.84052777777778]},"properties":{"id":"fcc/WQBM230/32.84053,-80.01539","kind":"radio","brand":"Other","rawBrand":"FCC ULS","name":"CHARLESTON, COUNTY OF (WQBM230)","operator":"CHARLESTON, COUNTY OF","directions":[],"omni":true,"zone":null,"purpose":"Public-safety radio transmitter — CHARLESTON, COUNTY OF, NORTH CHARLESTON","imageUrl":null,"fovHalfAngle":180,"frequencies":[155.385],"lawEnforcement":false}},{"type":"Feature","geometry":{"type":"Point","coordinates":[-79.90472222222223,34.50527777777778]},"properties":{"id":"fcc/WQBN397/34.50528,-79.90472","kind":"radio","brand":"Other","rawBrand":"FCC ULS","name":"Chesterfield, County of (WQBN397)","operator":"Chesterfield, County of","directions":[],"omni":true,"zone":null,"purpose":"Public-safety radio transmitter — Chesterfield, County of, Cheraw","imageUrl":null,"fovHalfAngle":180,"frequencies":[155.79,159.075],"lawEnforcement":false}},{"type":"Feature","geometry":{"type":"Point","coordinates":[-82.48791666666666,34.52372222222222]},"properties":{"id":"fcc/WQCK923/34.52372,-82.48792","kind":"radio","brand":"Other","rawBrand":"FCC ULS","name":"ANDERSON, COUNTY OF (WQCK923)","operator":"ANDERSON, COUNTY OF","directions":[],"omni":true,"zone":null,"purpose":"Public-safety radio transmitter — ANDERSON, COUNTY OF, BELTON","imageUrl":null,"fovHalfAngle":180,"frequencies":[45.08,45.18,45.48,46.5,151.085,159.03],"lawEnforcement":false}},{"type":"Feature","geometry":{"type":"Point","coordinates":[-80.23063888888889,32.942388888888885]},"properties":{"id":"fcc/WQFQ875/32.94239,-80.23064","kind":"radio","brand":"Other","rawBrand":"FCC ULS","name":"Dorchester County (WQFQ875)","operator":"Dorchester County","directions":[],"omni":true,"zone":null,"purpose":"Public-safety radio transmitter — Dorchester County, SUMMERVILLE","imageUrl":null,"fovHalfAngle":180,"frequencies":[453.4],"lawEnforcement":false}},{"type":"Feature","geometry":{"type":"Point","coordinates":[-80.23036111111111,32.925444444444445]},"properties":{"id":"fcc/WQFQ875/32.92544,-80.23036","kind":"radio","brand":"Other","rawBrand":"FCC ULS","name":"Dorchester County (WQFQ875)","operator":"Dorchester County","directions":[],"omni":true,"zone":null,"purpose":"Public-safety radio transmitter — Dorchester County, SUMMERVILLE","imageUrl":null,"fovHalfAngle":180,"frequencies":[453.4],"lawEnforcement":false}},{"type":"Feature","geometry":{"type":"Point","coordinates":[-80.22869444444444,33.00211111111111]},"properties":{"id":"fcc/WQFQ875/33.00211,-80.22869","kind":"radio","brand":"Other","rawBrand":"FCC ULS","name":"Dorchester County (WQFQ875)","operator":"Dorchester County","directions":[],"omni":true,"zone":null,"purpose":"Public-safety radio transmitter — Dorchester County, SUMMERVILLE","imageUrl":null,"fovHalfAngle":180,"frequencies":[453.4],"lawEnforcement":false}},{"type":"Feature","geometry":{"type":"Point","coordinates":[-80.12480555555555,32.9435]},"properties":{"id":"fcc/WQFQ875/32.94350,-80.12481","kind":"radio","brand":"Other","rawBrand":"FCC ULS","name":"Dorchester County (WQFQ875)","operator":"Dorchester County","directions":[],"omni":true,"zone":null,"purpose":"Public-safety radio transmitter — Dorchester County, N CHARLESTON","imageUrl":null,"fovHalfAngle":180,"frequencies":[453.4],"lawEnforcement":false}},{"type":"Feature","geometry":{"type":"Point","coordinates":[-80.23536111111112,33.01461111111111]},"properties":{"id":"fcc/WQFQ875/33.01461,-80.23536","kind":"radio","brand":"Other","rawBrand":"FCC ULS","name":"Dorchester County (WQFQ875)","operator":"Dorchester County","directions":[],"omni":true,"zone":null,"purpose":"Public-safety radio transmitter — Dorchester County, SUMMERVILLE","imageUrl":null,"fovHalfAngle":180,"frequencies":[453.4],"lawEnforcement":false}},{"type":"Feature","geometry":{"type":"Point","coordinates":[-80.1431388888889,32.95766666666667]},"properties":{"id":"fcc/WQFQ875/32.95767,-80.14314","kind":"radio","brand":"Other","rawBrand":"FCC ULS","name":"Dorchester County (WQFQ875)","operator":"Dorchester County","directions":[],"omni":true,"zone":null,"purpose":"Public-safety radio transmitter — Dorchester County, N. CHARLESTON","imageUrl":null,"fovHalfAngle":180,"frequencies":[453.4],"lawEnforcement":false}},{"type":"Feature","geometry":{"type":"Point","coordinates":[-80.25647222222223,33.00544444444444]},"properties":{"id":"fcc/WQFQ879/33.00544,-80.25647","kind":"radio","brand":"Other","rawBrand":"FCC ULS","name":"Dorchester County (WQFQ879)","operator":"Dorchester County","directions":[],"omni":true,"zone":null,"purpose":"Public-safety radio transmitter — Dorchester County, SUMMERVILLE","imageUrl":null,"fovHalfAngle":180,"frequencies":[453.4],"lawEnforcement":false}},{"type":"Feature","geometry":{"type":"Point","coordinates":[-80.25536111111111,33.03627777777778]},"properties":{"id":"fcc/WQFQ879/33.03628,-80.25536","kind":"radio","brand":"Other","rawBrand":"FCC ULS","name":"Dorchester County (WQFQ879)","operator":"Dorchester County","directions":[],"omni":true,"zone":null,"purpose":"Public-safety radio transmitter — Dorchester County, SUMMERVILLE","imageUrl":null,"fovHalfAngle":180,"frequencies":[453.4],"lawEnforcement":false}},{"type":"Feature","geometry":{"type":"Point","coordinates":[-80.27841666666667,33.029333333333334]},"properties":{"id":"fcc/WQFQ879/33.02933,-80.27842","kind":"radio","brand":"Other","rawBrand":"FCC ULS","name":"Dorchester County (WQFQ879)","operator":"Dorchester County","directions":[],"omni":true,"zone":null,"purpose":"Public-safety radio transmitter — Dorchester County, SUMMERVILLE","imageUrl":null,"fovHalfAngle":180,"frequencies":[453.4],"lawEnforcement":false}},{"type":"Feature","geometry":{"type":"Point","coordinates":[-80.22702777777778,32.99988888888889]},"properties":{"id":"fcc/WQFQ879/32.99989,-80.22703","kind":"radio","brand":"Other","rawBrand":"FCC ULS","name":"Dorchester County (WQFQ879)","operator":"Dorchester County","directions":[],"omni":true,"zone":null,"purpose":"Public-safety radio transmitter — Dorchester County, SUMMERVILLE","imageUrl":null,"fovHalfAngle":180,"frequencies":[453.4],"lawEnforcement":false}},{"type":"Feature","geometry":{"type":"Point","coordinates":[-80.14897222222223,32.96544444444445]},"properties":{"id":"fcc/WQFQ879/32.96544,-80.14897","kind":"radio","brand":"Other","rawBrand":"FCC ULS","name":"Dorchester County (WQFQ879)","operator":"Dorchester County","directions":[],"omni":true,"zone":null,"purpose":"Public-safety radio transmitter — Dorchester County, SUMMERVILLE","imageUrl":null,"fovHalfAngle":180,"frequencies":[453.4],"lawEnforcement":false}},{"type":"Feature","geometry":{"type":"Point","coordinates":[-80.10091666666666,32.913777777777774]},"properties":{"id":"fcc/WQFQ879/32.91378,-80.10092","kind":"radio","brand":"Other","rawBrand":"FCC ULS","name":"Dorchester County (WQFQ879)","operator":"Dorchester County","directions":[],"omni":true,"zone":null,"purpose":"Public-safety radio transmitter — Dorchester County, SUMMERVILLE","imageUrl":null,"fovHalfAngle":180,"frequencies":[453.4],"lawEnforcement":false}},{"type":"Feature","geometry":{"type":"Point","coordinates":[-79.55852777777777,33.45575]},"properties":{"id":"fcc/WQIH557/33.45575,-79.55853","kind":"radio","brand":"Other","rawBrand":"FCC ULS","name":"ANDREWS, TOWN OF (WQIH557)","operator":"ANDREWS, TOWN OF","directions":[],"omni":true,"zone":null,"purpose":"Public-safety radio transmitter — ANDREWS, TOWN OF, ANDREWS","imageUrl":null,"fovHalfAngle":180,"frequencies":[154.055,154.1225,159.1575],"lawEnforcement":false}},{"type":"Feature","geometry":{"type":"Point","coordinates":[-80.09305555555555,34.72166666666667]},"properties":{"id":"fcc/WQJC320/34.72167,-80.09306","kind":"radio","brand":"Other","rawBrand":"FCC ULS","name":"CHESTERFIELD, COUNTY OF (WQJC320)","operator":"CHESTERFIELD, COUNTY OF","directions":[],"omni":true,"zone":null,"purpose":"Public-safety radio transmitter — CHESTERFIELD, COUNTY OF, CHESTERFIELD","imageUrl":null,"fovHalfAngle":180,"frequencies":[154.7325,154.86,159.135,159.15],"lawEnforcement":false}},{"type":"Feature","geometry":{"type":"Point","coordinates":[-79.88394444444445,34.69877777777778]},"properties":{"id":"fcc/WQJC320/34.69878,-79.88394","kind":"radio","brand":"Other","rawBrand":"FCC ULS","name":"CHESTERFIELD, COUNTY OF (WQJC320)","operator":"CHESTERFIELD, COUNTY OF","directions":[],"omni":true,"zone":null,"purpose":"Public-safety radio transmitter — CHESTERFIELD, COUNTY OF, CHERAW","imageUrl":null,"fovHalfAngle":180,"frequencies":[154.7325,154.86,159.135,159.15],"lawEnforcement":false}},{"type":"Feature","geometry":{"type":"Point","coordinates":[-80.29583333333333,34.675]},"properties":{"id":"fcc/WQJE375/34.67500,-80.29583","kind":"radio","brand":"Other","rawBrand":"FCC ULS","name":"CHESTERFIELD, COUNTY OF (WQJE375)","operator":"CHESTERFIELD, COUNTY OF","directions":[],"omni":true,"zone":null,"purpose":"Public-safety radio transmitter — CHESTERFIELD, COUNTY OF, JEFFERSON","imageUrl":null,"fovHalfAngle":180,"frequencies":[151.01,156.195],"lawEnforcement":false}},{"type":"Feature","geometry":{"type":"Point","coordinates":[-78.93897222222222,33.66052777777777]},"properties":{"id":"fcc/WQJR228/33.66053,-78.93897","kind":"radio","brand":"Other","rawBrand":"FCC ULS","name":"AMERICAN NATIONAL RED CROSS (WQJR228)","operator":"AMERICAN NATIONAL RED CROSS","directions":[],"omni":true,"zone":null,"purpose":"Public-safety radio transmitter — AMERICAN NATIONAL RED CROSS, MYRTLE BEACH","imageUrl":null,"fovHalfAngle":180,"frequencies":[47.42],"lawEnforcement":false}},{"type":"Feature","geometry":{"type":"Point","coordinates":[-81.69805555555556,33.3875]},"properties":{"id":"fcc/WQJU891/33.38750,-81.69806","kind":"radio","brand":"Other","rawBrand":"FCC ULS","name":"AIKEN COUNTY OF (WQJU891)","operator":"AIKEN COUNTY OF","directions":[],"omni":true,"zone":null,"purpose":"Public-safety radio transmitter — AIKEN COUNTY OF, NEW ELLENTON","imageUrl":null,"fovHalfAngle":180,"frequencies":[453.05,458.05,460.55,465.55],"lawEnforcement":false}},{"type":"Feature","geometry":{"type":"Point","coordinates":[-81.36966666666666,33.66063888888889]},"properties":{"id":"fcc/WQJU891/33.66064,-81.36967","kind":"radio","brand":"Other","rawBrand":"FCC ULS","name":"AIKEN COUNTY OF (WQJU891)","operator":"AIKEN COUNTY OF","directions":[],"omni":true,"zone":null,"purpose":"Public-safety radio transmitter — AIKEN COUNTY OF, WAGENER","imageUrl":null,"fovHalfAngle":180,"frequencies":[453.05,458.05,460.55,465.55],"lawEnforcement":false}},{"type":"Feature","geometry":{"type":"Point","coordinates":[-81.96236111111111,35.149388888888886]},"properties":{"id":"fcc/WQKB414/35.14939,-81.96236","kind":"radio","brand":"Other","rawBrand":"FCC ULS","name":"COOLEY SPRINGS FINGERVILLE FIRE DEPT INC (WQKB414)","operator":"COOLEY SPRINGS FINGERVILLE FIRE DEPT INC","directions":[],"omni":true,"zone":null,"purpose":"Public-safety radio transmitter — COOLEY SPRINGS FINGERVILLE FIRE DEPT INC, CHESNEE","imageUrl":null,"fovHalfAngle":180,"frequencies":[154.995,159.33],"lawEnforcement":false}},{"type":"Feature","geometry":{"type":"Point","coordinates":[-79.72497222222222,34.66427777777778]},"properties":{"id":"fcc/WQKD201/34.66428,-79.72497","kind":"radio","brand":"Other","rawBrand":"FCC ULS","name":"SOUTH CAROLINA, STATE OF (WQKD201)","operator":"SOUTH CAROLINA, STATE OF","directions":[],"omni":true,"zone":null,"purpose":"Public-safety radio transmitter — SOUTH CAROLINA, STATE OF, BENNETTSVILLE","imageUrl":null,"fovHalfAngle":180,"frequencies":[155.64],"lawEnforcement":false}},{"type":"Feature","geometry":{"type":"Point","coordinates":[-80.72144444444444,34.70708333333334]},"properties":{"id":"fcc/WPKV594/34.70708,-80.72144","kind":"radio","brand":"Other","rawBrand":"FCC ULS","name":"LANCASTER, COUNTY OF (WPKV594)","operator":"LANCASTER, COUNTY OF","directions":[],"omni":true,"zone":null,"purpose":"Public-safety radio transmitter — LANCASTER, COUNTY OF, LANCASTER","imageUrl":null,"fovHalfAngle":180,"frequencies":[154.025,154.07,155.175,155.34,158.94],"lawEnforcement":false}},{"type":"Feature","geometry":{"type":"Point","coordinates":[-80.72166666666666,34.706944444444446]},"properties":{"id":"fcc/WPKV594/34.70694,-80.72167","kind":"radio","brand":"Other","rawBrand":"FCC ULS","name":"LANCASTER, COUNTY OF (WPKV594)","operator":"LANCASTER, COUNTY OF","directions":[],"omni":true,"zone":null,"purpose":"Public-safety radio transmitter — LANCASTER, COUNTY OF, LANCASTER","imageUrl":null,"fovHalfAngle":180,"frequencies":[154.025,154.07,155.175,155.34,158.94],"lawEnforcement":false}},{"type":"Feature","geometry":{"type":"Point","coordinates":[-79.73333333333333,34.05333333333333]},"properties":{"id":"fcc/WQKH844/34.05333,-79.73333","kind":"radio","brand":"Other","rawBrand":"FCC ULS","name":"HOWE SPRINGS FIRE RESCUE (WQKH844)","operator":"HOWE SPRINGS FIRE RESCUE","directions":[],"omni":true,"zone":null,"purpose":"Public-safety radio transmitter — HOWE SPRINGS FIRE RESCUE, EFFINGHAM","imageUrl":null,"fovHalfAngle":180,"frequencies":[155.9325],"lawEnforcement":false}},{"type":"Feature","geometry":{"type":"Point","coordinates":[-80.92080555555556,35.05719444444444]},"properties":{"id":"fcc/WQLC580/35.05719,-80.92081","kind":"radio","brand":"Other","rawBrand":"FCC ULS","name":"Charlotte-Mecklenburg Storm Water Services (WQLC580)","operator":"Charlotte-Mecklenburg Storm Water Services","directions":[],"omni":true,"zone":null,"purpose":"Public-safety radio transmitter — Charlotte-Mecklenburg Storm Water Services, Fort Mill","imageUrl":null,"fovHalfAngle":180,"frequencies":[406.125,406.175,412.6625,412.775],"lawEnforcement":false}},{"type":"Feature","geometry":{"type":"Point","coordinates":[-81.02858333333333,32.403277777777774]},"properties":{"id":"fcc/WQLJ209/32.40328,-81.02858","kind":"radio","brand":"Other","rawBrand":"FCC ULS","name":"JASPER COUNTY EMERGENCY SERVICES (WQLJ209)","operator":"JASPER COUNTY EMERGENCY SERVICES","directions":[],"omni":true,"zone":null,"purpose":"Public-safety radio transmitter — JASPER COUNTY EMERGENCY SERVICES, HARDEEVILLE","imageUrl":null,"fovHalfAngle":180,"frequencies":[153.95,154.415],"lawEnforcement":false}},{"type":"Feature","geometry":{"type":"Point","coordinates":[-81.20233333333334,34.983555555555554]},"properties":{"id":"fcc/WQLN262/34.98356,-81.20233","kind":"radio","brand":"Other","rawBrand":"FCC ULS","name":"YORK, COUNTY OF (WQLN262)","operator":"YORK, COUNTY OF","directions":[],"omni":true,"zone":null,"purpose":"Public-safety radio transmitter — YORK, COUNTY OF, YORK","imageUrl":null,"fovHalfAngle":180,"frequencies":[154.755,155.97],"lawEnforcement":false}},{"type":"Feature","geometry":{"type":"Point","coordinates":[-81.27455555555555,35.12983333333333]},"properties":{"id":"fcc/WQLN262/35.12983,-81.27456","kind":"radio","brand":"Other","rawBrand":"FCC ULS","name":"YORK, COUNTY OF (WQLN262)","operator":"YORK, COUNTY OF","directions":[],"omni":true,"zone":null,"purpose":"Public-safety radio transmitter — YORK, COUNTY OF, CLOVER","imageUrl":null,"fovHalfAngle":180,"frequencies":[154.755,155.97],"lawEnforcement":false}},{"type":"Feature","geometry":{"type":"Point","coordinates":[-81.3803611111111,34.88602777777778]},"properties":{"id":"fcc/WQLN262/34.88603,-81.38036","kind":"radio","brand":"Other","rawBrand":"FCC ULS","name":"YORK, COUNTY OF (WQLN262)","operator":"YORK, COUNTY OF","directions":[],"omni":true,"zone":null,"purpose":"Public-safety radio transmitter — YORK, COUNTY OF, SHARON","imageUrl":null,"fovHalfAngle":180,"frequencies":[154.755,155.97],"lawEnforcement":false}},{"type":"Feature","geometry":{"type":"Point","coordinates":[-80.95944444444444,34.891666666666666]},"properties":{"id":"fcc/WQLN262/34.89167,-80.95944","kind":"radio","brand":"Other","rawBrand":"FCC ULS","name":"YORK, COUNTY OF (WQLN262)","operator":"YORK, COUNTY OF","directions":[],"omni":true,"zone":null,"purpose":"Public-safety radio transmitter — YORK, COUNTY OF, LESSLIE","imageUrl":null,"fovHalfAngle":180,"frequencies":[154.755,155.97],"lawEnforcement":false}},{"type":"Feature","geometry":{"type":"Point","coordinates":[-80.99172222222222,35.037277777777774]},"properties":{"id":"fcc/WQLN262/35.03728,-80.99172","kind":"radio","brand":"Other","rawBrand":"FCC ULS","name":"YORK, COUNTY OF (WQLN262)","operator":"YORK, COUNTY OF","directions":[],"omni":true,"zone":null,"purpose":"Public-safety radio transmitter — YORK, COUNTY OF, FORT MILL","imageUrl":null,"fovHalfAngle":180,"frequencies":[154.755,155.97],"lawEnforcement":false}},{"type":"Feature","geometry":{"type":"Point","coordinates":[-80.97416666666666,34.93336111111111]},"properties":{"id":"fcc/WQLN262/34.93336,-80.97417","kind":"radio","brand":"Other","rawBrand":"FCC ULS","name":"YORK, COUNTY OF (WQLN262)","operator":"YORK, COUNTY OF","directions":[],"omni":true,"zone":null,"purpose":"Public-safety radio transmitter — YORK, COUNTY OF, ROCK HILL","imageUrl":null,"fovHalfAngle":180,"frequencies":[154.755,155.97],"lawEnforcement":false}},{"type":"Feature","geometry":{"type":"Point","coordinates":[-80.22319444444445,33.01888888888889]},"properties":{"id":"fcc/WQLW379/33.01889,-80.22319","kind":"radio","brand":"Other","rawBrand":"FCC ULS","name":"SUMMERVILLE CPW (WQLW379)","operator":"SUMMERVILLE CPW","directions":[],"omni":true,"zone":null,"purpose":"Public-safety radio transmitter — SUMMERVILLE CPW, SUMMERVILLE","imageUrl":null,"fovHalfAngle":180,"frequencies":[453.275],"lawEnforcement":false}},{"type":"Feature","geometry":{"type":"Point","coordinates":[-80.17361111111111,32.95966666666667]},"properties":{"id":"fcc/WQLW379/32.95967,-80.17361","kind":"radio","brand":"Other","rawBrand":"FCC ULS","name":"SUMMERVILLE CPW (WQLW379)","operator":"SUMMERVILLE CPW","directions":[],"omni":true,"zone":null,"purpose":"Public-safety radio transmitter — SUMMERVILLE CPW, SUMMERVILLE","imageUrl":null,"fovHalfAngle":180,"frequencies":[453.275],"lawEnforcement":false}},{"type":"Feature","geometry":{"type":"Point","coordinates":[-80.15391666666667,32.967777777777776]},"properties":{"id":"fcc/WQLW379/32.96778,-80.15392","kind":"radio","brand":"Other","rawBrand":"FCC ULS","name":"SUMMERVILLE CPW (WQLW379)","operator":"SUMMERVILLE CPW","directions":[],"omni":true,"zone":null,"purpose":"Public-safety radio transmitter — SUMMERVILLE CPW, SUMMERVILLE","imageUrl":null,"fovHalfAngle":180,"frequencies":[453.275],"lawEnforcement":false}},{"type":"Feature","geometry":{"type":"Point","coordinates":[-80.20486111111111,33.037166666666664]},"properties":{"id":"fcc/WQLW379/33.03717,-80.20486","kind":"radio","brand":"Other","rawBrand":"FCC ULS","name":"SUMMERVILLE CPW (WQLW379)","operator":"SUMMERVILLE CPW","directions":[],"omni":true,"zone":null,"purpose":"Public-safety radio transmitter — SUMMERVILLE CPW, SUMMERVILLE","imageUrl":null,"fovHalfAngle":180,"frequencies":[453.275],"lawEnforcement":false}},{"type":"Feature","geometry":{"type":"Point","coordinates":[-80.16441666666667,32.94833333333333]},"properties":{"id":"fcc/WQLW379/32.94833,-80.16442","kind":"radio","brand":"Other","rawBrand":"FCC ULS","name":"SUMMERVILLE CPW (WQLW379)","operator":"SUMMERVILLE CPW","directions":[],"omni":true,"zone":null,"purpose":"Public-safety radio transmitter — SUMMERVILLE CPW, SUMMERVILLE","imageUrl":null,"fovHalfAngle":180,"frequencies":[453.275],"lawEnforcement":false}},{"type":"Feature","geometry":{"type":"Point","coordinates":[-79.89163888888889,34.68963888888889]},"properties":{"id":"fcc/WQLX921/34.68964,-79.89164","kind":"radio","brand":"Other","rawBrand":"FCC ULS","name":"CHERAW, TOWN OF (WQLX921)","operator":"CHERAW, TOWN OF","directions":[],"omni":true,"zone":null,"purpose":"Public-safety radio transmitter — CHERAW, TOWN OF, CHERAW","imageUrl":null,"fovHalfAngle":180,"frequencies":[460.45,465.45],"lawEnforcement":false}},{"type":"Feature","geometry":{"type":"Point","coordinates":[-82.42294444444445,34.84286111111111]},"properties":{"id":"fcc/WQMA238/34.84286,-82.42294","kind":"radio","brand":"Other","rawBrand":"FCC ULS","name":"PARKER FIRE DEPARTMENT (WQMA238)","operator":"PARKER FIRE DEPARTMENT","directions":[],"omni":true,"zone":null,"purpose":"Public-safety radio transmitter — PARKER FIRE DEPARTMENT, GREENVILLE","imageUrl":null,"fovHalfAngle":180,"frequencies":[453.375,453.525,458.375,458.8,460.1625,465.1625],"lawEnforcement":false}},{"type":"Feature","geometry":{"type":"Point","coordinates":[-79.94786111111111,32.78572222222222]},"properties":{"id":"fcc/WQMH925/32.78572,-79.94786","kind":"radio","brand":"Other","rawBrand":"FCC ULS","name":"MEDICAL UNIVERSITY OF SOUTH CAROLINA (WQMH925)","operator":"MEDICAL UNIVERSITY OF SOUTH CAROLINA","directions":[],"omni":true,"zone":null,"purpose":"Public-safety radio transmitter — MEDICAL UNIVERSITY OF SOUTH CAROLINA, CHARLESTON","imageUrl":null,"fovHalfAngle":180,"frequencies":[453.375],"lawEnforcement":false}},{"type":"Feature","geometry":{"type":"Point","coordinates":[-80.01802777777777,33.20077777777778]},"properties":{"id":"fcc/WQNP315/33.20078,-80.01803","kind":"radio","brand":"Other","rawBrand":"FCC ULS","name":"BERKELEY COUNTY DETENTION CENTER (WQNP315)","operator":"BERKELEY COUNTY DETENTION CENTER","directions":[],"omni":true,"zone":null,"purpose":"Public-safety radio transmitter — BERKELEY COUNTY DETENTION CENTER, MONCKS CORNER","imageUrl":null,"fovHalfAngle":180,"frequencies":[155.7825,158.9625],"lawEnforcement":false}},{"type":"Feature","geometry":{"type":"Point","coordinates":[-80.8103611111111,33.683749999999996]},"properties":{"id":"fcc/WQOG519/33.68375,-80.81036","kind":"radio","brand":"Other","rawBrand":"FCC ULS","name":"CALHOUN, COUNTY OF (WQOG519)","operator":"CALHOUN, COUNTY OF","directions":[],"omni":true,"zone":null,"purpose":"Public-safety radio transmitter — CALHOUN, COUNTY OF, ST. MATTHEWS","imageUrl":null,"fovHalfAngle":180,"frequencies":[150.995,151.1075,153.8675,153.965,155.805,155.895,156.1275,156.165],"lawEnforcement":false}},{"type":"Feature","geometry":{"type":"Point","coordinates":[-81.20233333333334,34.983555555555554]},"properties":{"id":"fcc/WNYW709/34.98356,-81.20233","kind":"radio","brand":"Other","rawBrand":"FCC ULS","name":"YORK, COUNTY OF (WNYW709)","operator":"YORK, COUNTY OF","directions":[],"omni":true,"zone":null,"purpose":"Public-safety radio transmitter — YORK, COUNTY OF, YORK","imageUrl":null,"fovHalfAngle":180,"frequencies":[153.9425,159.3825,460.0125,460.0375,460.4375,460.4625,465.0125,465.0375,465.4375,465.4625],"lawEnforcement":false}},{"type":"Feature","geometry":{"type":"Point","coordinates":[-81.17497222222222,34.86513888888889]},"properties":{"id":"fcc/WNYW709/34.86514,-81.17497","kind":"radio","brand":"Other","rawBrand":"FCC ULS","name":"YORK, COUNTY OF (WNYW709)","operator":"YORK, COUNTY OF","directions":[],"omni":true,"zone":null,"purpose":"Public-safety radio transmitter — YORK, COUNTY OF, MCCONNELLS","imageUrl":null,"fovHalfAngle":180,"frequencies":[153.9425,159.3825,460.0125,460.0375,460.4375,460.4625,465.0125,465.0375,465.4375,465.4625],"lawEnforcement":false}},{"type":"Feature","geometry":{"type":"Point","coordinates":[-81.74447222222223,35.14361111111111]},"properties":{"id":"fcc/WQOQ543/35.14361,-81.74447","kind":"radio","brand":"Other","rawBrand":"FCC ULS","name":"CHEROKEE CREEK VOLUNTEER FIRE DEPARTMENT (WQOQ543)","operator":"CHEROKEE CREEK VOLUNTEER FIRE DEPARTMENT","directions":[],"omni":true,"zone":null,"purpose":"Public-safety radio transmitter — CHEROKEE CREEK VOLUNTEER FIRE DEPARTMENT, GAFFNEY","imageUrl":null,"fovHalfAngle":180,"frequencies":[158.73],"lawEnforcement":false}},{"type":"Feature","geometry":{"type":"Point","coordinates":[-81.89519444444446,34.21263888888889]},"properties":{"id":"fcc/WPBI876/34.21264,-81.89519","kind":"radio","brand":"Other","rawBrand":"FCC ULS","name":"NEWBERRY, COUNTY OF (WPBI876)","operator":"NEWBERRY, COUNTY OF","directions":[],"omni":true,"zone":null,"purpose":"Public-safety radio transmitter — NEWBERRY, COUNTY OF, CHAPPELLS","imageUrl":null,"fovHalfAngle":180,"frequencies":[453.3375,453.4875,453.6875,458.3375,458.4875,458.6875,460.175,465.175],"lawEnforcement":false}},{"type":"Feature","geometry":{"type":"Point","coordinates":[-81.19502777777778,33.67708333333333]},"properties":{"id":"fcc/WQOW293/33.67708,-81.19503","kind":"radio","brand":"Other","rawBrand":"FCC ULS","name":"AIKEN COUNTY SHERIFF'S OFFICE (WQOW293)","operator":"AIKEN COUNTY SHERIFF'S OFFICE","directions":[],"omni":true,"zone":null,"purpose":"Law-enforcement radio transmitter — AIKEN COUNTY SHERIFF'S OFFICE, SWANSEA","imageUrl":null,"fovHalfAngle":180,"frequencies":[453.2375,458.2375],"lawEnforcement":true}},{"type":"Feature","geometry":{"type":"Point","coordinates":[-81.69686111111112,33.57166666666667]},"properties":{"id":"fcc/WQPM655/33.57167,-81.69686","kind":"radio","brand":"Other","rawBrand":"FCC ULS","name":"AIKEN, CITY OF  -  DEPT. OF PUBLIC SAFETY (WQPM655)","operator":"AIKEN, CITY OF  -  DEPT. OF PUBLIC SAFETY","directions":[],"omni":true,"zone":null,"purpose":"Law-enforcement radio transmitter — AIKEN, CITY OF  -  DEPT. OF PUBLIC SAFETY, AIKEN","imageUrl":null,"fovHalfAngle":180,"frequencies":[460.1375,465.1375],"lawEnforcement":true}},{"type":"Feature","geometry":{"type":"Point","coordinates":[-81.69686111111112,33.57166666666667]},"properties":{"id":"fcc/WQPP386/33.57167,-81.69686","kind":"radio","brand":"Other","rawBrand":"FCC ULS","name":"AIKEN, CITY OF  -   DEPT. OF PUBLIC SAFETY (WQPP386)","operator":"AIKEN, CITY OF  -   DEPT. OF PUBLIC SAFETY","directions":[],"omni":true,"zone":null,"purpose":"Law-enforcement radio transmitter — AIKEN, CITY OF  -   DEPT. OF PUBLIC SAFETY, AIKEN","imageUrl":null,"fovHalfAngle":180,"frequencies":[460.2125,465.2125],"lawEnforcement":true}},{"type":"Feature","geometry":{"type":"Point","coordinates":[-79.10833333333333,33.94972222222222]},"properties":{"id":"fcc/WQPY983/33.94972,-79.10833","kind":"radio","brand":"Other","rawBrand":"FCC ULS","name":"SOUTH CAROLINA LAW ENFORCEMENT DIVISION (SLED) (WQPY983)","operator":"SOUTH CAROLINA LAW ENFORCEMENT DIVISION (SLED)","directions":[],"omni":true,"zone":null,"purpose":"Law-enforcement radio transmitter — SOUTH CAROLINA LAW ENFORCEMENT DIVISION (SLED), CONWAY","imageUrl":null,"fovHalfAngle":180,"frequencies":[154.6875,154.695,154.725,154.785,154.9425,155.4525,158.8725,158.97,159.0375,159.2025,159.36],"lawEnforcement":true}},{"type":"Feature","geometry":{"type":"Point","coordinates":[-79.98727777777778,33.534305555555555]},"properties":{"id":"fcc/WQPY983/33.53431,-79.98728","kind":"radio","brand":"Other","rawBrand":"FCC ULS","name":"SOUTH CAROLINA LAW ENFORCEMENT DIVISION (SLED) (WQPY983)","operator":"SOUTH CAROLINA LAW ENFORCEMENT DIVISION (SLED)","directions":[],"omni":true,"zone":null,"purpose":"Law-enforcement radio transmitter — SOUTH CAROLINA LAW ENFORCEMENT DIVISION (SLED), GREELEYVILLE","imageUrl":null,"fovHalfAngle":180,"frequencies":[154.6875,154.695,154.725,154.785,154.9425,155.4525,158.8725,158.97,159.0375,159.2025,159.36],"lawEnforcement":true}},{"type":"Feature","geometry":{"type":"Point","coordinates":[-80.02333333333333,32.80222222222222]},"properties":{"id":"fcc/WQPY983/32.80222,-80.02333","kind":"radio","brand":"Other","rawBrand":"FCC ULS","name":"SOUTH CAROLINA LAW ENFORCEMENT DIVISION (SLED) (WQPY983)","operator":"SOUTH CAROLINA LAW ENFORCEMENT DIVISION (SLED)","directions":[],"omni":true,"zone":null,"purpose":"Law-enforcement radio transmitter — SOUTH CAROLINA LAW ENFORCEMENT DIVISION (SLED), CHARLESTON","imageUrl":null,"fovHalfAngle":180,"frequencies":[154.6875,154.695,154.725,154.785,154.9425,155.4525,158.8725,158.97,159.0375,159.2025,159.36],"lawEnforcement":true}},{"type":"Feature","geometry":{"type":"Point","coordinates":[-80.93777777777778,32.32888888888889]},"properties":{"id":"fcc/WQPY983/32.32889,-80.93778","kind":"radio","brand":"Other","rawBrand":"FCC ULS","name":"SOUTH CAROLINA LAW ENFORCEMENT DIVISION (SLED) (WQPY983)","operator":"SOUTH CAROLINA LAW ENFORCEMENT DIVISION (SLED)","directions":[],"omni":true,"zone":null,"purpose":"Law-enforcement radio transmitter — SOUTH CAROLINA LAW ENFORCEMENT DIVISION (SLED), HARDEEVILLE","imageUrl":null,"fovHalfAngle":180,"frequencies":[154.6875,154.695,154.725,154.785,154.9425,155.4525,158.8725,158.97,159.0375,159.2025,159.36],"lawEnforcement":true}},{"type":"Feature","geometry":{"type":"Point","coordinates":[-81.69686111111112,33.57166666666667]},"properties":{"id":"fcc/WQPY983/33.57167,-81.69686","kind":"radio","brand":"Other","rawBrand":"FCC ULS","name":"SOUTH CAROLINA LAW ENFORCEMENT DIVISION (SLED) (WQPY983)","operator":"SOUTH CAROLINA LAW ENFORCEMENT DIVISION (SLED)","directions":[],"omni":true,"zone":null,"purpose":"Law-enforcement radio transmitter — SOUTH CAROLINA LAW ENFORCEMENT DIVISION (SLED), AIKEN","imageUrl":null,"fovHalfAngle":180,"frequencies":[154.6875,154.695,154.725,154.785,154.9425,155.4525,158.8725,158.97,159.0375,159.2025,159.36],"lawEnforcement":true}},{"type":"Feature","geometry":{"type":"Point","coordinates":[-81.13730555555556,34.08625]},"properties":{"id":"fcc/WQPY983/34.08625,-81.13731","kind":"radio","brand":"Other","rawBrand":"FCC ULS","name":"SOUTH CAROLINA LAW ENFORCEMENT DIVISION (SLED) (WQPY983)","operator":"SOUTH CAROLINA LAW ENFORCEMENT DIVISION (SLED)","directions":[],"omni":true,"zone":null,"purpose":"Law-enforcement radio transmitter — SOUTH CAROLINA LAW ENFORCEMENT DIVISION (SLED), COLUMBIA","imageUrl":null,"fovHalfAngle":180,"frequencies":[154.6875,154.695,154.725,154.785,154.9425,155.4525,158.8725,158.97,159.0375,159.2025,159.36],"lawEnforcement":true}},{"type":"Feature","geometry":{"type":"Point","coordinates":[-81.17472222222223,34.999722222222225]},"properties":{"id":"fcc/WQPZ818/34.99972,-81.17472","kind":"radio","brand":"Other","rawBrand":"FCC ULS","name":"SOUTH CAROLINA LAW ENFORCEMENT DIVISION (SLED) (WQPZ818)","operator":"SOUTH CAROLINA LAW ENFORCEMENT DIVISION (SLED)","directions":[],"omni":true,"zone":null,"purpose":"Law-enforcement radio transmitter — SOUTH CAROLINA LAW ENFORCEMENT DIVISION (SLED), TIRZAH","imageUrl":null,"fovHalfAngle":180,"frequencies":[151.3325,154.6875,154.9275,155.0025,155.5125,158.9775,159.0375,159.06,159.2025,159.36],"lawEnforcement":true}},{"type":"Feature","geometry":{"type":"Point","coordinates":[-82.14916666666667,34.18611111111111]},"properties":{"id":"fcc/WQPZ818/34.18611,-82.14917","kind":"radio","brand":"Other","rawBrand":"FCC ULS","name":"SOUTH CAROLINA LAW ENFORCEMENT DIVISION (SLED) (WQPZ818)","operator":"SOUTH CAROLINA LAW ENFORCEMENT DIVISION (SLED)","directions":[],"omni":true,"zone":null,"purpose":"Law-enforcement radio transmitter — SOUTH CAROLINA LAW ENFORCEMENT DIVISION (SLED), GREENWOOD","imageUrl":null,"fovHalfAngle":180,"frequencies":[151.3325,154.6875,154.9275,155.0025,155.5125,158.9775,159.0375,159.06,159.2025,159.36],"lawEnforcement":true}},{"type":"Feature","geometry":{"type":"Point","coordinates":[-79.94527777777778,34.64611111111111]},"properties":{"id":"fcc/WQPZ818/34.64611,-79.94528","kind":"radio","brand":"Other","rawBrand":"FCC ULS","name":"SOUTH CAROLINA LAW ENFORCEMENT DIVISION (SLED) (WQPZ818)","operator":"SOUTH CAROLINA LAW ENFORCEMENT DIVISION (SLED)","directions":[],"omni":true,"zone":null,"purpose":"Law-enforcement radio transmitter — SOUTH CAROLINA LAW ENFORCEMENT DIVISION (SLED), CHERAW","imageUrl":null,"fovHalfAngle":180,"frequencies":[151.3325,154.6875,154.9275,155.0025,155.5125,158.9775,159.0375,159.06,159.2025,159.36],"lawEnforcement":true}},{"type":"Feature","geometry":{"type":"Point","coordinates":[-80.93686111111111,34.118611111111115]},"properties":{"id":"fcc/WQPZ818/34.11861,-80.93686","kind":"radio","brand":"Other","rawBrand":"FCC ULS","name":"SOUTH CAROLINA LAW ENFORCEMENT DIVISION (SLED) (WQPZ818)","operator":"SOUTH CAROLINA LAW ENFORCEMENT DIVISION (SLED)","directions":[],"omni":true,"zone":null,"purpose":"Law-enforcement radio transmitter — SOUTH CAROLINA LAW ENFORCEMENT DIVISION (SLED), COLUMBIA","imageUrl":null,"fovHalfAngle":180,"frequencies":[151.3325,154.6875,154.9275,155.0025,155.5125,158.9775,159.0375,159.06,159.2025,159.36],"lawEnforcement":true}},{"type":"Feature","geometry":{"type":"Point","coordinates":[-79.74288888888888,34.280027777777775]},"properties":{"id":"fcc/WQPZ818/34.28003,-79.74289","kind":"radio","brand":"Other","rawBrand":"FCC ULS","name":"SOUTH CAROLINA LAW ENFORCEMENT DIVISION (SLED) (WQPZ818)","operator":"SOUTH CAROLINA LAW ENFORCEMENT DIVISION (SLED)","directions":[],"omni":true,"zone":null,"purpose":"Law-enforcement radio transmitter — SOUTH CAROLINA LAW ENFORCEMENT DIVISION (SLED), FLORENCE","imageUrl":null,"fovHalfAngle":180,"frequencies":[151.3325,154.6875,154.9275,155.0025,155.5125,158.9775,159.0375,159.06,159.2025,159.36],"lawEnforcement":true}},{"type":"Feature","geometry":{"type":"Point","coordinates":[-79.27083333333333,33.433055555555555]},"properties":{"id":"fcc/WQQD683/33.43306,-79.27083","kind":"radio","brand":"Other","rawBrand":"FCC ULS","name":"GEORGETOWN, COUNTY OF (WQQD683)","operator":"GEORGETOWN, COUNTY OF","directions":[],"omni":true,"zone":null,"purpose":"Public-safety radio transmitter — GEORGETOWN, COUNTY OF, GEORGETOWN","imageUrl":null,"fovHalfAngle":180,"frequencies":[155.715,158.925],"lawEnforcement":false}},{"type":"Feature","geometry":{"type":"Point","coordinates":[-80.0033611111111,32.81183333333333]},"properties":{"id":"fcc/WQQE325/32.81183,-80.00336","kind":"radio","brand":"Other","rawBrand":"FCC ULS","name":"Charleston County SC (WQQE325)","operator":"Charleston County SC","directions":[],"omni":true,"zone":null,"purpose":"Public-safety radio transmitter — Charleston County SC, Charleston","imageUrl":null,"fovHalfAngle":180,"frequencies":[436,442],"lawEnforcement":false}},{"type":"Feature","geometry":{"type":"Point","coordinates":[-82.1146111111111,35.055249999999994]},"properties":{"id":"fcc/WQQF794/35.05525,-82.11461","kind":"radio","brand":"Other","rawBrand":"FCC ULS","name":"INMAN COMMUNITY VOLUNTEER FIRE DEPARTMENT (WQQF794)","operator":"INMAN COMMUNITY VOLUNTEER FIRE DEPARTMENT","directions":[],"omni":true,"zone":null,"purpose":"Public-safety radio transmitter — INMAN COMMUNITY VOLUNTEER FIRE DEPARTMENT, INMAN","imageUrl":null,"fovHalfAngle":180,"frequencies":[154.04,154.98,155.7675,159.36],"lawEnforcement":false}},{"type":"Feature","geometry":{"type":"Point","coordinates":[-83.09819444444445,34.882305555555554]},"properties":{"id":"fcc/WQCK923/34.88231,-83.09819","kind":"radio","brand":"Other","rawBrand":"FCC ULS","name":"ANDERSON, COUNTY OF (WQCK923)","operator":"ANDERSON, COUNTY OF","directions":[],"omni":true,"zone":null,"purpose":"Public-safety radio transmitter — ANDERSON, COUNTY OF, WALHALLA","imageUrl":null,"fovHalfAngle":180,"frequencies":[45.08,45.18,45.48,46.5,151.085,159.03],"lawEnforcement":false}},{"type":"Feature","geometry":{"type":"Point","coordinates":[-82.6541388888889,34.51152777777778]},"properties":{"id":"fcc/WQCK923/34.51153,-82.65414","kind":"radio","brand":"Other","rawBrand":"FCC ULS","name":"ANDERSON, COUNTY OF (WQCK923)","operator":"ANDERSON, COUNTY OF","directions":[],"omni":true,"zone":null,"purpose":"Public-safety radio transmitter — ANDERSON, COUNTY OF, ANDERSON","imageUrl":null,"fovHalfAngle":180,"frequencies":[45.08,45.18,45.48,46.5,151.085,159.03],"lawEnforcement":false}},{"type":"Feature","geometry":{"type":"Point","coordinates":[-81.02591666666666,33.99572222222222]},"properties":{"id":"fcc/WQQS395/33.99572,-81.02592","kind":"radio","brand":"Other","rawBrand":"FCC ULS","name":"SC Dept of Administration (DTO) (WQQS395)","operator":"SC Dept of Administration (DTO)","directions":[],"omni":true,"zone":null,"purpose":"Public-safety radio transmitter — SC Dept of Administration (DTO), COLUMBIA","imageUrl":null,"fovHalfAngle":180,"frequencies":[453.5375,458.5375],"lawEnforcement":false}},{"type":"Feature","geometry":{"type":"Point","coordinates":[-81.62066666666666,34.30625]},"properties":{"id":"fcc/WPBI876/34.30625,-81.62067","kind":"radio","brand":"Other","rawBrand":"FCC ULS","name":"NEWBERRY, COUNTY OF (WPBI876)","operator":"NEWBERRY, COUNTY OF","directions":[],"omni":true,"zone":null,"purpose":"Public-safety radio transmitter — NEWBERRY, COUNTY OF, NEWBERRY","imageUrl":null,"fovHalfAngle":180,"frequencies":[453.3375,453.4875,453.6875,458.3375,458.4875,458.6875,460.175,465.175],"lawEnforcement":false}},{"type":"Feature","geometry":{"type":"Point","coordinates":[-82.27916666666667,33.913888888888884]},"properties":{"id":"fcc/WQTW341/33.91389,-82.27917","kind":"radio","brand":"Other","rawBrand":"FCC ULS","name":"MCCORMICK COUNTY GOVERNMENT (WQTW341)","operator":"MCCORMICK COUNTY GOVERNMENT","directions":[],"omni":true,"zone":null,"purpose":"Public-safety radio transmitter — MCCORMICK COUNTY GOVERNMENT, MCCORMICK","imageUrl":null,"fovHalfAngle":180,"frequencies":[45.26,46.52,154.725,154.845,155.97,159.15,453.275,453.3625,453.475,453.5,453.575,453.7375,453.925,458.275,458.3625,458.475,458.5,458.575,458.7375,458.925,460.325,465.325],"lawEnforcement":false}},{"type":"Feature","geometry":{"type":"Point","coordinates":[-82.17969444444445,33.661027777777775]},"properties":{"id":"fcc/WQTW341/33.66103,-82.17969","kind":"radio","brand":"Other","rawBrand":"FCC ULS","name":"MCCORMICK COUNTY GOVERNMENT (WQTW341)","operator":"MCCORMICK COUNTY GOVERNMENT","directions":[],"omni":true,"zone":null,"purpose":"Public-safety radio transmitter — MCCORMICK COUNTY GOVERNMENT, CLARKSHILL","imageUrl":null,"fovHalfAngle":180,"frequencies":[45.26,46.52,154.725,154.845,155.97,159.15,453.275,453.3625,453.475,453.5,453.575,453.7375,453.925,458.275,458.3625,458.475,458.5,458.575,458.7375,458.925,460.325,465.325],"lawEnforcement":false}},{"type":"Feature","geometry":{"type":"Point","coordinates":[-82.58661111111111,34.025555555555556]},"properties":{"id":"fcc/WQTW341/34.02556,-82.58661","kind":"radio","brand":"Other","rawBrand":"FCC ULS","name":"MCCORMICK COUNTY GOVERNMENT (WQTW341)","operator":"MCCORMICK COUNTY GOVERNMENT","directions":[],"omni":true,"zone":null,"purpose":"Public-safety radio transmitter — MCCORMICK COUNTY GOVERNMENT, CALHOUN FALLS","imageUrl":null,"fovHalfAngle":180,"frequencies":[45.26,46.52,154.725,154.845,155.97,159.15,453.275,453.3625,453.475,453.5,453.575,453.7375,453.925,458.275,458.3625,458.475,458.5,458.575,458.7375,458.925,460.325,465.325],"lawEnforcement":false}},{"type":"Feature","geometry":{"type":"Point","coordinates":[-80.55072222222222,33.57511111111111]},"properties":{"id":"fcc/WQOG519/33.57511,-80.55072","kind":"radio","brand":"Other","rawBrand":"FCC ULS","name":"CALHOUN, COUNTY OF (WQOG519)","operator":"CALHOUN, COUNTY OF","directions":[],"omni":true,"zone":null,"purpose":"Public-safety radio transmitter — CALHOUN, COUNTY OF, ELLOREE","imageUrl":null,"fovHalfAngle":180,"frequencies":[150.995,151.1075,153.8675,153.965,155.805,155.895,156.1275,156.165],"lawEnforcement":false}},{"type":"Feature","geometry":{"type":"Point","coordinates":[-80.97272222222223,32.49766666666667]},"properties":{"id":"fcc/WQUG673/32.49767,-80.97272","kind":"radio","brand":"Other","rawBrand":"FCC ULS","name":"Jasper County Emergency Services (WQUG673)","operator":"Jasper County Emergency Services","directions":[],"omni":true,"zone":null,"purpose":"Public-safety radio transmitter — Jasper County Emergency Services, RIDGELAND","imageUrl":null,"fovHalfAngle":180,"frequencies":[453.05,453.2875],"lawEnforcement":false}},{"type":"Feature","geometry":{"type":"Point","coordinates":[-82.42483333333334,34.865944444444445]},"properties":{"id":"fcc/WQUN768/34.86594,-82.42483","kind":"radio","brand":"Other","rawBrand":"FCC ULS","name":"PRISMA HEALTH (WQUN768)","operator":"PRISMA HEALTH","directions":[],"omni":true,"zone":null,"purpose":"Public-safety radio transmitter — PRISMA HEALTH, GREENVILLE","imageUrl":null,"fovHalfAngle":180,"frequencies":[154.115,158.865],"lawEnforcement":false}},{"type":"Feature","geometry":{"type":"Point","coordinates":[-82.24416666666667,34.71752777777778]},"properties":{"id":"fcc/WQUN768/34.71753,-82.24417","kind":"radio","brand":"Other","rawBrand":"FCC ULS","name":"PRISMA HEALTH (WQUN768)","operator":"PRISMA HEALTH","directions":[],"omni":true,"zone":null,"purpose":"Public-safety radio transmitter — PRISMA HEALTH, SIMPSONVILLE","imageUrl":null,"fovHalfAngle":180,"frequencies":[154.115,158.865],"lawEnforcement":false}},{"type":"Feature","geometry":{"type":"Point","coordinates":[-82.39377777777779,34.863083333333336]},"properties":{"id":"fcc/WQUN768/34.86308,-82.39378","kind":"radio","brand":"Other","rawBrand":"FCC ULS","name":"PRISMA HEALTH (WQUN768)","operator":"PRISMA HEALTH","directions":[],"omni":true,"zone":null,"purpose":"Public-safety radio transmitter — PRISMA HEALTH, TRAVERLERS REST","imageUrl":null,"fovHalfAngle":180,"frequencies":[154.115,158.865],"lawEnforcement":false}},{"type":"Feature","geometry":{"type":"Point","coordinates":[-82.24430555555556,34.92047222222222]},"properties":{"id":"fcc/WQUN768/34.92047,-82.24431","kind":"radio","brand":"Other","rawBrand":"FCC ULS","name":"PRISMA HEALTH (WQUN768)","operator":"PRISMA HEALTH","directions":[],"omni":true,"zone":null,"purpose":"Public-safety radio transmitter — PRISMA HEALTH, GREER","imageUrl":null,"fovHalfAngle":180,"frequencies":[154.115,158.865],"lawEnforcement":false}},{"type":"Feature","geometry":{"type":"Point","coordinates":[-82.32433333333333,34.853944444444444]},"properties":{"id":"fcc/WQUN768/34.85394,-82.32433","kind":"radio","brand":"Other","rawBrand":"FCC ULS","name":"PRISMA HEALTH (WQUN768)","operator":"PRISMA HEALTH","directions":[],"omni":true,"zone":null,"purpose":"Public-safety radio transmitter — PRISMA HEALTH, GREENVILLE","imageUrl":null,"fovHalfAngle":180,"frequencies":[154.115,158.865],"lawEnforcement":false}},{"type":"Feature","geometry":{"type":"Point","coordinates":[-82.42408333333334,34.85552777777778]},"properties":{"id":"fcc/WQMA238/34.85553,-82.42408","kind":"radio","brand":"Other","rawBrand":"FCC ULS","name":"PARKER FIRE DEPARTMENT (WQMA238)","operator":"PARKER FIRE DEPARTMENT","directions":[],"omni":true,"zone":null,"purpose":"Public-safety radio transmitter — PARKER FIRE DEPARTMENT, GREENVILLE","imageUrl":null,"fovHalfAngle":180,"frequencies":[453.375,453.525,458.375,458.8,460.1625,465.1625],"lawEnforcement":false}},{"type":"Feature","geometry":{"type":"Point","coordinates":[-82.21383333333334,35.18769444444444]},"properties":{"id":"fcc/WQQF794/35.18769,-82.21383","kind":"radio","brand":"Other","rawBrand":"FCC ULS","name":"INMAN COMMUNITY VOLUNTEER FIRE DEPARTMENT (WQQF794)","operator":"INMAN COMMUNITY VOLUNTEER FIRE DEPARTMENT","directions":[],"omni":true,"zone":null,"purpose":"Public-safety radio transmitter — INMAN COMMUNITY VOLUNTEER FIRE DEPARTMENT, LANDRUM","imageUrl":null,"fovHalfAngle":180,"frequencies":[154.04,154.98,155.7675,159.36],"lawEnforcement":false}},{"type":"Feature","geometry":{"type":"Point","coordinates":[-80.94088888888889,33.789]},"properties":{"id":"fcc/WQOG519/33.78900,-80.94089","kind":"radio","brand":"Other","rawBrand":"FCC ULS","name":"CALHOUN, COUNTY OF (WQOG519)","operator":"CALHOUN, COUNTY OF","directions":[],"omni":true,"zone":null,"purpose":"Public-safety radio transmitter — CALHOUN, COUNTY OF, Swansea","imageUrl":null,"fovHalfAngle":180,"frequencies":[150.995,151.1075,153.8675,153.965,155.805,155.895,156.1275,156.165],"lawEnforcement":false}},{"type":"Feature","geometry":{"type":"Point","coordinates":[-82.65930555555556,34.90011111111111]},"properties":{"id":"fcc/WQWG710/34.90011,-82.65931","kind":"radio","brand":"Other","rawBrand":"FCC ULS","name":"PICKENS, COUNTY OF (WQWG710)","operator":"PICKENS, COUNTY OF","directions":[],"omni":true,"zone":null,"purpose":"Public-safety radio transmitter — PICKENS, COUNTY OF, PICKENS","imageUrl":null,"fovHalfAngle":180,"frequencies":[155.7225,158.7525],"lawEnforcement":false}},{"type":"Feature","geometry":{"type":"Point","coordinates":[-80.74591666666667,33.68458333333333]},"properties":{"id":"fcc/WQOG519/33.68458,-80.74592","kind":"radio","brand":"Other","rawBrand":"FCC ULS","name":"CALHOUN, COUNTY OF (WQOG519)","operator":"CALHOUN, COUNTY OF","directions":[],"omni":true,"zone":null,"purpose":"Public-safety radio transmitter — CALHOUN, COUNTY OF, ST MATTHEWS","imageUrl":null,"fovHalfAngle":180,"frequencies":[150.995,151.1075,153.8675,153.965,155.805,155.895,156.1275,156.165],"lawEnforcement":false}},{"type":"Feature","geometry":{"type":"Point","coordinates":[-82.29638888888888,34.68388888888889]},"properties":{"id":"fcc/WPQH575/34.68389,-82.29639","kind":"radio","brand":"Other","rawBrand":"FCC ULS","name":"RENEWABLE WATER RESOURCES (WPQH575)","operator":"RENEWABLE WATER RESOURCES","directions":[],"omni":true,"zone":null,"purpose":"Public-safety radio transmitter — RENEWABLE WATER RESOURCES, SIMPSONVILLE","imageUrl":null,"fovHalfAngle":180,"frequencies":[150.815,151.1975,153.6725,154.74,154.8525,155.8125,155.955,158.25,158.73,158.8275],"lawEnforcement":false}},{"type":"Feature","geometry":{"type":"Point","coordinates":[-82.22955555555556,34.86175]},"properties":{"id":"fcc/WPQH575/34.86175,-82.22956","kind":"radio","brand":"Other","rawBrand":"FCC ULS","name":"RENEWABLE WATER RESOURCES (WPQH575)","operator":"RENEWABLE WATER RESOURCES","directions":[],"omni":true,"zone":null,"purpose":"Public-safety radio transmitter — RENEWABLE WATER RESOURCES, GREER","imageUrl":null,"fovHalfAngle":180,"frequencies":[150.815,151.1975,153.6725,154.74,154.8525,155.8125,155.955,158.25,158.73,158.8275],"lawEnforcement":false}},{"type":"Feature","geometry":{"type":"Point","coordinates":[-79.04752777777777,33.83219444444445]},"properties":{"id":"fcc/WQZR599/33.83219,-79.04753","kind":"radio","brand":"Other","rawBrand":"FCC ULS","name":"HORRY COUNTY (WQZR599)","operator":"HORRY COUNTY","directions":[],"omni":true,"zone":null,"purpose":"Public-safety radio transmitter — HORRY COUNTY, CONWAY","imageUrl":null,"fovHalfAngle":180,"frequencies":[155.0925,158.7975],"lawEnforcement":false}},{"type":"Feature","geometry":{"type":"Point","coordinates":[-82.47800000000001,34.82030555555556]},"properties":{"id":"fcc/WPQH575/34.82031,-82.47800","kind":"radio","brand":"Other","rawBrand":"FCC ULS","name":"RENEWABLE WATER RESOURCES (WPQH575)","operator":"RENEWABLE WATER RESOURCES","directions":[],"omni":true,"zone":null,"purpose":"Public-safety radio transmitter — RENEWABLE WATER RESOURCES, GREENVILLE","imageUrl":null,"fovHalfAngle":180,"frequencies":[150.815,151.1975,153.6725,154.74,154.8525,155.8125,155.955,158.25,158.73,158.8275],"lawEnforcement":false}},{"type":"Feature","geometry":{"type":"Point","coordinates":[-80.93558333333334,35.06525]},"properties":{"id":"fcc/WRAQ632/35.06525,-80.93558","kind":"radio","brand":"Other","rawBrand":"FCC ULS","name":"YORK, COUNTY OF (WRAQ632)","operator":"YORK, COUNTY OF","directions":[],"omni":true,"zone":null,"purpose":"Public-safety radio transmitter — YORK, COUNTY OF, FORT MILL","imageUrl":null,"fovHalfAngle":180,"frequencies":[453.2625,458.2625],"lawEnforcement":false}},{"type":"Feature","geometry":{"type":"Point","coordinates":[-79.83975,34.31333333333333]},"properties":{"id":"fcc/WRBU565/34.31333,-79.83975","kind":"radio","brand":"Other","rawBrand":"FCC ULS","name":"McLeod Health Darlington (WRBU565)","operator":"McLeod Health Darlington","directions":[],"omni":true,"zone":null,"purpose":"Public-safety radio transmitter — McLeod Health Darlington, Darlington","imageUrl":null,"fovHalfAngle":180,"frequencies":[453.075,458.075],"lawEnforcement":false}},{"type":"Feature","geometry":{"type":"Point","coordinates":[-82.83125,34.67744444444444]},"properties":{"id":"fcc/WRCC588/34.67744,-82.83125","kind":"radio","brand":"Other","rawBrand":"FCC ULS","name":"CLEMSON UNIVERSITY POLICE DEPARTMENT (WRCC588)","operator":"CLEMSON UNIVERSITY POLICE DEPARTMENT","directions":[],"omni":true,"zone":null,"purpose":"Law-enforcement radio transmitter — CLEMSON UNIVERSITY POLICE DEPARTMENT, Clemson","imageUrl":null,"fovHalfAngle":180,"frequencies":[811.0625,856.0625],"lawEnforcement":true}},{"type":"Feature","geometry":{"type":"Point","coordinates":[-82.22705555555555,34.93872222222222]},"properties":{"id":"fcc/WRDB311/34.93872,-82.22706","kind":"radio","brand":"Other","rawBrand":"FCC ULS","name":"South Carolina State Ports Authority (WRDB311)","operator":"South Carolina State Ports Authority","directions":[],"omni":true,"zone":null,"purpose":"Public-safety radio transmitter — South Carolina State Ports Authority, Greer","imageUrl":null,"fovHalfAngle":180,"frequencies":[453.1625,453.2625,458.1625,458.2625],"lawEnforcement":false}},{"type":"Feature","geometry":{"type":"Point","coordinates":[-82.37474999999999,35.07438888888889]},"properties":{"id":"fcc/WPQH575/35.07439,-82.37475","kind":"radio","brand":"Other","rawBrand":"FCC ULS","name":"RENEWABLE WATER RESOURCES (WPQH575)","operator":"RENEWABLE WATER RESOURCES","directions":[],"omni":true,"zone":null,"purpose":"Public-safety radio transmitter — RENEWABLE WATER RESOURCES, TIGERVILLE","imageUrl":null,"fovHalfAngle":180,"frequencies":[150.815,151.1975,153.6725,154.74,154.8525,155.8125,155.955,158.25,158.73,158.8275],"lawEnforcement":false}},{"type":"Feature","geometry":{"type":"Point","coordinates":[-80.91236111111111,34.550777777777775]},"properties":{"id":"fcc/WRDS431/34.55078,-80.91236","kind":"radio","brand":"Other","rawBrand":"FCC ULS","name":"CHESTER, COUNTY OF (WRDS431)","operator":"CHESTER, COUNTY OF","directions":[],"omni":true,"zone":null,"purpose":"Public-safety radio transmitter — CHESTER, COUNTY OF, Great Falls","imageUrl":null,"fovHalfAngle":180,"frequencies":[460.1625,460.2125,460.6125],"lawEnforcement":false}},{"type":"Feature","geometry":{"type":"Point","coordinates":[-81.39608333333334,34.748694444444446]},"properties":{"id":"fcc/WRDS431/34.74869,-81.39608","kind":"radio","brand":"Other","rawBrand":"FCC ULS","name":"CHESTER, COUNTY OF (WRDS431)","operator":"CHESTER, COUNTY OF","directions":[],"omni":true,"zone":null,"purpose":"Public-safety radio transmitter — CHESTER, COUNTY OF, Chester","imageUrl":null,"fovHalfAngle":180,"frequencies":[460.1625,460.2125,460.6125],"lawEnforcement":false}},{"type":"Feature","geometry":{"type":"Point","coordinates":[-80.9255,34.76444444444444]},"properties":{"id":"fcc/WRDS431/34.76444,-80.92550","kind":"radio","brand":"Other","rawBrand":"FCC ULS","name":"CHESTER, COUNTY OF (WRDS431)","operator":"CHESTER, COUNTY OF","directions":[],"omni":true,"zone":null,"purpose":"Public-safety radio transmitter — CHESTER, COUNTY OF, Catawba","imageUrl":null,"fovHalfAngle":180,"frequencies":[460.1625,460.2125,460.6125],"lawEnforcement":false}},{"type":"Feature","geometry":{"type":"Point","coordinates":[-79.84147222222222,34.74883333333334]},"properties":{"id":"fcc/WRFC894/34.74883,-79.84147","kind":"radio","brand":"Other","rawBrand":"FCC ULS","name":"Marlboro, County of (WRFC894)","operator":"Marlboro, County of","directions":[],"omni":true,"zone":null,"purpose":"Public-safety radio transmitter — Marlboro, County of, Wallace","imageUrl":null,"fovHalfAngle":180,"frequencies":[151.4375,156.1425],"lawEnforcement":false}},{"type":"Feature","geometry":{"type":"Point","coordinates":[-80.01627777777777,34.758916666666664]},"properties":{"id":"fcc/WQJC320/34.75892,-80.01628","kind":"radio","brand":"Other","rawBrand":"FCC ULS","name":"CHESTERFIELD, COUNTY OF (WQJC320)","operator":"CHESTERFIELD, COUNTY OF","directions":[],"omni":true,"zone":null,"purpose":"Public-safety radio transmitter — CHESTERFIELD, COUNTY OF, Cheraw","imageUrl":null,"fovHalfAngle":180,"frequencies":[154.7325,154.86,159.135,159.15],"lawEnforcement":false}},{"type":"Feature","geometry":{"type":"Point","coordinates":[-79.12877777777777,33.96886111111111]},"properties":{"id":"fcc/WQZR599/33.96886,-79.12878","kind":"radio","brand":"Other","rawBrand":"FCC ULS","name":"HORRY COUNTY (WQZR599)","operator":"HORRY COUNTY","directions":[],"omni":true,"zone":null,"purpose":"Public-safety radio transmitter — HORRY COUNTY, Aynor","imageUrl":null,"fovHalfAngle":180,"frequencies":[155.0925,158.7975],"lawEnforcement":false}},{"type":"Feature","geometry":{"type":"Point","coordinates":[-78.78866666666667,33.777166666666666]},"properties":{"id":"fcc/WQZR599/33.77717,-78.78867","kind":"radio","brand":"Other","rawBrand":"FCC ULS","name":"HORRY COUNTY (WQZR599)","operator":"HORRY COUNTY","directions":[],"omni":true,"zone":null,"purpose":"Public-safety radio transmitter — HORRY COUNTY, Myrtle Beach","imageUrl":null,"fovHalfAngle":180,"frequencies":[155.0925,158.7975],"lawEnforcement":false}},{"type":"Feature","geometry":{"type":"Point","coordinates":[-82.72486111111111,34.52511111111111]},"properties":{"id":"fcc/KEY927/34.52511,-82.72486","kind":"radio","brand":"Other","rawBrand":"FCC ULS","name":"ANDERSON, COUNTY OF (KEY927)","operator":"ANDERSON, COUNTY OF","directions":[],"omni":true,"zone":null,"purpose":"Public-safety radio transmitter — ANDERSON, COUNTY OF, ANDERSON","imageUrl":null,"fovHalfAngle":180,"frequencies":[153.95],"lawEnforcement":false}},{"type":"Feature","geometry":{"type":"Point","coordinates":[-82.49402777777777,34.784555555555556]},"properties":{"id":"fcc/KEY929/34.78456,-82.49403","kind":"radio","brand":"Other","rawBrand":"FCC ULS","name":"ANDERSON, COUNTY OF (KEY929)","operator":"ANDERSON, COUNTY OF","directions":[],"omni":true,"zone":null,"purpose":"Public-safety radio transmitter — ANDERSON, COUNTY OF, POWDERSVILLE","imageUrl":null,"fovHalfAngle":180,"frequencies":[153.95],"lawEnforcement":false}},{"type":"Feature","geometry":{"type":"Point","coordinates":[-81.65122222222223,35.07152777777778]},"properties":{"id":"fcc/KIT935/35.07153,-81.65122","kind":"radio","brand":"Other","rawBrand":"FCC ULS","name":"GAFFNEY, CITY OF (KIT935)","operator":"GAFFNEY, CITY OF","directions":[],"omni":true,"zone":null,"purpose":"Public-safety radio transmitter — GAFFNEY, CITY OF, GAFFNEY","imageUrl":null,"fovHalfAngle":180,"frequencies":[154.325],"lawEnforcement":false}},{"type":"Feature","geometry":{"type":"Point","coordinates":[-80.78369444444444,34.693194444444444]},"properties":{"id":"fcc/KKG572/34.69319,-80.78369","kind":"radio","brand":"Other","rawBrand":"FCC ULS","name":"LANCASTER, CITY OF (KKG572)","operator":"LANCASTER, CITY OF","directions":[],"omni":true,"zone":null,"purpose":"Public-safety radio transmitter — LANCASTER, CITY OF, LANCASTER","imageUrl":null,"fovHalfAngle":180,"frequencies":[154.37,159.045],"lawEnforcement":false}},{"type":"Feature","geometry":{"type":"Point","coordinates":[-80.77116666666666,34.72013888888889]},"properties":{"id":"fcc/KKG572/34.72014,-80.77117","kind":"radio","brand":"Other","rawBrand":"FCC ULS","name":"LANCASTER, CITY OF (KKG572)","operator":"LANCASTER, CITY OF","directions":[],"omni":true,"zone":null,"purpose":"Public-safety radio transmitter — LANCASTER, CITY OF, LANCASTER","imageUrl":null,"fovHalfAngle":180,"frequencies":[154.37,159.045],"lawEnforcement":false}},{"type":"Feature","geometry":{"type":"Point","coordinates":[-80.68516666666667,34.61322222222223]},"properties":{"id":"fcc/WSL733/34.61322,-80.68517","kind":"radio","brand":"Other","rawBrand":"FCC ULS","name":"Lancaster County Public Safety Communications (WSL733)","operator":"Lancaster County Public Safety Communications","directions":[],"omni":true,"zone":null,"purpose":"Law-enforcement radio transmitter — Lancaster County Public Safety Communications, PLEASANT","imageUrl":null,"fovHalfAngle":180,"frequencies":[153.77,154.07,154.13,154.25,154.4,155.0475,159.1275],"lawEnforcement":true}},{"type":"Feature","geometry":{"type":"Point","coordinates":[-80.72166666666666,34.706944444444446]},"properties":{"id":"fcc/WSL733/34.70694,-80.72167","kind":"radio","brand":"Other","rawBrand":"FCC ULS","name":"Lancaster County Public Safety Communications (WSL733)","operator":"Lancaster County Public Safety Communications","directions":[],"omni":true,"zone":null,"purpose":"Law-enforcement radio transmitter — Lancaster County Public Safety Communications, LANCASTER","imageUrl":null,"fovHalfAngle":180,"frequencies":[153.77,154.07,154.13,154.25,154.4,155.0475,159.1275],"lawEnforcement":true}},{"type":"Feature","geometry":{"type":"Point","coordinates":[-80.79897222222222,34.890972222222224]},"properties":{"id":"fcc/WSL733/34.89097,-80.79897","kind":"radio","brand":"Other","rawBrand":"FCC ULS","name":"Lancaster County Public Safety Communications (WSL733)","operator":"Lancaster County Public Safety Communications","directions":[],"omni":true,"zone":null,"purpose":"Law-enforcement radio transmitter — Lancaster County Public Safety Communications, LANCASTER","imageUrl":null,"fovHalfAngle":180,"frequencies":[153.77,154.07,154.13,154.25,154.4,155.0475,159.1275],"lawEnforcement":true}},{"type":"Feature","geometry":{"type":"Point","coordinates":[-80.19255555555556,34.7485]},"properties":{"id":"fcc/WYV308/34.74850,-80.19256","kind":"radio","brand":"Other","rawBrand":"FCC ULS","name":"RUBY MOUNT CROGHAN VOLUNTEER FIRE DEPARTMENT INC (WYV308)","operator":"RUBY MOUNT CROGHAN VOLUNTEER FIRE DEPARTMENT INC","directions":[],"omni":true,"zone":null,"purpose":"Public-safety radio transmitter — RUBY MOUNT CROGHAN VOLUNTEER FIRE DEPARTMENT INC, RUBY","imageUrl":null,"fovHalfAngle":180,"frequencies":[153.74,153.8225,153.89,154.22,158.775,158.8275],"lawEnforcement":false}},{"type":"Feature","geometry":{"type":"Point","coordinates":[-80.09561111111111,34.72016666666667]},"properties":{"id":"fcc/WYV308/34.72017,-80.09561","kind":"radio","brand":"Other","rawBrand":"FCC ULS","name":"RUBY MOUNT CROGHAN VOLUNTEER FIRE DEPARTMENT INC (WYV308)","operator":"RUBY MOUNT CROGHAN VOLUNTEER FIRE DEPARTMENT INC","directions":[],"omni":true,"zone":null,"purpose":"Public-safety radio transmitter — RUBY MOUNT CROGHAN VOLUNTEER FIRE DEPARTMENT INC, CHESTERFIELD","imageUrl":null,"fovHalfAngle":180,"frequencies":[153.74,153.8225,153.89,154.22,158.775,158.8275],"lawEnforcement":false}},{"type":"Feature","geometry":{"type":"Point","coordinates":[-79.88283333333332,34.68988888888889]},"properties":{"id":"fcc/WYF948/34.68989,-79.88283","kind":"radio","brand":"Other","rawBrand":"FCC ULS","name":"CHERAW, TOWN OF (WYF948)","operator":"CHERAW, TOWN OF","directions":[],"omni":true,"zone":null,"purpose":"Public-safety radio transmitter — CHERAW, TOWN OF, CHERAW","imageUrl":null,"fovHalfAngle":180,"frequencies":[155.1,158.9475],"lawEnforcement":false}},{"type":"Feature","geometry":{"type":"Point","coordinates":[-82.64830555555557,34.51294444444444]},"properties":{"id":"fcc/WXF759/34.51294,-82.64831","kind":"radio","brand":"Other","rawBrand":"FCC ULS","name":"MEDSHORE AMBULANCE SERVICE (WXF759)","operator":"MEDSHORE AMBULANCE SERVICE","directions":[],"omni":true,"zone":null,"purpose":"Public-safety radio transmitter — MEDSHORE AMBULANCE SERVICE, ANDERSON","imageUrl":null,"fovHalfAngle":180,"frequencies":[150.995,155.385],"lawEnforcement":false}},{"type":"Feature","geometry":{"type":"Point","coordinates":[-83.04152777777777,34.75841666666667]},"properties":{"id":"fcc/WNSN311/34.75842,-83.04153","kind":"radio","brand":"Other","rawBrand":"FCC ULS","name":"OCONEE, COUNTY OF (WNSN311)","operator":"OCONEE, COUNTY OF","directions":[],"omni":true,"zone":null,"purpose":"Public-safety radio transmitter — OCONEE, COUNTY OF, WEST UNION","imageUrl":null,"fovHalfAngle":180,"frequencies":[154.13],"lawEnforcement":false}},{"type":"Feature","geometry":{"type":"Point","coordinates":[-80.60647222222222,34.24597222222222]},"properties":{"id":"fcc/WYR893/34.24597,-80.60647","kind":"radio","brand":"Other","rawBrand":"FCC ULS","name":"KERSHAW, COUNTY OF (WYR893)","operator":"KERSHAW, COUNTY OF","directions":[],"omni":true,"zone":null,"purpose":"Public-safety radio transmitter — KERSHAW, COUNTY OF, CAMDEN","imageUrl":null,"fovHalfAngle":180,"frequencies":[155.55,156.15],"lawEnforcement":false}},{"type":"Feature","geometry":{"type":"Point","coordinates":[-80.61063888888889,34.249583333333334]},"properties":{"id":"fcc/WYR894/34.24958,-80.61064","kind":"radio","brand":"Other","rawBrand":"FCC ULS","name":"KERSHAW, COUNTY OF (WYR894)","operator":"KERSHAW, COUNTY OF","directions":[],"omni":true,"zone":null,"purpose":"Public-safety radio transmitter — KERSHAW, COUNTY OF, CAMDEN","imageUrl":null,"fovHalfAngle":180,"frequencies":[155.49,156.09],"lawEnforcement":false}},{"type":"Feature","geometry":{"type":"Point","coordinates":[-80.09144444444443,34.367111111111114]},"properties":{"id":"fcc/KNGW924/34.36711,-80.09144","kind":"radio","brand":"Other","rawBrand":"FCC ULS","name":"HARTSVILLE, CITY OF (KNGW924)","operator":"HARTSVILLE, CITY OF","directions":[],"omni":true,"zone":null,"purpose":"Public-safety radio transmitter — HARTSVILLE, CITY OF, HARTSVILLE","imageUrl":null,"fovHalfAngle":180,"frequencies":[152.0075,154.19],"lawEnforcement":false}},{"type":"Feature","geometry":{"type":"Point","coordinates":[-79.95366666666666,34.35988888888889]},"properties":{"id":"fcc/WZU289/34.35989,-79.95367","kind":"radio","brand":"Other","rawBrand":"FCC ULS","name":"DARLINGTON, COUNTY OF (WZU289)","operator":"DARLINGTON, COUNTY OF","directions":[],"omni":true,"zone":null,"purpose":"Public-safety radio transmitter — DARLINGTON, COUNTY OF, DARLINGTON","imageUrl":null,"fovHalfAngle":180,"frequencies":[460.1,460.2,460.25,460.625,465.1,465.2,465.25],"lawEnforcement":false}},{"type":"Feature","geometry":{"type":"Point","coordinates":[-80.09755555555554,34.348777777777784]},"properties":{"id":"fcc/WZU289/34.34878,-80.09756","kind":"radio","brand":"Other","rawBrand":"FCC ULS","name":"DARLINGTON, COUNTY OF (WZU289)","operator":"DARLINGTON, COUNTY OF","directions":[],"omni":true,"zone":null,"purpose":"Public-safety radio transmitter — DARLINGTON, COUNTY OF, DARLINGTON","imageUrl":null,"fovHalfAngle":180,"frequencies":[460.1,460.2,460.25,460.625,465.1,465.2,465.25],"lawEnforcement":false}},{"type":"Feature","geometry":{"type":"Point","coordinates":[-79.92477777777778,34.299055555555555]},"properties":{"id":"fcc/WZU289/34.29906,-79.92478","kind":"radio","brand":"Other","rawBrand":"FCC ULS","name":"DARLINGTON, COUNTY OF (WZU289)","operator":"DARLINGTON, COUNTY OF","directions":[],"omni":true,"zone":null,"purpose":"Public-safety radio transmitter — DARLINGTON, COUNTY OF, DARLINGTON","imageUrl":null,"fovHalfAngle":180,"frequencies":[460.1,460.2,460.25,460.625,465.1,465.2,465.25],"lawEnforcement":false}},{"type":"Feature","geometry":{"type":"Point","coordinates":[-79.96644444444445,34.34377777777778]},"properties":{"id":"fcc/WZU289/34.34378,-79.96644","kind":"radio","brand":"Other","rawBrand":"FCC ULS","name":"DARLINGTON, COUNTY OF (WZU289)","operator":"DARLINGTON, COUNTY OF","directions":[],"omni":true,"zone":null,"purpose":"Public-safety radio transmitter — DARLINGTON, COUNTY OF, DARLINGTON","imageUrl":null,"fovHalfAngle":180,"frequencies":[460.1,460.2,460.25,460.625,465.1,465.2,465.25],"lawEnforcement":false}},{"type":"Feature","geometry":{"type":"Point","coordinates":[-81.12563888888889,33.945138888888884]},"properties":{"id":"fcc/WNXF569/33.94514,-81.12564","kind":"radio","brand":"Other","rawBrand":"FCC ULS","name":"RICHLAND LEXINGTON AIRPORT DISTRICT (WNXF569)","operator":"RICHLAND LEXINGTON AIRPORT DISTRICT","directions":[],"omni":true,"zone":null,"purpose":"Public-safety radio transmitter — RICHLAND LEXINGTON AIRPORT DISTRICT, WEST COLUMBIA","imageUrl":null,"fovHalfAngle":180,"frequencies":[453.5875,458.5875,460.575,465.575],"lawEnforcement":false}},{"type":"Feature","geometry":{"type":"Point","coordinates":[-82.30955555555555,34.78458333333333]},"properties":{"id":"fcc/WNAK273/34.78458,-82.30956","kind":"radio","brand":"Other","rawBrand":"FCC ULS","name":"MAULDIN, CITY OF (WNAK273)","operator":"MAULDIN, CITY OF","directions":[],"omni":true,"zone":null,"purpose":"Public-safety radio transmitter — MAULDIN, CITY OF, MAULDIN","imageUrl":null,"fovHalfAngle":180,"frequencies":[460.575,465.575],"lawEnforcement":false}},{"type":"Feature","geometry":{"type":"Point","coordinates":[-81.64786111111111,35.07180555555556]},"properties":{"id":"fcc/WNDZ309/35.07181,-81.64786","kind":"radio","brand":"Other","rawBrand":"FCC ULS","name":"Cherokee, County Of (WNDZ309)","operator":"Cherokee, County Of","directions":[],"omni":true,"zone":null,"purpose":"Public-safety radio transmitter — Cherokee, County Of, GAFFNEY","imageUrl":null,"fovHalfAngle":180,"frequencies":[153.83,154.295],"lawEnforcement":false}},{"type":"Feature","geometry":{"type":"Point","coordinates":[-82.23177777777778,34.712611111111116]},"properties":{"id":"fcc/WNIM424/34.71261,-82.23178","kind":"radio","brand":"Other","rawBrand":"FCC ULS","name":"City of Simpsonville - Fire Department (WNIM424)","operator":"City of Simpsonville - Fire Department","directions":[],"omni":true,"zone":null,"purpose":"Public-safety radio transmitter — City of Simpsonville - Fire Department, SIMPSONVILLE","imageUrl":null,"fovHalfAngle":180,"frequencies":[460.625,465.625],"lawEnforcement":false}},{"type":"Feature","geometry":{"type":"Point","coordinates":[-79.3586111111111,34.4115]},"properties":{"id":"fcc/KDC917/34.41150,-79.35861","kind":"radio","brand":"Other","rawBrand":"FCC ULS","name":"SOUTH CAROLINA DEPARTMENT OF TRANSPORTATION (KDC917)","operator":"SOUTH CAROLINA DEPARTMENT OF TRANSPORTATION","directions":[],"omni":true,"zone":null,"purpose":"Public-safety radio transmitter — SOUTH CAROLINA DEPARTMENT OF TRANSPORTATION, DILLON","imageUrl":null,"fovHalfAngle":180,"frequencies":[45.24,47.18,47.22,47.34,47.36],"lawEnforcement":false}},{"type":"Feature","geometry":{"type":"Point","coordinates":[-81.3548611111111,33.23719444444445]},"properties":{"id":"fcc/KFR581/33.23719,-81.35486","kind":"radio","brand":"Other","rawBrand":"FCC ULS","name":"SOUTH CAROLINA DEPARTMENT OF TRANSPORTATION (KFR581)","operator":"SOUTH CAROLINA DEPARTMENT OF TRANSPORTATION","directions":[],"omni":true,"zone":null,"purpose":"Public-safety radio transmitter — SOUTH CAROLINA DEPARTMENT OF TRANSPORTATION, BARNWELL","imageUrl":null,"fovHalfAngle":180,"frequencies":[45.36,47.22,47.34,47.36],"lawEnforcement":false}},{"type":"Feature","geometry":{"type":"Point","coordinates":[-82.27225,33.905833333333334]},"properties":{"id":"fcc/KFR701/33.90583,-82.27225","kind":"radio","brand":"Other","rawBrand":"FCC ULS","name":"SOUTH CAROLINA DEPARTMENT OF TRANSPORTATION (KFR701)","operator":"SOUTH CAROLINA DEPARTMENT OF TRANSPORTATION","directions":[],"omni":true,"zone":null,"purpose":"Public-safety radio transmitter — SOUTH CAROLINA DEPARTMENT OF TRANSPORTATION, MC CORMICK","imageUrl":null,"fovHalfAngle":180,"frequencies":[45.24,47.34,47.36],"lawEnforcement":false}},{"type":"Feature","geometry":{"type":"Point","coordinates":[-79.81452777777777,33.67933333333333]},"properties":{"id":"fcc/KIJ480/33.67933,-79.81453","kind":"radio","brand":"Other","rawBrand":"FCC ULS","name":"SOUTH CAROLINA DEPARTMENT OF TRANSPORTATION (KIJ480)","operator":"SOUTH CAROLINA DEPARTMENT OF TRANSPORTATION","directions":[],"omni":true,"zone":null,"purpose":"Public-safety radio transmitter — SOUTH CAROLINA DEPARTMENT OF TRANSPORTATION, KINGSTREE","imageUrl":null,"fovHalfAngle":180,"frequencies":[45.24,47.2,47.34],"lawEnforcement":false}},{"type":"Feature","geometry":{"type":"Point","coordinates":[-79.44477777777779,33.741]},"properties":{"id":"fcc/KTB271/33.74100,-79.44478","kind":"radio","brand":"Other","rawBrand":"FCC ULS","name":"SOUTH CAROLINA DEPARTMENT OF TRANSPORTATION (KTB271)","operator":"SOUTH CAROLINA DEPARTMENT OF TRANSPORTATION","directions":[],"omni":true,"zone":null,"purpose":"Public-safety radio transmitter — SOUTH CAROLINA DEPARTMENT OF TRANSPORTATION, HEMINGWAY","imageUrl":null,"fovHalfAngle":180,"frequencies":[47.22,47.34,47.36],"lawEnforcement":false}},{"type":"Feature","geometry":{"type":"Point","coordinates":[-81.02869444444444,34.00183333333333]},"properties":{"id":"fcc/WPBX406/34.00183,-81.02869","kind":"radio","brand":"Other","rawBrand":"FCC ULS","name":"South Carolina Emergency Management Division (WPBX406)","operator":"South Carolina Emergency Management Division","directions":[],"omni":true,"zone":null,"purpose":"Public-safety radio transmitter — South Carolina Emergency Management Division, RICHLAND","imageUrl":null,"fovHalfAngle":180,"frequencies":[2.3274,2.4234,2.5124,5.1364,7.4814,7.9334],"lawEnforcement":false}},{"type":"Feature","geometry":{"type":"Point","coordinates":[-81.02591666666666,33.99572222222222]},"properties":{"id":"fcc/WPDZ939/33.99572,-81.02592","kind":"radio","brand":"Other","rawBrand":"FCC ULS","name":"University of South Carolina Division of Law Enforcement and Safety (WPDZ939)","operator":"University of South Carolina Division of Law Enforcement and Safety","directions":[],"omni":true,"zone":null,"purpose":"Law-enforcement radio transmitter — University of South Carolina Division of Law Enforcement and Safety, COLUMBIA","imageUrl":null,"fovHalfAngle":180,"frequencies":[154.085,158.865],"lawEnforcement":true}},{"type":"Feature","geometry":{"type":"Point","coordinates":[-81.03063888888889,34.000166666666665]},"properties":{"id":"fcc/WPFJ588/34.00017,-81.03064","kind":"radio","brand":"Other","rawBrand":"FCC ULS","name":"SC Emergency Management Division (WPFJ588)","operator":"SC Emergency Management Division","directions":[],"omni":true,"zone":null,"purpose":"Public-safety radio transmitter — SC Emergency Management Division, COLUMBIA","imageUrl":null,"fovHalfAngle":180,"frequencies":[2.3274,2.4234,2.5124,5.1364,7.4814,7.9334],"lawEnforcement":false}},{"type":"Feature","geometry":{"type":"Point","coordinates":[-81.06925,33.97072222222222]},"properties":{"id":"fcc/KCZ467/33.97072,-81.06925","kind":"radio","brand":"Other","rawBrand":"FCC ULS","name":"CAYCE, CITY OF (KCZ467)","operator":"CAYCE, CITY OF","directions":[],"omni":true,"zone":null,"purpose":"Public-safety radio transmitter — CAYCE, CITY OF, CAYCE","imageUrl":null,"fovHalfAngle":180,"frequencies":[155.04],"lawEnforcement":false}},{"type":"Feature","geometry":{"type":"Point","coordinates":[-81.99622222222223,34.97427777777778]},"properties":{"id":"fcc/WPHQ876/34.97428,-81.99622","kind":"radio","brand":"Other","rawBrand":"FCC ULS","name":"Spartanburg County Communications / 9-1-1 (WPHQ876)","operator":"Spartanburg County Communications / 9-1-1","directions":[],"omni":true,"zone":null,"purpose":"Public-safety radio transmitter — Spartanburg County Communications / 9-1-1, SPARTANBURG","imageUrl":null,"fovHalfAngle":180,"frequencies":[452.375,457.375],"lawEnforcement":false}},{"type":"Feature","geometry":{"type":"Point","coordinates":[-82.16261111111112,34.18872222222222]},"properties":{"id":"fcc/KIC260/34.18872,-82.16261","kind":"radio","brand":"Other","rawBrand":"FCC ULS","name":"GREENWOOD, CITY OF (KIC260)","operator":"GREENWOOD, CITY OF","directions":[],"omni":true,"zone":null,"purpose":"Public-safety radio transmitter — GREENWOOD, CITY OF, GREENWOOD","imageUrl":null,"fovHalfAngle":180,"frequencies":[453.625,458.625],"lawEnforcement":false}},{"type":"Feature","geometry":{"type":"Point","coordinates":[-82.02175,34.50038888888889]},"properties":{"id":"fcc/KIT802/34.50039,-82.02175","kind":"radio","brand":"Other","rawBrand":"FCC ULS","name":"Laurens County 911 (KIT802)","operator":"Laurens County 911","directions":[],"omni":true,"zone":null,"purpose":"Public-safety radio transmitter — Laurens County 911, LAURENS","imageUrl":null,"fovHalfAngle":180,"frequencies":[453.675],"lawEnforcement":false}},{"type":"Feature","geometry":{"type":"Point","coordinates":[-80.68650000000001,32.43658333333333]},"properties":{"id":"fcc/KLJ606/32.43658,-80.68650","kind":"radio","brand":"Other","rawBrand":"FCC ULS","name":"SC Emergency Management Division (KLJ606)","operator":"SC Emergency Management Division","directions":[],"omni":true,"zone":null,"purpose":"Public-safety radio transmitter — SC Emergency Management Division, BEAUFORT","imageUrl":null,"fovHalfAngle":180,"frequencies":[45.08,45.48],"lawEnforcement":false}},{"type":"Feature","geometry":{"type":"Point","coordinates":[-81.63591666666667,34.759]},"properties":{"id":"fcc/WPCY562/34.75900,-81.63592","kind":"radio","brand":"Other","rawBrand":"FCC ULS","name":"South Carolina Forestry Commission (WPCY562)","operator":"South Carolina Forestry Commission","directions":[],"omni":true,"zone":null,"purpose":"Public-safety radio transmitter — South Carolina Forestry Commission, UNION","imageUrl":null,"fovHalfAngle":180,"frequencies":[151.385,159.345],"lawEnforcement":false}},{"type":"Feature","geometry":{"type":"Point","coordinates":[-80.7475,32.39388888888889]},"properties":{"id":"fcc/WPDQ260/32.39389,-80.74750","kind":"radio","brand":"Other","rawBrand":"FCC ULS","name":"South Carolina Forestry Commission (WPDQ260)","operator":"South Carolina Forestry Commission","directions":[],"omni":true,"zone":null,"purpose":"Public-safety radio transmitter — South Carolina Forestry Commission, BEAUFORT","imageUrl":null,"fovHalfAngle":180,"frequencies":[151.19,159.45],"lawEnforcement":false}},{"type":"Feature","geometry":{"type":"Point","coordinates":[-80.39250000000001,33.94916666666666]},"properties":{"id":"fcc/WNST609/33.94917,-80.39250","kind":"radio","brand":"Other","rawBrand":"FCC ULS","name":"SUMTER, CITY & COUNTY OF (WNST609)","operator":"SUMTER, CITY & COUNTY OF","directions":[],"omni":true,"zone":null,"purpose":"Public-safety radio transmitter — SUMTER, CITY & COUNTY OF, SUMTER","imageUrl":null,"fovHalfAngle":180,"frequencies":[154.845,159.03],"lawEnforcement":false}},{"type":"Feature","geometry":{"type":"Point","coordinates":[-80.27083333333333,33.88111111111111]},"properties":{"id":"fcc/WNST609/33.88111,-80.27083","kind":"radio","brand":"Other","rawBrand":"FCC ULS","name":"SUMTER, CITY & COUNTY OF (WNST609)","operator":"SUMTER, CITY & COUNTY OF","directions":[],"omni":true,"zone":null,"purpose":"Public-safety radio transmitter — SUMTER, CITY & COUNTY OF, SUMTER","imageUrl":null,"fovHalfAngle":180,"frequencies":[154.845,159.03],"lawEnforcement":false}},{"type":"Feature","geometry":{"type":"Point","coordinates":[-81.11202777777777,33.98763888888889]},"properties":{"id":"fcc/WPCG440/33.98764,-81.11203","kind":"radio","brand":"Other","rawBrand":"FCC ULS","name":"South Carolina Law Enforcement Division (SLED) (WPCG440)","operator":"South Carolina Law Enforcement Division (SLED)","directions":[],"omni":true,"zone":null,"purpose":"Law-enforcement radio transmitter — South Carolina Law Enforcement Division (SLED), WEST COLUMBIA","imageUrl":null,"fovHalfAngle":180,"frequencies":[154.77,155.58,155.715,158.91],"lawEnforcement":true}},{"type":"Feature","geometry":{"type":"Point","coordinates":[-82.22594444444445,34.89677777777778]},"properties":{"id":"fcc/WPCP392/34.89678,-82.22594","kind":"radio","brand":"Other","rawBrand":"FCC ULS","name":"GREENVILLE SPARTANBURG AIRPORT DISTRICT (WPCP392)","operator":"GREENVILLE SPARTANBURG AIRPORT DISTRICT","directions":[],"omni":true,"zone":null,"purpose":"Public-safety radio transmitter — GREENVILLE SPARTANBURG AIRPORT DISTRICT, GREER","imageUrl":null,"fovHalfAngle":180,"frequencies":[153.785,154.01,154.4,154.8,156.225,158.925],"lawEnforcement":false}},{"type":"Feature","geometry":{"type":"Point","coordinates":[-82.30844444444445,34.84066666666667]},"properties":{"id":"fcc/KNHD984/34.84067,-82.30844","kind":"radio","brand":"Other","rawBrand":"FCC ULS","name":"GREENVILLE, CITY OF (KNHD984)","operator":"GREENVILLE, CITY OF","directions":[],"omni":true,"zone":null,"purpose":"Public-safety radio transmitter — GREENVILLE, CITY OF, GREENVILLE","imageUrl":null,"fovHalfAngle":180,"frequencies":[453.825,453.95,458.825,458.95],"lawEnforcement":false}},{"type":"Feature","geometry":{"type":"Point","coordinates":[-82.42288888888889,34.853722222222224]},"properties":{"id":"fcc/KNHD984/34.85372,-82.42289","kind":"radio","brand":"Other","rawBrand":"FCC ULS","name":"GREENVILLE, CITY OF (KNHD984)","operator":"GREENVILLE, CITY OF","directions":[],"omni":true,"zone":null,"purpose":"Public-safety radio transmitter — GREENVILLE, CITY OF, GREENVILLE","imageUrl":null,"fovHalfAngle":180,"frequencies":[453.825,453.95,458.825,458.95],"lawEnforcement":false}},{"type":"Feature","geometry":{"type":"Point","coordinates":[-80.21175000000001,33.69322222222222]},"properties":{"id":"fcc/KNJB900/33.69322,-80.21175","kind":"radio","brand":"Other","rawBrand":"FCC ULS","name":"MANNING, TOWN OF (KNJB900)","operator":"MANNING, TOWN OF","directions":[],"omni":true,"zone":null,"purpose":"Public-safety radio transmitter — MANNING, TOWN OF, MANNING","imageUrl":null,"fovHalfAngle":180,"frequencies":[158.835],"lawEnforcement":false}},{"type":"Feature","geometry":{"type":"Point","coordinates":[-79.95925,32.784055555555554]},"properties":{"id":"fcc/KNJN780/32.78406,-79.95925","kind":"radio","brand":"Other","rawBrand":"FCC ULS","name":"Charleton, City of (KNJN780)","operator":"Charleton, City of","directions":[],"omni":true,"zone":null,"purpose":"Public-safety radio transmitter — Charleton, City of, CHARLESTON","imageUrl":null,"fovHalfAngle":180,"frequencies":[39.9],"lawEnforcement":false}},{"type":"Feature","geometry":{"type":"Point","coordinates":[-81.04147222222223,34.000166666666665]},"properties":{"id":"fcc/WPLV631/34.00017,-81.04147","kind":"radio","brand":"Other","rawBrand":"FCC ULS","name":"COLUMBIA, CITY OF - BOMB SQUAD (WPLV631)","operator":"COLUMBIA, CITY OF - BOMB SQUAD","directions":[],"omni":true,"zone":null,"purpose":"Public-safety radio transmitter — COLUMBIA, CITY OF - BOMB SQUAD, COLUMBIA","imageUrl":null,"fovHalfAngle":180,"frequencies":[453.375,458.375,2456,2467.5,2474.5],"lawEnforcement":false}},{"type":"Feature","geometry":{"type":"Point","coordinates":[-82.65930555555556,34.90011111111111]},"properties":{"id":"fcc/KQF653/34.90011,-82.65931","kind":"radio","brand":"Other","rawBrand":"FCC ULS","name":"PICKENS, COUNTY OF (KQF653)","operator":"PICKENS, COUNTY OF","directions":[],"omni":true,"zone":null,"purpose":"Public-safety radio transmitter — PICKENS, COUNTY OF, PICKENS","imageUrl":null,"fovHalfAngle":180,"frequencies":[153.995,155.115],"lawEnforcement":false}},{"type":"Feature","geometry":{"type":"Point","coordinates":[-81.09008333333333,34.37097222222222]},"properties":{"id":"fcc/KXX606/34.37097,-81.09008","kind":"radio","brand":"Other","rawBrand":"FCC ULS","name":"FAIRFIELD, COUNTY OF (KXX606)","operator":"FAIRFIELD, COUNTY OF","directions":[],"omni":true,"zone":null,"purpose":"Public-safety radio transmitter — FAIRFIELD, COUNTY OF, WINNSBORO","imageUrl":null,"fovHalfAngle":180,"frequencies":[45.2],"lawEnforcement":false}},{"type":"Feature","geometry":{"type":"Point","coordinates":[-79.04780555555556,33.816833333333335]},"properties":{"id":"fcc/WNBU988/33.81683,-79.04781","kind":"radio","brand":"Other","rawBrand":"FCC ULS","name":"SC Emergency Management Division (WNBU988)","operator":"SC Emergency Management Division","directions":[],"omni":true,"zone":null,"purpose":"Public-safety radio transmitter — SC Emergency Management Division, CONWAY","imageUrl":null,"fovHalfAngle":180,"frequencies":[45.08,45.48],"lawEnforcement":false}},{"type":"Feature","geometry":{"type":"Point","coordinates":[-79.76922222222223,34.19877777777778]},"properties":{"id":"fcc/WNBU990/34.19878,-79.76922","kind":"radio","brand":"Other","rawBrand":"FCC ULS","name":"SC Emergency Management Division (WNBU990)","operator":"SC Emergency Management Division","directions":[],"omni":true,"zone":null,"purpose":"Public-safety radio transmitter — SC Emergency Management Division, FLORENCE","imageUrl":null,"fovHalfAngle":180,"frequencies":[45.08,45.48],"lawEnforcement":false}},{"type":"Feature","geometry":{"type":"Point","coordinates":[-79.27088888888889,33.432944444444445]},"properties":{"id":"fcc/WNDU900/33.43294,-79.27089","kind":"radio","brand":"Other","rawBrand":"FCC ULS","name":"GEORGETOWN, CITY OF (WNDU900)","operator":"GEORGETOWN, CITY OF","directions":[],"omni":true,"zone":null,"purpose":"Public-safety radio transmitter — GEORGETOWN, CITY OF, GEORGETOWN","imageUrl":null,"fovHalfAngle":180,"frequencies":[153.86,155.835],"lawEnforcement":false}},{"type":"Feature","geometry":{"type":"Point","coordinates":[-80.0745,34.3735]},"properties":{"id":"fcc/WNHK583/34.37350,-80.07450","kind":"radio","brand":"Other","rawBrand":"FCC ULS","name":"HARTSVILLE, CITY OF (WNHK583)","operator":"HARTSVILLE, CITY OF","directions":[],"omni":true,"zone":null,"purpose":"Public-safety radio transmitter — HARTSVILLE, CITY OF, HARTSVILLE","imageUrl":null,"fovHalfAngle":180,"frequencies":[153.98],"lawEnforcement":false}},{"type":"Feature","geometry":{"type":"Point","coordinates":[-80.60813888888889,34.24180555555556]},"properties":{"id":"fcc/WNKT523/34.24181,-80.60814","kind":"radio","brand":"Other","rawBrand":"FCC ULS","name":"CAMDEN, CITY OF (WNKT523)","operator":"CAMDEN, CITY OF","directions":[],"omni":true,"zone":null,"purpose":"Public-safety radio transmitter — CAMDEN, CITY OF, CAMDEN","imageUrl":null,"fovHalfAngle":180,"frequencies":[158.925],"lawEnforcement":false}},{"type":"Feature","geometry":{"type":"Point","coordinates":[-82.69319444444444,35.034555555555556]},"properties":{"id":"fcc/WNMQ712/35.03456,-82.69319","kind":"radio","brand":"Other","rawBrand":"FCC ULS","name":"SC PARKS, RECREATION, & TOURISM (WNMQ712)","operator":"SC PARKS, RECREATION, & TOURISM","directions":[],"omni":true,"zone":null,"purpose":"Public-safety radio transmitter — SC PARKS, RECREATION, & TOURISM, PICKENS","imageUrl":null,"fovHalfAngle":180,"frequencies":[453.875,458.875],"lawEnforcement":false}},{"type":"Feature","geometry":{"type":"Point","coordinates":[-82.12899999999999,35.10538888888889]},"properties":{"id":"fcc/WNMQ712/35.10539,-82.12900","kind":"radio","brand":"Other","rawBrand":"FCC ULS","name":"SC PARKS, RECREATION, & TOURISM (WNMQ712)","operator":"SC PARKS, RECREATION, & TOURISM","directions":[],"omni":true,"zone":null,"purpose":"Public-safety radio transmitter — SC PARKS, RECREATION, & TOURISM, CLEVELAND","imageUrl":null,"fovHalfAngle":180,"frequencies":[453.875,458.875],"lawEnforcement":false}},{"type":"Feature","geometry":{"type":"Point","coordinates":[-81.844,34.87847222222222]},"properties":{"id":"fcc/WNMQ712/34.87847,-81.84400","kind":"radio","brand":"Other","rawBrand":"FCC ULS","name":"SC PARKS, RECREATION, & TOURISM (WNMQ712)","operator":"SC PARKS, RECREATION, & TOURISM","directions":[],"omni":true,"zone":null,"purpose":"Public-safety radio transmitter — SC PARKS, RECREATION, & TOURISM, SPARTANBURG","imageUrl":null,"fovHalfAngle":180,"frequencies":[453.875,458.875],"lawEnforcement":false}},{"type":"Feature","geometry":{"type":"Point","coordinates":[-80.15036111111111,32.98572222222222]},"properties":{"id":"fcc/WNNZ223/32.98572,-80.15036","kind":"radio","brand":"Other","rawBrand":"FCC ULS","name":"SOUTH CAROLINA, STATE OF (WNNZ223)","operator":"SOUTH CAROLINA, STATE OF","directions":[],"omni":true,"zone":null,"purpose":"Public-safety radio transmitter — SOUTH CAROLINA, STATE OF, LADSON","imageUrl":null,"fovHalfAngle":180,"frequencies":[453.025,453.3875,453.8,458.025,458.3875,458.8],"lawEnforcement":false}},{"type":"Feature","geometry":{"type":"Point","coordinates":[-79.15391666666667,33.99183333333333]},"properties":{"id":"fcc/KII636/33.99183,-79.15392","kind":"radio","brand":"Other","rawBrand":"FCC ULS","name":"South Carolina Forestry Commission (KII636)","operator":"South Carolina Forestry Commission","directions":[],"omni":true,"zone":null,"purpose":"Public-safety radio transmitter — South Carolina Forestry Commission, AYNOR","imageUrl":null,"fovHalfAngle":180,"frequencies":[159.27,159.45],"lawEnforcement":false}},{"type":"Feature","geometry":{"type":"Point","coordinates":[-82.83138888888888,34.677416666666666]},"properties":{"id":"fcc/KFN562/34.67742,-82.83139","kind":"radio","brand":"Other","rawBrand":"FCC ULS","name":"Clemson University Fire & EMS (KFN562)","operator":"Clemson University Fire & EMS","directions":[],"omni":true,"zone":null,"purpose":"Public-safety radio transmitter — Clemson University Fire & EMS, CLEMSON","imageUrl":null,"fovHalfAngle":180,"frequencies":[154.725,159.09],"lawEnforcement":false}},{"type":"Feature","geometry":{"type":"Point","coordinates":[-79.27088888888889,33.432944444444445]},"properties":{"id":"fcc/KIB691/33.43294,-79.27089","kind":"radio","brand":"Other","rawBrand":"FCC ULS","name":"GEORGETOWN, CITY OF (KIB691)","operator":"GEORGETOWN, CITY OF","directions":[],"omni":true,"zone":null,"purpose":"Public-safety radio transmitter — GEORGETOWN, CITY OF, GEORGETOWN","imageUrl":null,"fovHalfAngle":180,"frequencies":[154.77,155.01,155.415,155.58,155.985,158.955],"lawEnforcement":false}},{"type":"Feature","geometry":{"type":"Point","coordinates":[-79.29422222222222,33.36127777777778]},"properties":{"id":"fcc/KIB691/33.36128,-79.29422","kind":"radio","brand":"Other","rawBrand":"FCC ULS","name":"GEORGETOWN, CITY OF (KIB691)","operator":"GEORGETOWN, CITY OF","directions":[],"omni":true,"zone":null,"purpose":"Public-safety radio transmitter — GEORGETOWN, CITY OF, GEORGETOWN","imageUrl":null,"fovHalfAngle":180,"frequencies":[154.77,155.01,155.415,155.58,155.985,158.955],"lawEnforcement":false}},{"type":"Feature","geometry":{"type":"Point","coordinates":[-82.70236111111112,34.87122222222222]},"properties":{"id":"fcc/KMJ966/34.87122,-82.70236","kind":"radio","brand":"Other","rawBrand":"FCC ULS","name":"PICKENS, COUNTY OF (KMJ966)","operator":"PICKENS, COUNTY OF","directions":[],"omni":true,"zone":null,"purpose":"Public-safety radio transmitter — PICKENS, COUNTY OF, PICKENS","imageUrl":null,"fovHalfAngle":180,"frequencies":[460.45,465.15,465.25,465.35,465.45],"lawEnforcement":false}},{"type":"Feature","geometry":{"type":"Point","coordinates":[-81.23511111111111,33.98013888888889]},"properties":{"id":"fcc/KMK750/33.98014,-81.23511","kind":"radio","brand":"Other","rawBrand":"FCC ULS","name":"COUNTY OF LEXINGTON (KMK750)","operator":"COUNTY OF LEXINGTON","directions":[],"omni":true,"zone":null,"purpose":"Public-safety radio transmitter — COUNTY OF LEXINGTON, LEXINGTON","imageUrl":null,"fovHalfAngle":180,"frequencies":[460.05,460.2,465.05,465.1,465.15,465.2],"lawEnforcement":false}},{"type":"Feature","geometry":{"type":"Point","coordinates":[-81.96177777777778,33.50597222222222]},"properties":{"id":"fcc/KNBW397/33.50597,-81.96178","kind":"radio","brand":"Other","rawBrand":"FCC ULS","name":"NORTH AUGUSTA, CITY OF (KNBW397)","operator":"NORTH AUGUSTA, CITY OF","directions":[],"omni":true,"zone":null,"purpose":"Public-safety radio transmitter — NORTH AUGUSTA, CITY OF, NORTH AUGUSTA","imageUrl":null,"fovHalfAngle":180,"frequencies":[453.15,453.75,458.15,458.75],"lawEnforcement":false}},{"type":"Feature","geometry":{"type":"Point","coordinates":[-79.81008333333332,33.04211111111111]},"properties":{"id":"fcc/KNCL862/33.04211,-79.81008","kind":"radio","brand":"Other","rawBrand":"FCC ULS","name":"SC Dept of Natural Resources (KNCL862)","operator":"SC Dept of Natural Resources","directions":[],"omni":true,"zone":null,"purpose":"Public-safety radio transmitter — SC Dept of Natural Resources, HUGER","imageUrl":null,"fovHalfAngle":180,"frequencies":[155.07],"lawEnforcement":false}},{"type":"Feature","geometry":{"type":"Point","coordinates":[-80.89633333333335,34.57041666666667]},"properties":{"id":"fcc/KNFM239/34.57042,-80.89633","kind":"radio","brand":"Other","rawBrand":"FCC ULS","name":"GREAT FALLS, TOWN OF (KNFM239)","operator":"GREAT FALLS, TOWN OF","directions":[],"omni":true,"zone":null,"purpose":"Public-safety radio transmitter — GREAT FALLS, TOWN OF, GREAT FALLS","imageUrl":null,"fovHalfAngle":180,"frequencies":[153.935,154.77,154.83,155.535,158.85],"lawEnforcement":false}},{"type":"Feature","geometry":{"type":"Point","coordinates":[-81.19813888888889,34.98180555555556]},"properties":{"id":"fcc/WPPX889/34.98181,-81.19814","kind":"radio","brand":"Other","rawBrand":"FCC ULS","name":"YORK, COUNTY OF (WPPX889)","operator":"YORK, COUNTY OF","directions":[],"omni":true,"zone":null,"purpose":"Public-safety radio transmitter — YORK, COUNTY OF, YORK","imageUrl":null,"fovHalfAngle":180,"frequencies":[453.425,458.425],"lawEnforcement":false}},{"type":"Feature","geometry":{"type":"Point","coordinates":[-80.09305555555555,34.72166666666667]},"properties":{"id":"fcc/KON299/34.72167,-80.09306","kind":"radio","brand":"Other","rawBrand":"FCC ULS","name":"CHESTERFIELD, COUNTY OF (KON299)","operator":"CHESTERFIELD, COUNTY OF","directions":[],"omni":true,"zone":null,"purpose":"Public-safety radio transmitter — CHESTERFIELD, COUNTY OF, CHESTERFIELD","imageUrl":null,"fovHalfAngle":180,"frequencies":[150.79,153.965,154.1075,155.25,158.8425,158.88,159,460.35,465.35],"lawEnforcement":false}},{"type":"Feature","geometry":{"type":"Point","coordinates":[-80.0906111111111,34.72016666666667]},"properties":{"id":"fcc/KON299/34.72017,-80.09061","kind":"radio","brand":"Other","rawBrand":"FCC ULS","name":"CHESTERFIELD, COUNTY OF (KON299)","operator":"CHESTERFIELD, COUNTY OF","directions":[],"omni":true,"zone":null,"purpose":"Public-safety radio transmitter — CHESTERFIELD, COUNTY OF, CHESTERFIELD","imageUrl":null,"fovHalfAngle":180,"frequencies":[150.79,153.965,154.1075,155.25,158.8425,158.88,159,460.35,465.35],"lawEnforcement":false}},{"type":"Feature","geometry":{"type":"Point","coordinates":[-82.30816666666666,34.77872222222222]},"properties":{"id":"fcc/WPQI961/34.77872,-82.30817","kind":"radio","brand":"Other","rawBrand":"FCC ULS","name":"MAULDIN, CITY OF (WPQI961)","operator":"MAULDIN, CITY OF","directions":[],"omni":true,"zone":null,"purpose":"Public-safety radio transmitter — MAULDIN, CITY OF, MAULDIN","imageUrl":null,"fovHalfAngle":180,"frequencies":[155.94],"lawEnforcement":false}},{"type":"Feature","geometry":{"type":"Point","coordinates":[-79.61255555555555,34.62683333333334]},"properties":{"id":"fcc/WPRF298/34.62683,-79.61256","kind":"radio","brand":"Other","rawBrand":"FCC ULS","name":"MARLBORO, COUNTY OF (WPRF298)","operator":"MARLBORO, COUNTY OF","directions":[],"omni":true,"zone":null,"purpose":"Public-safety radio transmitter — MARLBORO, COUNTY OF, BENNETTSVILLE","imageUrl":null,"fovHalfAngle":180,"frequencies":[155.22,155.235,155.265,155.535,159.03],"lawEnforcement":false}},{"type":"Feature","geometry":{"type":"Point","coordinates":[-82.09066666666666,34.939]},"properties":{"id":"fcc/WPRG972/34.93900,-82.09067","kind":"radio","brand":"Other","rawBrand":"FCC ULS","name":"SPARTANBURG, COUNTY OF (WPRG972)","operator":"SPARTANBURG, COUNTY OF","directions":[],"omni":true,"zone":null,"purpose":"Public-safety radio transmitter — SPARTANBURG, COUNTY OF, STARTEX","imageUrl":null,"fovHalfAngle":180,"frequencies":[153.965,158.85],"lawEnforcement":false}},{"type":"Feature","geometry":{"type":"Point","coordinates":[-82.29066666666667,35.16983333333333]},"properties":{"id":"fcc/KWO307/35.16983,-82.29067","kind":"radio","brand":"Other","rawBrand":"FCC ULS","name":"Spartanburg County Communications / 9-1-1 (KWO307)","operator":"Spartanburg County Communications / 9-1-1","directions":[],"omni":true,"zone":null,"purpose":"Public-safety radio transmitter — Spartanburg County Communications / 9-1-1, TRYON","imageUrl":null,"fovHalfAngle":180,"frequencies":[460.3,460.425],"lawEnforcement":false}},{"type":"Feature","geometry":{"type":"Point","coordinates":[-82.02175,34.50038888888889]},"properties":{"id":"fcc/WCN997/34.50039,-82.02175","kind":"radio","brand":"Other","rawBrand":"FCC ULS","name":"Laurens County 911 (WCN997)","operator":"Laurens County 911","directions":[],"omni":true,"zone":null,"purpose":"Public-safety radio transmitter — Laurens County 911, LAURENS","imageUrl":null,"fovHalfAngle":180,"frequencies":[458.25],"lawEnforcement":false}},{"type":"Feature","geometry":{"type":"Point","coordinates":[-82.60458333333332,35.111222222222224]},"properties":{"id":"fcc/WNGV331/35.11122,-82.60458","kind":"radio","brand":"Other","rawBrand":"FCC ULS","name":"South Carolina Law Enforcement Division (SLED) (WNGV331)","operator":"South Carolina Law Enforcement Division (SLED)","directions":[],"omni":true,"zone":null,"purpose":"Law-enforcement radio transmitter — South Carolina Law Enforcement Division (SLED), CLEVELAND","imageUrl":null,"fovHalfAngle":180,"frequencies":[154.665,159.06],"lawEnforcement":true}},{"type":"Feature","geometry":{"type":"Point","coordinates":[-79.72588888888889,34.27155555555555]},"properties":{"id":"fcc/WNGV331/34.27156,-79.72589","kind":"radio","brand":"Other","rawBrand":"FCC ULS","name":"South Carolina Law Enforcement Division (SLED) (WNGV331)","operator":"South Carolina Law Enforcement Division (SLED)","directions":[],"omni":true,"zone":null,"purpose":"Law-enforcement radio transmitter — South Carolina Law Enforcement Division (SLED), FLORENCE","imageUrl":null,"fovHalfAngle":180,"frequencies":[154.665,159.06],"lawEnforcement":true}},{"type":"Feature","geometry":{"type":"Point","coordinates":[-78.90613888888889,33.81933333333334]},"properties":{"id":"fcc/WNGV331/33.81933,-78.90614","kind":"radio","brand":"Other","rawBrand":"FCC ULS","name":"South Carolina Law Enforcement Division (SLED) (WNGV331)","operator":"South Carolina Law Enforcement Division (SLED)","directions":[],"omni":true,"zone":null,"purpose":"Law-enforcement radio transmitter — South Carolina Law Enforcement Division (SLED), MYRTLE BEACH","imageUrl":null,"fovHalfAngle":180,"frequencies":[154.665,159.06],"lawEnforcement":true}},{"type":"Feature","geometry":{"type":"Point","coordinates":[-81.9415,33.611805555555556]},"properties":{"id":"fcc/WNGV331/33.61181,-81.94150","kind":"radio","brand":"Other","rawBrand":"FCC ULS","name":"South Carolina Law Enforcement Division (SLED) (WNGV331)","operator":"South Carolina Law Enforcement Division (SLED)","directions":[],"omni":true,"zone":null,"purpose":"Law-enforcement radio transmitter — South Carolina Law Enforcement Division (SLED), MERRY WEATHER DEVELO","imageUrl":null,"fovHalfAngle":180,"frequencies":[154.665,159.06],"lawEnforcement":true}},{"type":"Feature","geometry":{"type":"Point","coordinates":[-80.02369444444444,32.80211111111111]},"properties":{"id":"fcc/WNGV331/32.80211,-80.02369","kind":"radio","brand":"Other","rawBrand":"FCC ULS","name":"South Carolina Law Enforcement Division (SLED) (WNGV331)","operator":"South Carolina Law Enforcement Division (SLED)","directions":[],"omni":true,"zone":null,"purpose":"Law-enforcement radio transmitter — South Carolina Law Enforcement Division (SLED), CHARLESTON","imageUrl":null,"fovHalfAngle":180,"frequencies":[154.665,159.06],"lawEnforcement":true}},{"type":"Feature","geometry":{"type":"Point","coordinates":[-83.071,34.760083333333334]},"properties":{"id":"fcc/KGW485/34.76008,-83.07100","kind":"radio","brand":"Other","rawBrand":"FCC ULS","name":"OCONEE, COUNTY OF (KGW485)","operator":"OCONEE, COUNTY OF","directions":[],"omni":true,"zone":null,"purpose":"Public-safety radio transmitter — OCONEE, COUNTY OF, WALHALLA","imageUrl":null,"fovHalfAngle":180,"frequencies":[155.22],"lawEnforcement":false}},{"type":"Feature","geometry":{"type":"Point","coordinates":[-81.62627777777777,34.71494444444445]},"properties":{"id":"fcc/KNBJ590/34.71494,-81.62628","kind":"radio","brand":"Other","rawBrand":"FCC ULS","name":"American National Red Cross (KNBJ590)","operator":"American National Red Cross","directions":[],"omni":true,"zone":null,"purpose":"Public-safety radio transmitter — American National Red Cross, UNION","imageUrl":null,"fovHalfAngle":180,"frequencies":[47.42],"lawEnforcement":false}},{"type":"Feature","geometry":{"type":"Point","coordinates":[-82.38430555555556,34.16038888888889]},"properties":{"id":"fcc/KSL480/34.16039,-82.38431","kind":"radio","brand":"Other","rawBrand":"FCC ULS","name":"Abbeville County Memorial Hospital d/b/a Abbeviille Area Medical Cetner (KSL480)","operator":"Abbeville County Memorial Hospital d/b/a Abbeviille Area Medical Cetner","directions":[],"omni":true,"zone":null,"purpose":"Public-safety radio transmitter — Abbeville County Memorial Hospital d/b/a Abbeviille Area Medical Cetner, ABBEVILLE","imageUrl":null,"fovHalfAngle":180,"frequencies":[155.16,155.28,155.34,163.25],"lawEnforcement":false}},{"type":"Feature","geometry":{"type":"Point","coordinates":[-79.76922222222223,34.19877777777778]},"properties":{"id":"fcc/KXV337/34.19878,-79.76922","kind":"radio","brand":"Other","rawBrand":"FCC ULS","name":"FLORENCE COUNTY EMERGENCY MANAGEMENT (KXV337)","operator":"FLORENCE COUNTY EMERGENCY MANAGEMENT","directions":[],"omni":true,"zone":null,"purpose":"Public-safety radio transmitter — FLORENCE COUNTY EMERGENCY MANAGEMENT, FLORENCE","imageUrl":null,"fovHalfAngle":180,"frequencies":[155.22],"lawEnforcement":false}},{"type":"Feature","geometry":{"type":"Point","coordinates":[-79.10836111111111,33.94961111111111]},"properties":{"id":"fcc/KDN489/33.94961,-79.10836","kind":"radio","brand":"Other","rawBrand":"FCC ULS","name":"CONWAY, CITY OF (KDN489)","operator":"CONWAY, CITY OF","directions":[],"omni":true,"zone":null,"purpose":"Public-safety radio transmitter — CONWAY, CITY OF, CONWAY","imageUrl":null,"fovHalfAngle":180,"frequencies":[153.8,155.88],"lawEnforcement":false}},{"type":"Feature","geometry":{"type":"Point","coordinates":[-79.05558333333333,33.83127777777778]},"properties":{"id":"fcc/KDN489/33.83128,-79.05558","kind":"radio","brand":"Other","rawBrand":"FCC ULS","name":"CONWAY, CITY OF (KDN489)","operator":"CONWAY, CITY OF","directions":[],"omni":true,"zone":null,"purpose":"Public-safety radio transmitter — CONWAY, CITY OF, HORRY","imageUrl":null,"fovHalfAngle":180,"frequencies":[153.8,155.88],"lawEnforcement":false}},{"type":"Feature","geometry":{"type":"Point","coordinates":[-81.72538888888889,33.58763888888889]},"properties":{"id":"fcc/KIJ478/33.58764,-81.72539","kind":"radio","brand":"Other","rawBrand":"FCC ULS","name":"SOUTH CAROLINA DEPARTMENT OF TRANSPORTATION (KIJ478)","operator":"SOUTH CAROLINA DEPARTMENT OF TRANSPORTATION","directions":[],"omni":true,"zone":null,"purpose":"Public-safety radio transmitter — SOUTH CAROLINA DEPARTMENT OF TRANSPORTATION, AIKEN","imageUrl":null,"fovHalfAngle":180,"frequencies":[45.68,47.04,47.34],"lawEnforcement":false}},{"type":"Feature","geometry":{"type":"Point","coordinates":[-82.69430555555556,34.781777777777776]},"properties":{"id":"fcc/KJY702/34.78178,-82.69431","kind":"radio","brand":"Other","rawBrand":"FCC ULS","name":"LIBERTY, CITY OF - FIRE DEPARTMENT (KJY702)","operator":"LIBERTY, CITY OF - FIRE DEPARTMENT","directions":[],"omni":true,"zone":null,"purpose":"Public-safety radio transmitter — LIBERTY, CITY OF - FIRE DEPARTMENT, LIBERTY","imageUrl":null,"fovHalfAngle":180,"frequencies":[153.875,155.925],"lawEnforcement":false}},{"type":"Feature","geometry":{"type":"Point","coordinates":[-81.76872222222222,35.109]},"properties":{"id":"fcc/WNFB273/35.10900,-81.76872","kind":"radio","brand":"Other","rawBrand":"FCC ULS","name":"CHEROKEE, COUNTY OF (WNFB273)","operator":"CHEROKEE, COUNTY OF","directions":[],"omni":true,"zone":null,"purpose":"Public-safety radio transmitter — CHEROKEE, COUNTY OF, GAFFNEY","imageUrl":null,"fovHalfAngle":180,"frequencies":[153.845,155.49,453.75,458.75],"lawEnforcement":false}},{"type":"Feature","geometry":{"type":"Point","coordinates":[-81.52425,35.08347222222223]},"properties":{"id":"fcc/WNFB273/35.08347,-81.52425","kind":"radio","brand":"Other","rawBrand":"FCC ULS","name":"CHEROKEE, COUNTY OF (WNFB273)","operator":"CHEROKEE, COUNTY OF","directions":[],"omni":true,"zone":null,"purpose":"Public-safety radio transmitter — CHEROKEE, COUNTY OF, BLACKSBURG","imageUrl":null,"fovHalfAngle":180,"frequencies":[153.845,155.49,453.75,458.75],"lawEnforcement":false}},{"type":"Feature","geometry":{"type":"Point","coordinates":[-81.24463888888889,34.70847222222223]},"properties":{"id":"fcc/WNJH852/34.70847,-81.24464","kind":"radio","brand":"Other","rawBrand":"FCC ULS","name":"CHESTER, COUNTY OF (WNJH852)","operator":"CHESTER, COUNTY OF","directions":[],"omni":true,"zone":null,"purpose":"Public-safety radio transmitter — CHESTER, COUNTY OF, Chester","imageUrl":null,"fovHalfAngle":180,"frequencies":[151.1375,151.4075,154.01,154.19,154.385,154.4525,155.7525,158.7375,159.4725],"lawEnforcement":false}},{"type":"Feature","geometry":{"type":"Point","coordinates":[-81.21016666666667,34.70125]},"properties":{"id":"fcc/WNJH852/34.70125,-81.21017","kind":"radio","brand":"Other","rawBrand":"FCC ULS","name":"CHESTER, COUNTY OF (WNJH852)","operator":"CHESTER, COUNTY OF","directions":[],"omni":true,"zone":null,"purpose":"Public-safety radio transmitter — CHESTER, COUNTY OF, CHESTER","imageUrl":null,"fovHalfAngle":180,"frequencies":[151.1375,151.4075,154.01,154.19,154.385,154.4525,155.7525,158.7375,159.4725],"lawEnforcement":false}},{"type":"Feature","geometry":{"type":"Point","coordinates":[-81.02302777777777,34.69616666666666]},"properties":{"id":"fcc/WNJH852/34.69617,-81.02303","kind":"radio","brand":"Other","rawBrand":"FCC ULS","name":"CHESTER, COUNTY OF (WNJH852)","operator":"CHESTER, COUNTY OF","directions":[],"omni":true,"zone":null,"purpose":"Public-safety radio transmitter — CHESTER, COUNTY OF, RICHBURG","imageUrl":null,"fovHalfAngle":180,"frequencies":[151.1375,151.4075,154.01,154.19,154.385,154.4525,155.7525,158.7375,159.4725],"lawEnforcement":false}},{"type":"Feature","geometry":{"type":"Point","coordinates":[-83.07405555555555,34.758694444444444]},"properties":{"id":"fcc/WPRR358/34.75869,-83.07406","kind":"radio","brand":"Other","rawBrand":"FCC ULS","name":"OCONEE, COUNTY OF (WPRR358)","operator":"OCONEE, COUNTY OF","directions":[],"omni":true,"zone":null,"purpose":"Public-safety radio transmitter — OCONEE, COUNTY OF, OCONEE","imageUrl":null,"fovHalfAngle":180,"frequencies":[453.4125,453.4375,453.4625,453.4875,453.5125,453.5875,453.7125,453.8375,458.4125,458.4375,458.4625,458.4875,458.5125,458.5875,458.7125,458.8375],"lawEnforcement":false}},{"type":"Feature","geometry":{"type":"Point","coordinates":[-79.76388888888889,34.19944444444444]},"properties":{"id":"fcc/WPSE871/34.19944,-79.76389","kind":"radio","brand":"Other","rawBrand":"FCC ULS","name":"CITY OF FLORENCE, SC  PUBLIC WORKS DEPARTMENT (WPSE871)","operator":"CITY OF FLORENCE, SC  PUBLIC WORKS DEPARTMENT","directions":[],"omni":true,"zone":null,"purpose":"Public-safety radio transmitter — CITY OF FLORENCE, SC  PUBLIC WORKS DEPARTMENT, FLORENCE","imageUrl":null,"fovHalfAngle":180,"frequencies":[155.115,159.1875,458.525],"lawEnforcement":false}},{"type":"Feature","geometry":{"type":"Point","coordinates":[-82.65944444444445,34.90011111111111]},"properties":{"id":"fcc/WPTD756/34.90011,-82.65944","kind":"radio","brand":"Other","rawBrand":"FCC ULS","name":"Pickens Police Department (WPTD756)","operator":"Pickens Police Department","directions":[],"omni":true,"zone":null,"purpose":"Law-enforcement radio transmitter — Pickens Police Department, PICKENS","imageUrl":null,"fovHalfAngle":180,"frequencies":[453.7,458.7],"lawEnforcement":true}},{"type":"Feature","geometry":{"type":"Point","coordinates":[-81.47833333333334,33.60444444444445]},"properties":{"id":"fcc/WPTF362/33.60444,-81.47833","kind":"radio","brand":"Other","rawBrand":"FCC ULS","name":"AIKEN COUNTY OF (WPTF362)","operator":"AIKEN COUNTY OF","directions":[],"omni":true,"zone":null,"purpose":"Public-safety radio transmitter — AIKEN COUNTY OF, KITCHINGS MILL","imageUrl":null,"fovHalfAngle":180,"frequencies":[453.025,453.075,453.175,453.425,453.9,458.025,458.075,458.175,458.425,458.9],"lawEnforcement":false}},{"type":"Feature","geometry":{"type":"Point","coordinates":[-81.57944444444443,33.712500000000006]},"properties":{"id":"fcc/WPTF362/33.71250,-81.57944","kind":"radio","brand":"Other","rawBrand":"FCC ULS","name":"AIKEN COUNTY OF (WPTF362)","operator":"AIKEN COUNTY OF","directions":[],"omni":true,"zone":null,"purpose":"Public-safety radio transmitter — AIKEN COUNTY OF, FOXTOWN","imageUrl":null,"fovHalfAngle":180,"frequencies":[453.025,453.075,453.175,453.425,453.9,458.025,458.075,458.175,458.425,458.9],"lawEnforcement":false}},{"type":"Feature","geometry":{"type":"Point","coordinates":[-81.83722222222222,33.405277777777776]},"properties":{"id":"fcc/WPTF362/33.40528,-81.83722","kind":"radio","brand":"Other","rawBrand":"FCC ULS","name":"AIKEN COUNTY OF (WPTF362)","operator":"AIKEN COUNTY OF","directions":[],"omni":true,"zone":null,"purpose":"Public-safety radio transmitter — AIKEN COUNTY OF, BEACH ISLAND","imageUrl":null,"fovHalfAngle":180,"frequencies":[453.025,453.075,453.175,453.425,453.9,458.025,458.075,458.175,458.425,458.9],"lawEnforcement":false}},{"type":"Feature","geometry":{"type":"Point","coordinates":[-81.84474999999999,33.600500000000004]},"properties":{"id":"fcc/WPTF362/33.60050,-81.84475","kind":"radio","brand":"Other","rawBrand":"FCC ULS","name":"AIKEN COUNTY OF (WPTF362)","operator":"AIKEN COUNTY OF","directions":[],"omni":true,"zone":null,"purpose":"Public-safety radio transmitter — AIKEN COUNTY OF, VALCLUSE","imageUrl":null,"fovHalfAngle":180,"frequencies":[453.025,453.075,453.175,453.425,453.9,458.025,458.075,458.175,458.425,458.9],"lawEnforcement":false}},{"type":"Feature","geometry":{"type":"Point","coordinates":[-81.72758333333333,33.57177777777778]},"properties":{"id":"fcc/WPTF362/33.57178,-81.72758","kind":"radio","brand":"Other","rawBrand":"FCC ULS","name":"AIKEN COUNTY OF (WPTF362)","operator":"AIKEN COUNTY OF","directions":[],"omni":true,"zone":null,"purpose":"Public-safety radio transmitter — AIKEN COUNTY OF, AIKEN","imageUrl":null,"fovHalfAngle":180,"frequencies":[453.025,453.075,453.175,453.425,453.9,458.025,458.075,458.175,458.425,458.9],"lawEnforcement":false}},{"type":"Feature","geometry":{"type":"Point","coordinates":[-79.94077777777778,32.65561111111111]},"properties":{"id":"fcc/WPUA399/32.65561,-79.94078","kind":"radio","brand":"Other","rawBrand":"FCC ULS","name":"CIty of Folly Beach (WPUA399)","operator":"CIty of Folly Beach","directions":[],"omni":true,"zone":null,"purpose":"Public-safety radio transmitter — CIty of Folly Beach, Folly Beach","imageUrl":null,"fovHalfAngle":180,"frequencies":[1.61],"lawEnforcement":false}},{"type":"Feature","geometry":{"type":"Point","coordinates":[-81.03888888888889,34.00944444444445]},"properties":{"id":"fcc/WPUN402/34.00944,-81.03889","kind":"radio","brand":"Other","rawBrand":"FCC ULS","name":"RICHLAND/LEXINGTON, COUNTY OF (WPUN402)","operator":"RICHLAND/LEXINGTON, COUNTY OF","directions":[],"omni":true,"zone":null,"purpose":"Public-safety radio transmitter — RICHLAND/LEXINGTON, COUNTY OF, COLUMBIA","imageUrl":null,"fovHalfAngle":180,"frequencies":[453.3125,453.325,458.3125,458.325],"lawEnforcement":false}},{"type":"Feature","geometry":{"type":"Point","coordinates":[-81.0766111111111,33.965333333333334]},"properties":{"id":"fcc/WPUQ246/33.96533,-81.07661","kind":"radio","brand":"Other","rawBrand":"FCC ULS","name":"City of Cayce (WPUQ246)","operator":"City of Cayce","directions":[],"omni":true,"zone":null,"purpose":"Public-safety radio transmitter — City of Cayce, CAYCE","imageUrl":null,"fovHalfAngle":180,"frequencies":[460.2625],"lawEnforcement":false}},{"type":"Feature","geometry":{"type":"Point","coordinates":[-80.58452777777778,34.08569444444445]},"properties":{"id":"fcc/WPUQ396/34.08569,-80.58453","kind":"radio","brand":"Other","rawBrand":"FCC ULS","name":"SOUTH CAROLINA, STATE OF (WPUQ396)","operator":"SOUTH CAROLINA, STATE OF","directions":[],"omni":true,"zone":null,"purpose":"Public-safety radio transmitter — SOUTH CAROLINA, STATE OF, BOYKIN","imageUrl":null,"fovHalfAngle":180,"frequencies":[151.0625,154.3475,155.64,155.7675,158.7675],"lawEnforcement":false}},{"type":"Feature","geometry":{"type":"Point","coordinates":[-80.58397222222222,34.08541666666667]},"properties":{"id":"fcc/WPUQ396/34.08542,-80.58397","kind":"radio","brand":"Other","rawBrand":"FCC ULS","name":"SOUTH CAROLINA, STATE OF (WPUQ396)","operator":"SOUTH CAROLINA, STATE OF","directions":[],"omni":true,"zone":null,"purpose":"Public-safety radio transmitter — SOUTH CAROLINA, STATE OF, BOYKIN","imageUrl":null,"fovHalfAngle":180,"frequencies":[151.0625,154.3475,155.64,155.7675,158.7675],"lawEnforcement":false}},{"type":"Feature","geometry":{"type":"Point","coordinates":[-82.18455555555556,33.924861111111106]},"properties":{"id":"fcc/WPUQ396/33.92486,-82.18456","kind":"radio","brand":"Other","rawBrand":"FCC ULS","name":"SOUTH CAROLINA, STATE OF (WPUQ396)","operator":"SOUTH CAROLINA, STATE OF","directions":[],"omni":true,"zone":null,"purpose":"Public-safety radio transmitter — SOUTH CAROLINA, STATE OF, MCCORMICK","imageUrl":null,"fovHalfAngle":180,"frequencies":[151.0625,154.3475,155.64,155.7675,158.7675],"lawEnforcement":false}},{"type":"Feature","geometry":{"type":"Point","coordinates":[-82.184,33.924305555555556]},"properties":{"id":"fcc/WPUQ396/33.92431,-82.18400","kind":"radio","brand":"Other","rawBrand":"FCC ULS","name":"SOUTH CAROLINA, STATE OF (WPUQ396)","operator":"SOUTH CAROLINA, STATE OF","directions":[],"omni":true,"zone":null,"purpose":"Public-safety radio transmitter — SOUTH CAROLINA, STATE OF, MCCORMICK","imageUrl":null,"fovHalfAngle":180,"frequencies":[151.0625,154.3475,155.64,155.7675,158.7675],"lawEnforcement":false}},{"type":"Feature","geometry":{"type":"Point","coordinates":[-81.82844444444444,34.72069444444445]},"properties":{"id":"fcc/WPUQ396/34.72069,-81.82844","kind":"radio","brand":"Other","rawBrand":"FCC ULS","name":"SOUTH CAROLINA, STATE OF (WPUQ396)","operator":"SOUTH CAROLINA, STATE OF","directions":[],"omni":true,"zone":null,"purpose":"Public-safety radio transmitter — SOUTH CAROLINA, STATE OF, CROSS ANCHOR","imageUrl":null,"fovHalfAngle":180,"frequencies":[151.0625,154.3475,155.64,155.7675,158.7675],"lawEnforcement":false}},{"type":"Feature","geometry":{"type":"Point","coordinates":[-81.82761111111111,34.72236111111111]},"properties":{"id":"fcc/WPUQ396/34.72236,-81.82761","kind":"radio","brand":"Other","rawBrand":"FCC ULS","name":"SOUTH CAROLINA, STATE OF (WPUQ396)","operator":"SOUTH CAROLINA, STATE OF","directions":[],"omni":true,"zone":null,"purpose":"Public-safety radio transmitter — SOUTH CAROLINA, STATE OF, CROSS ANCHOR","imageUrl":null,"fovHalfAngle":180,"frequencies":[151.0625,154.3475,155.64,155.7675,158.7675],"lawEnforcement":false}},{"type":"Feature","geometry":{"type":"Point","coordinates":[-80.86880555555555,32.36377777777778]},"properties":{"id":"fcc/WPVB565/32.36378,-80.86881","kind":"radio","brand":"Other","rawBrand":"FCC ULS","name":"Beaufort, County of (WPVB565)","operator":"Beaufort, County of","directions":[],"omni":true,"zone":null,"purpose":"Public-safety radio transmitter — Beaufort, County of, Beaufort","imageUrl":null,"fovHalfAngle":180,"frequencies":[0.53,1.61,1.63,1.64,1.67,1.69],"lawEnforcement":false}},{"type":"Feature","geometry":{"type":"Point","coordinates":[-82.60833333333333,34.831944444444446]},"properties":{"id":"fcc/WPYB546/34.83194,-82.60833","kind":"radio","brand":"Other","rawBrand":"FCC ULS","name":"EASLEY, CITY OF (WPYB546)","operator":"EASLEY, CITY OF","directions":[],"omni":true,"zone":null,"purpose":"Public-safety radio transmitter — EASLEY, CITY OF, EASLEY","imageUrl":null,"fovHalfAngle":180,"frequencies":[155.04,158.955],"lawEnforcement":false}},{"type":"Feature","geometry":{"type":"Point","coordinates":[-80.63830555555556,32.408138888888885]},"properties":{"id":"fcc/WPVB565/32.40814,-80.63831","kind":"radio","brand":"Other","rawBrand":"FCC ULS","name":"Beaufort, County of (WPVB565)","operator":"Beaufort, County of","directions":[],"omni":true,"zone":null,"purpose":"Public-safety radio transmitter — Beaufort, County of, Beaufort","imageUrl":null,"fovHalfAngle":180,"frequencies":[0.53,1.61,1.63,1.64,1.67,1.69],"lawEnforcement":false}},{"type":"Feature","geometry":{"type":"Point","coordinates":[-79.94527777777778,34.64611111111111]},"properties":{"id":"fcc/WQAA884/34.64611,-79.94528","kind":"radio","brand":"Other","rawBrand":"FCC ULS","name":"South Carolina Law Enforcement Division (SLED) (WQAA884)","operator":"South Carolina Law Enforcement Division (SLED)","directions":[],"omni":true,"zone":null,"purpose":"Law-enforcement radio transmitter — South Carolina Law Enforcement Division (SLED), CHERAW","imageUrl":null,"fovHalfAngle":180,"frequencies":[154.665],"lawEnforcement":true}},{"type":"Feature","geometry":{"type":"Point","coordinates":[-82.14916666666667,34.18611111111111]},"properties":{"id":"fcc/WQAA884/34.18611,-82.14917","kind":"radio","brand":"Other","rawBrand":"FCC ULS","name":"South Carolina Law Enforcement Division (SLED) (WQAA884)","operator":"South Carolina Law Enforcement Division (SLED)","directions":[],"omni":true,"zone":null,"purpose":"Law-enforcement radio transmitter — South Carolina Law Enforcement Division (SLED), GREENWOOD","imageUrl":null,"fovHalfAngle":180,"frequencies":[154.665],"lawEnforcement":true}},{"type":"Feature","geometry":{"type":"Point","coordinates":[-82.49427777777778,34.61347222222222]},"properties":{"id":"fcc/WQAL413/34.61347,-82.49428","kind":"radio","brand":"Other","rawBrand":"FCC ULS","name":"WILLIAMSTON POLICE DEPARTMENT (WQAL413)","operator":"WILLIAMSTON POLICE DEPARTMENT","directions":[],"omni":true,"zone":null,"purpose":"Law-enforcement radio transmitter — WILLIAMSTON POLICE DEPARTMENT, WILLIAMSTON","imageUrl":null,"fovHalfAngle":180,"frequencies":[153.755,156.15],"lawEnforcement":true}},{"type":"Feature","geometry":{"type":"Point","coordinates":[-81.88238888888888,34.47102777777778]},"properties":{"id":"fcc/WPTA905/34.47103,-81.88239","kind":"radio","brand":"Other","rawBrand":"FCC ULS","name":"CLINTON CITY OF (WPTA905)","operator":"CLINTON CITY OF","directions":[],"omni":true,"zone":null,"purpose":"Public-safety radio transmitter — CLINTON CITY OF, CLINTON","imageUrl":null,"fovHalfAngle":180,"frequencies":[453.1875,453.7875,458.1875,458.7875],"lawEnforcement":false}},{"type":"Feature","geometry":{"type":"Point","coordinates":[-80.73311111111111,32.45594444444445]},"properties":{"id":"fcc/WPVB565/32.45594,-80.73311","kind":"radio","brand":"Other","rawBrand":"FCC ULS","name":"Beaufort, County of (WPVB565)","operator":"Beaufort, County of","directions":[],"omni":true,"zone":null,"purpose":"Public-safety radio transmitter — Beaufort, County of, Beaufort","imageUrl":null,"fovHalfAngle":180,"frequencies":[0.53,1.61,1.63,1.64,1.67,1.69],"lawEnforcement":false}},{"type":"Feature","geometry":{"type":"Point","coordinates":[-80.93730555555555,32.291694444444445]},"properties":{"id":"fcc/WPVB565/32.29169,-80.93731","kind":"radio","brand":"Other","rawBrand":"FCC ULS","name":"Beaufort, County of (WPVB565)","operator":"Beaufort, County of","directions":[],"omni":true,"zone":null,"purpose":"Public-safety radio transmitter — Beaufort, County of, Okatie","imageUrl":null,"fovHalfAngle":180,"frequencies":[0.53,1.61,1.63,1.64,1.67,1.69],"lawEnforcement":false}},{"type":"Feature","geometry":{"type":"Point","coordinates":[-80.96811111111111,32.23994444444445]},"properties":{"id":"fcc/WPVB565/32.23994,-80.96811","kind":"radio","brand":"Other","rawBrand":"FCC ULS","name":"Beaufort, County of (WPVB565)","operator":"Beaufort, County of","directions":[],"omni":true,"zone":null,"purpose":"Public-safety radio transmitter — Beaufort, County of, Bluffton","imageUrl":null,"fovHalfAngle":180,"frequencies":[0.53,1.61,1.63,1.64,1.67,1.69],"lawEnforcement":false}},{"type":"Feature","geometry":{"type":"Point","coordinates":[-80.81091666666666,32.23563888888889]},"properties":{"id":"fcc/WPVB565/32.23564,-80.81092","kind":"radio","brand":"Other","rawBrand":"FCC ULS","name":"Beaufort, County of (WPVB565)","operator":"Beaufort, County of","directions":[],"omni":true,"zone":null,"purpose":"Public-safety radio transmitter — Beaufort, County of, Bluffton","imageUrl":null,"fovHalfAngle":180,"frequencies":[0.53,1.61,1.63,1.64,1.67,1.69],"lawEnforcement":false}},{"type":"Feature","geometry":{"type":"Point","coordinates":[-82.30955555555555,34.78458333333333]},"properties":{"id":"fcc/WQCN926/34.78458,-82.30956","kind":"radio","brand":"Other","rawBrand":"FCC ULS","name":"MAULDIN, CITY OF (WQCN926)","operator":"MAULDIN, CITY OF","directions":[],"omni":true,"zone":null,"purpose":"Public-safety radio transmitter — MAULDIN, CITY OF, MAULDIN","imageUrl":null,"fovHalfAngle":180,"frequencies":[460.375,465.375],"lawEnforcement":false}},{"type":"Feature","geometry":{"type":"Point","coordinates":[-79.85722222222222,34.21138888888889]},"properties":{"id":"fcc/WQCY239/34.21139,-79.85722","kind":"radio","brand":"Other","rawBrand":"FCC ULS","name":"FLORENCE CITY AND COUNTY OF CIVIC CENTER (WQCY239)","operator":"FLORENCE CITY AND COUNTY OF CIVIC CENTER","directions":[],"omni":true,"zone":null,"purpose":"Public-safety radio transmitter — FLORENCE CITY AND COUNTY OF CIVIC CENTER, FLORENCE","imageUrl":null,"fovHalfAngle":180,"frequencies":[453.1375,453.325,458.1375,458.325],"lawEnforcement":false}},{"type":"Feature","geometry":{"type":"Point","coordinates":[-82.21977777777778,34.886833333333335]},"properties":{"id":"fcc/WPCP392/34.88683,-82.21978","kind":"radio","brand":"Other","rawBrand":"FCC ULS","name":"GREENVILLE SPARTANBURG AIRPORT DISTRICT (WPCP392)","operator":"GREENVILLE SPARTANBURG AIRPORT DISTRICT","directions":[],"omni":true,"zone":null,"purpose":"Public-safety radio transmitter — GREENVILLE SPARTANBURG AIRPORT DISTRICT, GREER","imageUrl":null,"fovHalfAngle":180,"frequencies":[153.785,154.01,154.4,154.8,156.225,158.925],"lawEnforcement":false}},{"type":"Feature","geometry":{"type":"Point","coordinates":[-80.84724999999999,34.72880555555556]},"properties":{"id":"fcc/WQFL673/34.72881,-80.84725","kind":"radio","brand":"Other","rawBrand":"FCC ULS","name":"South Carolina Aeronautics Commission - LKR (WQFL673)","operator":"South Carolina Aeronautics Commission - LKR","directions":[],"omni":true,"zone":null,"purpose":"Public-safety radio transmitter — South Carolina Aeronautics Commission - LKR, LANCASTER","imageUrl":null,"fovHalfAngle":180,"frequencies":[458.3875],"lawEnforcement":false}},{"type":"Feature","geometry":{"type":"Point","coordinates":[-80.86272222222222,34.72086111111111]},"properties":{"id":"fcc/WQFL673/34.72086,-80.86272","kind":"radio","brand":"Other","rawBrand":"FCC ULS","name":"South Carolina Aeronautics Commission - LKR (WQFL673)","operator":"South Carolina Aeronautics Commission - LKR","directions":[],"omni":true,"zone":null,"purpose":"Public-safety radio transmitter — South Carolina Aeronautics Commission - LKR, LANCASTER","imageUrl":null,"fovHalfAngle":180,"frequencies":[458.3875],"lawEnforcement":false}},{"type":"Feature","geometry":{"type":"Point","coordinates":[-82.38388888888889,34.753055555555555]},"properties":{"id":"fcc/WQHG820/34.75306,-82.38389","kind":"radio","brand":"Other","rawBrand":"FCC ULS","name":"South Carolina Aeronautics Commission (WQHG820)","operator":"South Carolina Aeronautics Commission","directions":[],"omni":true,"zone":null,"purpose":"Public-safety radio transmitter — South Carolina Aeronautics Commission, GREENVILLE","imageUrl":null,"fovHalfAngle":180,"frequencies":[451.9],"lawEnforcement":false}},{"type":"Feature","geometry":{"type":"Point","coordinates":[-82.375,34.756388888888885]},"properties":{"id":"fcc/WQHG820/34.75639,-82.37500","kind":"radio","brand":"Other","rawBrand":"FCC ULS","name":"South Carolina Aeronautics Commission (WQHG820)","operator":"South Carolina Aeronautics Commission","directions":[],"omni":true,"zone":null,"purpose":"Public-safety radio transmitter — South Carolina Aeronautics Commission, GREENVILLE","imageUrl":null,"fovHalfAngle":180,"frequencies":[451.9],"lawEnforcement":false}},{"type":"Feature","geometry":{"type":"Point","coordinates":[-81.6413888888889,34.30611111111111]},"properties":{"id":"fcc/WQHH262/34.30611,-81.64139","kind":"radio","brand":"Other","rawBrand":"FCC ULS","name":"South Carolina Aeronautics Commission (WQHH262)","operator":"South Carolina Aeronautics Commission","directions":[],"omni":true,"zone":null,"purpose":"Public-safety radio transmitter — South Carolina Aeronautics Commission, NEWBERRY","imageUrl":null,"fovHalfAngle":180,"frequencies":[451.625],"lawEnforcement":false}},{"type":"Feature","geometry":{"type":"Point","coordinates":[-81.6388888888889,34.308611111111105]},"properties":{"id":"fcc/WQHH262/34.30861,-81.63889","kind":"radio","brand":"Other","rawBrand":"FCC ULS","name":"South Carolina Aeronautics Commission (WQHH262)","operator":"South Carolina Aeronautics Commission","directions":[],"omni":true,"zone":null,"purpose":"Public-safety radio transmitter — South Carolina Aeronautics Commission, NEWBERRY","imageUrl":null,"fovHalfAngle":180,"frequencies":[451.625],"lawEnforcement":false}},{"type":"Feature","geometry":{"type":"Point","coordinates":[-81.97172222222223,34.93983333333333]},"properties":{"id":"fcc/WQJK582/34.93983,-81.97172","kind":"radio","brand":"Other","rawBrand":"FCC ULS","name":"Spartanburg County Communications / 9-1-1 (WQJK582)","operator":"Spartanburg County Communications / 9-1-1","directions":[],"omni":true,"zone":null,"purpose":"Public-safety radio transmitter — Spartanburg County Communications / 9-1-1, SPARTANBURG","imageUrl":null,"fovHalfAngle":180,"frequencies":[151.0025,156.045,2482.2],"lawEnforcement":false}},{"type":"Feature","geometry":{"type":"Point","coordinates":[-82.95552777777777,34.69911111111111]},"properties":{"id":"fcc/WQKC244/34.69911,-82.95553","kind":"radio","brand":"Other","rawBrand":"FCC ULS","name":"SENECA, CITY OF (WQKC244)","operator":"SENECA, CITY OF","directions":[],"omni":true,"zone":null,"purpose":"Public-safety radio transmitter — SENECA, CITY OF, SENECA","imageUrl":null,"fovHalfAngle":180,"frequencies":[460.3875,465.3875],"lawEnforcement":false}},{"type":"Feature","geometry":{"type":"Point","coordinates":[-82.64977777777779,34.501444444444445]},"properties":{"id":"fcc/WQKX287/34.50144,-82.64978","kind":"radio","brand":"Other","rawBrand":"FCC ULS","name":"ANDERSON POLICE DEPARTMENT (WQKX287)","operator":"ANDERSON POLICE DEPARTMENT","directions":[],"omni":true,"zone":null,"purpose":"Law-enforcement radio transmitter — ANDERSON POLICE DEPARTMENT, ANDERSON","imageUrl":null,"fovHalfAngle":180,"frequencies":[453.1625,458.1625],"lawEnforcement":true}},{"type":"Feature","geometry":{"type":"Point","coordinates":[-81.03497222222222,35.03330555555556]},"properties":{"id":"fcc/WQLB824/35.03331,-81.03497","kind":"radio","brand":"Other","rawBrand":"FCC ULS","name":"Charlotte-Mecklenburg Storm Water Services (WQLB824)","operator":"Charlotte-Mecklenburg Storm Water Services","directions":[],"omni":true,"zone":null,"purpose":"Public-safety radio transmitter — Charlotte-Mecklenburg Storm Water Services, Tega Cay","imageUrl":null,"fovHalfAngle":180,"frequencies":[406.125,406.175,412.6625,412.775],"lawEnforcement":false}},{"type":"Feature","geometry":{"type":"Point","coordinates":[-80.76597222222222,33.98397222222222]},"properties":{"id":"fcc/WNGV331/33.98397,-80.76597","kind":"radio","brand":"Other","rawBrand":"FCC ULS","name":"South Carolina Law Enforcement Division (SLED) (WNGV331)","operator":"South Carolina Law Enforcement Division (SLED)","directions":[],"omni":true,"zone":null,"purpose":"Law-enforcement radio transmitter — South Carolina Law Enforcement Division (SLED), HOPKINS","imageUrl":null,"fovHalfAngle":180,"frequencies":[154.665,159.06],"lawEnforcement":true}},{"type":"Feature","geometry":{"type":"Point","coordinates":[-83.09844444444444,34.881166666666665]},"properties":{"id":"fcc/WQNJ540/34.88117,-83.09844","kind":"radio","brand":"Other","rawBrand":"FCC ULS","name":"OCONEE, COUNTY OF (WQNJ540)","operator":"OCONEE, COUNTY OF","directions":[],"omni":true,"zone":null,"purpose":"Public-safety radio transmitter — OCONEE, COUNTY OF, WALHALLA","imageUrl":null,"fovHalfAngle":180,"frequencies":[460.0875,465.0875],"lawEnforcement":false}},{"type":"Feature","geometry":{"type":"Point","coordinates":[-82.98458333333333,34.69788888888888]},"properties":{"id":"fcc/WQNJ540/34.69789,-82.98458","kind":"radio","brand":"Other","rawBrand":"FCC ULS","name":"OCONEE, COUNTY OF (WQNJ540)","operator":"OCONEE, COUNTY OF","directions":[],"omni":true,"zone":null,"purpose":"Public-safety radio transmitter — OCONEE, COUNTY OF, SEVENA","imageUrl":null,"fovHalfAngle":180,"frequencies":[460.0875,465.0875],"lawEnforcement":false}},{"type":"Feature","geometry":{"type":"Point","coordinates":[-83.0705,34.76188888888889]},"properties":{"id":"fcc/WQNJ540/34.76189,-83.07050","kind":"radio","brand":"Other","rawBrand":"FCC ULS","name":"OCONEE, COUNTY OF (WQNJ540)","operator":"OCONEE, COUNTY OF","directions":[],"omni":true,"zone":null,"purpose":"Public-safety radio transmitter — OCONEE, COUNTY OF, WALHALLA","imageUrl":null,"fovHalfAngle":180,"frequencies":[460.0875,465.0875],"lawEnforcement":false}},{"type":"Feature","geometry":{"type":"Point","coordinates":[-79.97369444444445,33.72505555555556]},"properties":{"id":"fcc/WQPJ949/33.72506,-79.97369","kind":"radio","brand":"Other","rawBrand":"FCC ULS","name":"South Carolina Forestry Commission (WQPJ949)","operator":"South Carolina Forestry Commission","directions":[],"omni":true,"zone":null,"purpose":"Public-safety radio transmitter — South Carolina Forestry Commission, WORKMAN","imageUrl":null,"fovHalfAngle":180,"frequencies":[151.46,159.39],"lawEnforcement":false}},{"type":"Feature","geometry":{"type":"Point","coordinates":[-83.07044444444445,34.761916666666664]},"properties":{"id":"fcc/WQPM523/34.76192,-83.07044","kind":"radio","brand":"Other","rawBrand":"FCC ULS","name":"OCONEE, COUNTY OF (WQPM523)","operator":"OCONEE, COUNTY OF","directions":[],"omni":true,"zone":null,"purpose":"Public-safety radio transmitter — OCONEE, COUNTY OF, WALHALLA","imageUrl":null,"fovHalfAngle":180,"frequencies":[453.575,458.575],"lawEnforcement":false}},{"type":"Feature","geometry":{"type":"Point","coordinates":[-81.01272222222222,34.92219444444444]},"properties":{"id":"fcc/WQPM896/34.92219,-81.01272","kind":"radio","brand":"Other","rawBrand":"FCC ULS","name":"ROCK HILL, CITY OF (WQPM896)","operator":"ROCK HILL, CITY OF","directions":[],"omni":true,"zone":null,"purpose":"Public-safety radio transmitter — ROCK HILL, CITY OF, ROCK HILL","imageUrl":null,"fovHalfAngle":180,"frequencies":[453.15,453.325,453.625,458.15,458.625,460.05,460.2,460.375,460.5875,465.05,465.2,465.375,465.5875],"lawEnforcement":false}},{"type":"Feature","geometry":{"type":"Point","coordinates":[-81.07747222222221,34.974555555555554]},"properties":{"id":"fcc/WQPM896/34.97456,-81.07747","kind":"radio","brand":"Other","rawBrand":"FCC ULS","name":"ROCK HILL, CITY OF (WQPM896)","operator":"ROCK HILL, CITY OF","directions":[],"omni":true,"zone":null,"purpose":"Public-safety radio transmitter — ROCK HILL, CITY OF, ROCK HILL","imageUrl":null,"fovHalfAngle":180,"frequencies":[453.15,453.325,453.625,458.15,458.625,460.05,460.2,460.375,460.5875,465.05,465.2,465.375,465.5875],"lawEnforcement":false}},{"type":"Feature","geometry":{"type":"Point","coordinates":[-82.6828888888889,34.53380555555555]},"properties":{"id":"fcc/WQRF996/34.53381,-82.68289","kind":"radio","brand":"Other","rawBrand":"FCC ULS","name":"ANDERSON, COUNTY OF (WQRF996)","operator":"ANDERSON, COUNTY OF","directions":[],"omni":true,"zone":null,"purpose":"Public-safety radio transmitter — ANDERSON, COUNTY OF, ANDERSON","imageUrl":null,"fovHalfAngle":180,"frequencies":[453.2875,458.2875],"lawEnforcement":false}},{"type":"Feature","geometry":{"type":"Point","coordinates":[-80.05230555555555,32.92905555555555]},"properties":{"id":"fcc/WQFU345/32.92906,-80.05231","kind":"radio","brand":"Other","rawBrand":"FCC ULS","name":"NORTH CHARLESTON SEWER DISTRICT (WQFU345)","operator":"NORTH CHARLESTON SEWER DISTRICT","directions":[],"omni":true,"zone":null,"purpose":"Public-safety radio transmitter — NORTH CHARLESTON SEWER DISTRICT, NORTH CHARLESTON","imageUrl":null,"fovHalfAngle":180,"frequencies":[453.1,453.5875,458.1,458.5875],"lawEnforcement":false}},{"type":"Feature","geometry":{"type":"Point","coordinates":[-79.84055555555555,32.795833333333334]},"properties":{"id":"fcc/WQFU345/32.79583,-79.84056","kind":"radio","brand":"Other","rawBrand":"FCC ULS","name":"NORTH CHARLESTON SEWER DISTRICT (WQFU345)","operator":"NORTH CHARLESTON SEWER DISTRICT","directions":[],"omni":true,"zone":null,"purpose":"Public-safety radio transmitter — NORTH CHARLESTON SEWER DISTRICT, MOUNT PLEASANT","imageUrl":null,"fovHalfAngle":180,"frequencies":[453.1,453.5875,458.1,458.5875],"lawEnforcement":false}},{"type":"Feature","geometry":{"type":"Point","coordinates":[-81.02805555555555,34.00694444444444]},"properties":{"id":"fcc/WQSU205/34.00694,-81.02806","kind":"radio","brand":"Other","rawBrand":"FCC ULS","name":"University of South Carolina Division of Law Enforcement and Safety (WQSU205)","operator":"University of South Carolina Division of Law Enforcement and Safety","directions":[],"omni":true,"zone":null,"purpose":"Law-enforcement radio transmitter — University of South Carolina Division of Law Enforcement and Safety, COLUMBIA","imageUrl":null,"fovHalfAngle":180,"frequencies":[453.1625,458.1625,460.375,465.375],"lawEnforcement":true}},{"type":"Feature","geometry":{"type":"Point","coordinates":[-82.64652777777779,34.5115]},"properties":{"id":"fcc/WQSU722/34.51150,-82.64653","kind":"radio","brand":"Other","rawBrand":"FCC ULS","name":"AnMed Health (WQSU722)","operator":"AnMed Health","directions":[],"omni":true,"zone":null,"purpose":"Public-safety radio transmitter — AnMed Health, Anderson","imageUrl":null,"fovHalfAngle":180,"frequencies":[152.0075,155.235],"lawEnforcement":false}},{"type":"Feature","geometry":{"type":"Point","coordinates":[-82.64652777777779,34.54483333333333]},"properties":{"id":"fcc/WQSU722/34.54483,-82.64653","kind":"radio","brand":"Other","rawBrand":"FCC ULS","name":"AnMed Health (WQSU722)","operator":"AnMed Health","directions":[],"omni":true,"zone":null,"purpose":"Public-safety radio transmitter — AnMed Health, Anderson","imageUrl":null,"fovHalfAngle":180,"frequencies":[152.0075,155.235],"lawEnforcement":false}},{"type":"Feature","geometry":{"type":"Point","coordinates":[-80.18194444444445,34.74583333333334]},"properties":{"id":"fcc/WYV308/34.74583,-80.18194","kind":"radio","brand":"Other","rawBrand":"FCC ULS","name":"RUBY MOUNT CROGHAN VOLUNTEER FIRE DEPARTMENT INC (WYV308)","operator":"RUBY MOUNT CROGHAN VOLUNTEER FIRE DEPARTMENT INC","directions":[],"omni":true,"zone":null,"purpose":"Public-safety radio transmitter — RUBY MOUNT CROGHAN VOLUNTEER FIRE DEPARTMENT INC, RUBY","imageUrl":null,"fovHalfAngle":180,"frequencies":[153.74,153.8225,153.89,154.22,158.775,158.8275],"lawEnforcement":false}},{"type":"Feature","geometry":{"type":"Point","coordinates":[-82.6675,34.47222222222222]},"properties":{"id":"fcc/WXF759/34.47222,-82.66750","kind":"radio","brand":"Other","rawBrand":"FCC ULS","name":"MEDSHORE AMBULANCE SERVICE (WXF759)","operator":"MEDSHORE AMBULANCE SERVICE","directions":[],"omni":true,"zone":null,"purpose":"Public-safety radio transmitter — MEDSHORE AMBULANCE SERVICE, ANDERSON","imageUrl":null,"fovHalfAngle":180,"frequencies":[150.995,155.385],"lawEnforcement":false}},{"type":"Feature","geometry":{"type":"Point","coordinates":[-80.87308333333333,33.944916666666664]},"properties":{"id":"fcc/WQTE202/33.94492,-80.87308","kind":"radio","brand":"Other","rawBrand":"FCC ULS","name":"LOWER RICHLAND FIRE FIGHTERS ASSOCIATION (WQTE202)","operator":"LOWER RICHLAND FIRE FIGHTERS ASSOCIATION","directions":[],"omni":true,"zone":null,"purpose":"Public-safety radio transmitter — LOWER RICHLAND FIRE FIGHTERS ASSOCIATION, HOPKINS","imageUrl":null,"fovHalfAngle":180,"frequencies":[44.72,46.42,46.46],"lawEnforcement":false}},{"type":"Feature","geometry":{"type":"Point","coordinates":[-80.77661111111111,33.91922222222222]},"properties":{"id":"fcc/WQTE202/33.91922,-80.77661","kind":"radio","brand":"Other","rawBrand":"FCC ULS","name":"LOWER RICHLAND FIRE FIGHTERS ASSOCIATION (WQTE202)","operator":"LOWER RICHLAND FIRE FIGHTERS ASSOCIATION","directions":[],"omni":true,"zone":null,"purpose":"Public-safety radio transmitter — LOWER RICHLAND FIRE FIGHTERS ASSOCIATION, EASTOVER","imageUrl":null,"fovHalfAngle":180,"frequencies":[44.72,46.42,46.46],"lawEnforcement":false}},{"type":"Feature","geometry":{"type":"Point","coordinates":[-80.85541666666666,33.49330555555556]},"properties":{"id":"fcc/WRVM738/33.49331,-80.85542","kind":"radio","brand":"Other","rawBrand":"FCC ULS","name":"Guardian Angels Medical Transportation LLC (WRVM738)","operator":"Guardian Angels Medical Transportation LLC","directions":[],"omni":true,"zone":null,"purpose":"Public-safety radio transmitter — Guardian Angels Medical Transportation LLC, ORANGEBURG","imageUrl":null,"fovHalfAngle":180,"frequencies":[155.34],"lawEnforcement":false}},{"type":"Feature","geometry":{"type":"Point","coordinates":[-79.1258611111111,33.82555555555556]},"properties":{"id":"fcc/WRXI686/33.82556,-79.12586","kind":"radio","brand":"Other","rawBrand":"FCC ULS","name":"S.C. AERONAUTICS COMMISSION (WRXI686)","operator":"S.C. AERONAUTICS COMMISSION","directions":[],"omni":true,"zone":null,"purpose":"Public-safety radio transmitter — S.C. AERONAUTICS COMMISSION, CONWAY","imageUrl":null,"fovHalfAngle":180,"frequencies":[460.5125],"lawEnforcement":false}},{"type":"Feature","geometry":{"type":"Point","coordinates":[-79.12374999999999,33.82897222222223]},"properties":{"id":"fcc/WRXI686/33.82897,-79.12375","kind":"radio","brand":"Other","rawBrand":"FCC ULS","name":"S.C. AERONAUTICS COMMISSION (WRXI686)","operator":"S.C. AERONAUTICS COMMISSION","directions":[],"omni":true,"zone":null,"purpose":"Public-safety radio transmitter — S.C. AERONAUTICS COMMISSION, CONWAY","imageUrl":null,"fovHalfAngle":180,"frequencies":[460.5125],"lawEnforcement":false}},{"type":"Feature","geometry":{"type":"Point","coordinates":[-81.58944444444444,35.04666666666667]},"properties":{"id":"fcc/WNFB273/35.04667,-81.58944","kind":"radio","brand":"Other","rawBrand":"FCC ULS","name":"CHEROKEE, COUNTY OF (WNFB273)","operator":"CHEROKEE, COUNTY OF","directions":[],"omni":true,"zone":null,"purpose":"Public-safety radio transmitter — CHEROKEE, COUNTY OF, GAFFNEY","imageUrl":null,"fovHalfAngle":180,"frequencies":[153.845,155.49,453.75,458.75],"lawEnforcement":false}},{"type":"Feature","geometry":{"type":"Point","coordinates":[-80.15805555555556,34.614444444444445]},"properties":{"id":"fcc/WYV308/34.61444,-80.15806","kind":"radio","brand":"Other","rawBrand":"FCC ULS","name":"RUBY MOUNT CROGHAN VOLUNTEER FIRE DEPARTMENT INC (WYV308)","operator":"RUBY MOUNT CROGHAN VOLUNTEER FIRE DEPARTMENT INC","directions":[],"omni":true,"zone":null,"purpose":"Public-safety radio transmitter — RUBY MOUNT CROGHAN VOLUNTEER FIRE DEPARTMENT INC, Patrick","imageUrl":null,"fovHalfAngle":180,"frequencies":[153.74,153.8225,153.89,154.22,158.775,158.8275],"lawEnforcement":false}},{"type":"Feature","geometry":{"type":"Point","coordinates":[-79.73538888888889,34.62277777777778]},"properties":{"id":"fcc/WSDT398/34.62278,-79.73539","kind":"radio","brand":"Other","rawBrand":"FCC ULS","name":"SOUTH CAROLINA AERONAUTICS COMMISSION (WSDT398)","operator":"SOUTH CAROLINA AERONAUTICS COMMISSION","directions":[],"omni":true,"zone":null,"purpose":"Public-safety radio transmitter — SOUTH CAROLINA AERONAUTICS COMMISSION, BENNETTSVILLE","imageUrl":null,"fovHalfAngle":180,"frequencies":[453.1125],"lawEnforcement":false}},{"type":"Feature","geometry":{"type":"Point","coordinates":[-79.73269444444445,34.620805555555556]},"properties":{"id":"fcc/WSDT398/34.62081,-79.73269","kind":"radio","brand":"Other","rawBrand":"FCC ULS","name":"SOUTH CAROLINA AERONAUTICS COMMISSION (WSDT398)","operator":"SOUTH CAROLINA AERONAUTICS COMMISSION","directions":[],"omni":true,"zone":null,"purpose":"Public-safety radio transmitter — SOUTH CAROLINA AERONAUTICS COMMISSION, BENNETTSVILLE","imageUrl":null,"fovHalfAngle":180,"frequencies":[453.1125],"lawEnforcement":false}},{"type":"Feature","geometry":{"type":"Point","coordinates":[-81.387,33.26005555555555]},"properties":{"id":"fcc/WSDT401/33.26006,-81.38700","kind":"radio","brand":"Other","rawBrand":"FCC ULS","name":"SOUTH CAROLINA AERONAUTICS COMMISSION (WSDT401)","operator":"SOUTH CAROLINA AERONAUTICS COMMISSION","directions":[],"omni":true,"zone":null,"purpose":"Public-safety radio transmitter — SOUTH CAROLINA AERONAUTICS COMMISSION, BARNWELL","imageUrl":null,"fovHalfAngle":180,"frequencies":[453.0875],"lawEnforcement":false}},{"type":"Feature","geometry":{"type":"Point","coordinates":[-81.38097222222221,33.26]},"properties":{"id":"fcc/WSDT401/33.26000,-81.38097","kind":"radio","brand":"Other","rawBrand":"FCC ULS","name":"SOUTH CAROLINA AERONAUTICS COMMISSION (WSDT401)","operator":"SOUTH CAROLINA AERONAUTICS COMMISSION","directions":[],"omni":true,"zone":null,"purpose":"Public-safety radio transmitter — SOUTH CAROLINA AERONAUTICS COMMISSION, BARNWELL","imageUrl":null,"fovHalfAngle":180,"frequencies":[453.0875],"lawEnforcement":false}},{"type":"Feature","geometry":{"type":"Point","coordinates":[-82.40041666666667,34.848305555555555]},"properties":{"id":"fcc/WQPB888/34.84831,-82.40042","kind":"radio","brand":"Other","rawBrand":"FCC ULS","name":"Greenville City PD (WQPB888)","operator":"Greenville City PD","directions":[],"omni":true,"zone":null,"purpose":"Public-safety radio transmitter — Greenville City PD, GREENVILLE","imageUrl":null,"fovHalfAngle":180,"frequencies":[453.3125,453.6375,453.8125,458.3125,458.6375,458.8125,460.1875,460.4375,460.6375,465.1875,465.4375,465.6375],"lawEnforcement":false}},{"type":"Feature","geometry":{"type":"Point","coordinates":[-79.33,34.3675]},"properties":{"id":"fcc/WSIG418/34.36750,-79.33000","kind":"radio","brand":"Other","rawBrand":"FCC ULS","name":"DILLON COUNTY AMBULANCE SERVICE (WSIG418)","operator":"DILLON COUNTY AMBULANCE SERVICE","directions":[],"omni":true,"zone":null,"purpose":"Public-safety radio transmitter — DILLON COUNTY AMBULANCE SERVICE, FLOYD DALE","imageUrl":null,"fovHalfAngle":180,"frequencies":[153.845,155.655],"lawEnforcement":false}},{"type":"Feature","geometry":{"type":"Point","coordinates":[-80.76591666666667,33.98405555555556]},"properties":{"id":"fcc/WQTE202/33.98406,-80.76592","kind":"radio","brand":"Other","rawBrand":"FCC ULS","name":"LOWER RICHLAND FIRE FIGHTERS ASSOCIATION (WQTE202)","operator":"LOWER RICHLAND FIRE FIGHTERS ASSOCIATION","directions":[],"omni":true,"zone":null,"purpose":"Public-safety radio transmitter — LOWER RICHLAND FIRE FIGHTERS ASSOCIATION, Hopkins","imageUrl":null,"fovHalfAngle":180,"frequencies":[44.72,46.42,46.46],"lawEnforcement":false}},{"type":"Feature","geometry":{"type":"Point","coordinates":[-80.3953888888889,34.77177777777778]},"properties":{"id":"fcc/KON299/34.77178,-80.39539","kind":"radio","brand":"Other","rawBrand":"FCC ULS","name":"CHESTERFIELD, COUNTY OF (KON299)","operator":"CHESTERFIELD, COUNTY OF","directions":[],"omni":true,"zone":null,"purpose":"Public-safety radio transmitter — CHESTERFIELD, COUNTY OF, PAGELAND","imageUrl":null,"fovHalfAngle":180,"frequencies":[150.79,153.965,154.1075,155.25,158.8425,158.88,159,460.35,465.35],"lawEnforcement":false}},{"type":"Feature","geometry":{"type":"Point","coordinates":[-80.25791666666667,34.467333333333336]},"properties":{"id":"fcc/KON299/34.46733,-80.25792","kind":"radio","brand":"Other","rawBrand":"FCC ULS","name":"CHESTERFIELD, COUNTY OF (KON299)","operator":"CHESTERFIELD, COUNTY OF","directions":[],"omni":true,"zone":null,"purpose":"Public-safety radio transmitter — CHESTERFIELD, COUNTY OF, MCBEE","imageUrl":null,"fovHalfAngle":180,"frequencies":[150.79,153.965,154.1075,155.25,158.8425,158.88,159,460.35,465.35],"lawEnforcement":false}},{"type":"Feature","geometry":{"type":"Point","coordinates":[-80.35527777777777,33.93333333333333]},"properties":{"id":"fcc/WSJU705/33.93333,-80.35528","kind":"radio","brand":"Other","rawBrand":"FCC ULS","name":"TUOMEY HEALTHCARE SYSTEM (WSJU705)","operator":"TUOMEY HEALTHCARE SYSTEM","directions":[],"omni":true,"zone":null,"purpose":"Public-safety radio transmitter — TUOMEY HEALTHCARE SYSTEM, SUMTER","imageUrl":null,"fovHalfAngle":180,"frequencies":[453.75,458.75],"lawEnforcement":false}},{"type":"Feature","geometry":{"type":"Point","coordinates":[-80.94508333333334,35.07822222222222]},"properties":{"id":"fcc/WSKD539/35.07822,-80.94508","kind":"radio","brand":"Other","rawBrand":"FCC ULS","name":"YORK, COUNTY OF (WSKD539)","operator":"YORK, COUNTY OF","directions":[],"omni":true,"zone":null,"purpose":"Public-safety radio transmitter — YORK, COUNTY OF, Fort Mill","imageUrl":null,"fovHalfAngle":180,"frequencies":[453.225],"lawEnforcement":false}},{"type":"Feature","geometry":{"type":"Point","coordinates":[-81.41241666666667,34.97394444444445]},"properties":{"id":"fcc/WSKD539/34.97394,-81.41242","kind":"radio","brand":"Other","rawBrand":"FCC ULS","name":"YORK, COUNTY OF (WSKD539)","operator":"YORK, COUNTY OF","directions":[],"omni":true,"zone":null,"purpose":"Public-safety radio transmitter — YORK, COUNTY OF, Hickory Grove","imageUrl":null,"fovHalfAngle":180,"frequencies":[453.225],"lawEnforcement":false}},{"type":"Feature","geometry":{"type":"Point","coordinates":[-81.15,35.08719444444445]},"properties":{"id":"fcc/WSKD539/35.08719,-81.15000","kind":"radio","brand":"Other","rawBrand":"FCC ULS","name":"YORK, COUNTY OF (WSKD539)","operator":"YORK, COUNTY OF","directions":[],"omni":true,"zone":null,"purpose":"Public-safety radio transmitter — YORK, COUNTY OF, York","imageUrl":null,"fovHalfAngle":180,"frequencies":[453.225],"lawEnforcement":false}},{"type":"Feature","geometry":{"type":"Point","coordinates":[-81.10419444444445,35.00630555555556]},"properties":{"id":"fcc/WSKD539/35.00631,-81.10419","kind":"radio","brand":"Other","rawBrand":"FCC ULS","name":"YORK, COUNTY OF (WSKD539)","operator":"YORK, COUNTY OF","directions":[],"omni":true,"zone":null,"purpose":"Public-safety radio transmitter — YORK, COUNTY OF, Rock Hill","imageUrl":null,"fovHalfAngle":180,"frequencies":[453.225],"lawEnforcement":false}},{"type":"Feature","geometry":{"type":"Point","coordinates":[-80.9593888888889,34.89125]},"properties":{"id":"fcc/WSKD539/34.89125,-80.95939","kind":"radio","brand":"Other","rawBrand":"FCC ULS","name":"YORK, COUNTY OF (WSKD539)","operator":"YORK, COUNTY OF","directions":[],"omni":true,"zone":null,"purpose":"Public-safety radio transmitter — YORK, COUNTY OF, Rock Hill","imageUrl":null,"fovHalfAngle":180,"frequencies":[453.225],"lawEnforcement":false}},{"type":"Feature","geometry":{"type":"Point","coordinates":[-81.27455555555555,35.12983333333333]},"properties":{"id":"fcc/WSKD539/35.12983,-81.27456","kind":"radio","brand":"Other","rawBrand":"FCC ULS","name":"YORK, COUNTY OF (WSKD539)","operator":"YORK, COUNTY OF","directions":[],"omni":true,"zone":null,"purpose":"Public-safety radio transmitter — YORK, COUNTY OF, CLOVER","imageUrl":null,"fovHalfAngle":180,"frequencies":[453.225],"lawEnforcement":false}},{"type":"Feature","geometry":{"type":"Point","coordinates":[-82.46469444444445,34.64672222222222]},"properties":{"id":"fcc/WSKK986/34.64672,-82.46469","kind":"radio","brand":"Other","rawBrand":"FCC ULS","name":"PELZER RESCUE SQUAD (WSKK986)","operator":"PELZER RESCUE SQUAD","directions":[],"omni":true,"zone":null,"purpose":"Public-safety radio transmitter — PELZER RESCUE SQUAD, PELZER","imageUrl":null,"fovHalfAngle":180,"frequencies":[155.22],"lawEnforcement":false}},{"type":"Feature","geometry":{"type":"Point","coordinates":[-81.63591666666667,34.759]},"properties":{"id":"fcc/WQXN545/34.75900,-81.63592","kind":"radio","brand":"Other","rawBrand":"FCC ULS","name":"UNION, COUNTY OF (WQXN545)","operator":"UNION, COUNTY OF","directions":[],"omni":true,"zone":null,"purpose":"Public-safety radio transmitter — UNION, COUNTY OF, UNION","imageUrl":null,"fovHalfAngle":180,"frequencies":[150.775,155.175,155.34],"lawEnforcement":false}},{"type":"Feature","geometry":{"type":"Point","coordinates":[-81.62899999999999,34.71216666666667]},"properties":{"id":"fcc/WQXN545/34.71217,-81.62900","kind":"radio","brand":"Other","rawBrand":"FCC ULS","name":"UNION, COUNTY OF (WQXN545)","operator":"UNION, COUNTY OF","directions":[],"omni":true,"zone":null,"purpose":"Public-safety radio transmitter — UNION, COUNTY OF, UNION","imageUrl":null,"fovHalfAngle":180,"frequencies":[150.775,155.175,155.34],"lawEnforcement":false}},{"type":"Feature","geometry":{"type":"Point","coordinates":[-82.64652777777779,34.5115]},"properties":{"id":"fcc/WSKN297/34.51150,-82.64653","kind":"radio","brand":"Other","rawBrand":"FCC ULS","name":"ANDERSON, COUNTY OF (WSKN297)","operator":"ANDERSON, COUNTY OF","directions":[],"omni":true,"zone":null,"purpose":"Public-safety radio transmitter — ANDERSON, COUNTY OF, ANDERSON","imageUrl":null,"fovHalfAngle":180,"frequencies":[154.83,155.565],"lawEnforcement":false}},{"type":"Feature","geometry":{"type":"Point","coordinates":[-80.5358611111111,33.848222222222226]},"properties":{"id":"fcc/WNST609/33.84822,-80.53586","kind":"radio","brand":"Other","rawBrand":"FCC ULS","name":"SUMTER, CITY & COUNTY OF (WNST609)","operator":"SUMTER, CITY & COUNTY OF","directions":[],"omni":true,"zone":null,"purpose":"Public-safety radio transmitter — SUMTER, CITY & COUNTY OF, SUMTER (COUNTY)","imageUrl":null,"fovHalfAngle":180,"frequencies":[154.845,159.03],"lawEnforcement":false}},{"type":"Feature","geometry":{"type":"Point","coordinates":[-80.12455555555555,33.94286111111111]},"properties":{"id":"fcc/WNST609/33.94286,-80.12456","kind":"radio","brand":"Other","rawBrand":"FCC ULS","name":"SUMTER, CITY & COUNTY OF (WNST609)","operator":"SUMTER, CITY & COUNTY OF","directions":[],"omni":true,"zone":null,"purpose":"Public-safety radio transmitter — SUMTER, CITY & COUNTY OF, MAYSVILLE","imageUrl":null,"fovHalfAngle":180,"frequencies":[154.845,159.03],"lawEnforcement":false}},{"type":"Feature","geometry":{"type":"Point","coordinates":[-80.51966666666667,33.996972222222226]},"properties":{"id":"fcc/WNST609/33.99697,-80.51967","kind":"radio","brand":"Other","rawBrand":"FCC ULS","name":"SUMTER, CITY & COUNTY OF (WNST609)","operator":"SUMTER, CITY & COUNTY OF","directions":[],"omni":true,"zone":null,"purpose":"Public-safety radio transmitter — SUMTER, CITY & COUNTY OF, SUMTER","imageUrl":null,"fovHalfAngle":180,"frequencies":[154.845,159.03],"lawEnforcement":false}},{"type":"Feature","geometry":{"type":"Point","coordinates":[-79.94786111111111,32.78572222222222]},"properties":{"id":"fcc/WSKX581/32.78572,-79.94786","kind":"radio","brand":"Other","rawBrand":"FCC ULS","name":"MEDICAL UNIVERSITY OF SC (WSKX581)","operator":"MEDICAL UNIVERSITY OF SC","directions":[],"omni":true,"zone":null,"purpose":"Public-safety radio transmitter — MEDICAL UNIVERSITY OF SC, CHARLESTON","imageUrl":null,"fovHalfAngle":180,"frequencies":[453.075,453.3125,458.075],"lawEnforcement":false}},{"type":"Feature","geometry":{"type":"Point","coordinates":[-82.70236111111112,34.87122222222222]},"properties":{"id":"fcc/KQF653/34.87122,-82.70236","kind":"radio","brand":"Other","rawBrand":"FCC ULS","name":"PICKENS, COUNTY OF (KQF653)","operator":"PICKENS, COUNTY OF","directions":[],"omni":true,"zone":null,"purpose":"Public-safety radio transmitter — PICKENS, COUNTY OF, PICKENS","imageUrl":null,"fovHalfAngle":180,"frequencies":[153.995,155.115],"lawEnforcement":false}},{"type":"Feature","geometry":{"type":"Point","coordinates":[-82.75588888888889,34.86947222222222]},"properties":{"id":"fcc/KQF653/34.86947,-82.75589","kind":"radio","brand":"Other","rawBrand":"FCC ULS","name":"PICKENS, COUNTY OF (KQF653)","operator":"PICKENS, COUNTY OF","directions":[],"omni":true,"zone":null,"purpose":"Public-safety radio transmitter — PICKENS, COUNTY OF, PICKENS","imageUrl":null,"fovHalfAngle":180,"frequencies":[153.995,155.115],"lawEnforcement":false}},{"type":"Feature","geometry":{"type":"Point","coordinates":[-82.70966666666666,34.869305555555556]},"properties":{"id":"fcc/KQF653/34.86931,-82.70967","kind":"radio","brand":"Other","rawBrand":"FCC ULS","name":"PICKENS, COUNTY OF (KQF653)","operator":"PICKENS, COUNTY OF","directions":[],"omni":true,"zone":null,"purpose":"Public-safety radio transmitter — PICKENS, COUNTY OF, PICKENS","imageUrl":null,"fovHalfAngle":180,"frequencies":[153.995,155.115],"lawEnforcement":false}},{"type":"Feature","geometry":{"type":"Point","coordinates":[-81.01272222222222,34.92222222222222]},"properties":{"id":"fcc/WQPM896/34.92222,-81.01272","kind":"radio","brand":"Other","rawBrand":"FCC ULS","name":"ROCK HILL, CITY OF (WQPM896)","operator":"ROCK HILL, CITY OF","directions":[],"omni":true,"zone":null,"purpose":"Public-safety radio transmitter — ROCK HILL, CITY OF, ROCK HILL","imageUrl":null,"fovHalfAngle":180,"frequencies":[453.15,453.325,453.625,458.15,458.625,460.05,460.2,460.375,460.5875,465.05,465.2,465.375,465.5875],"lawEnforcement":false}},{"type":"Feature","geometry":{"type":"Point","coordinates":[-82.013,34.96]},"properties":{"id":"fcc/WRCM489/34.96000,-82.01300","kind":"radio","brand":"Other","rawBrand":"FCC ULS","name":"SPARTANBURG COUNTY SCHOOL DISTRICT 6, TRANSPORTATION (WRCM489)","operator":"SPARTANBURG COUNTY SCHOOL DISTRICT 6, TRANSPORTATION","directions":[],"omni":true,"zone":null,"purpose":"Public-safety radio transmitter — SPARTANBURG COUNTY SCHOOL DISTRICT 6, TRANSPORTATION, SPARTANBURG","imageUrl":null,"fovHalfAngle":180,"frequencies":[460.0375,465.0375],"lawEnforcement":false}},{"type":"Feature","geometry":{"type":"Point","coordinates":[-81.96061111111112,34.89236111111111]},"properties":{"id":"fcc/WRCM489/34.89236,-81.96061","kind":"radio","brand":"Other","rawBrand":"FCC ULS","name":"SPARTANBURG COUNTY SCHOOL DISTRICT 6, TRANSPORTATION (WRCM489)","operator":"SPARTANBURG COUNTY SCHOOL DISTRICT 6, TRANSPORTATION","directions":[],"omni":true,"zone":null,"purpose":"Public-safety radio transmitter — SPARTANBURG COUNTY SCHOOL DISTRICT 6, TRANSPORTATION, ROEBUCK","imageUrl":null,"fovHalfAngle":180,"frequencies":[460.0375,465.0375],"lawEnforcement":false}},{"type":"Feature","geometry":{"type":"Point","coordinates":[-80.42,32.92638888888889]},"properties":{"id":"fcc/WSMM803/32.92639,-80.42000","kind":"radio","brand":"Other","rawBrand":"FCC ULS","name":"South Carolina Forestry Commission (WSMM803)","operator":"South Carolina Forestry Commission","directions":[],"omni":true,"zone":null,"purpose":"Public-safety radio transmitter — South Carolina Forestry Commission, COTTAGEVILLE","imageUrl":null,"fovHalfAngle":180,"frequencies":[159.27,159.3,159.345,159.405],"lawEnforcement":false}},{"type":"Feature","geometry":{"type":"Point","coordinates":[-82.17969444444445,33.661027777777775]},"properties":{"id":"fcc/WRZD292/33.66103,-82.17969","kind":"radio","brand":"Other","rawBrand":"FCC ULS","name":"Edgefield County Sheriffs Department (WRZD292)","operator":"Edgefield County Sheriffs Department","directions":[],"omni":true,"zone":null,"purpose":"Public-safety radio transmitter — Edgefield County Sheriffs Department, CLARKSHILL","imageUrl":null,"fovHalfAngle":180,"frequencies":[453.1625,453.1875,453.2,453.25,453.3875,453.4875,453.5125,453.5375,453.6625,453.7,453.775,453.8375,458.1625,458.1875,458.2,458.25,458.3875,458.4875,458.5125,458.5375,458.6625,458.7,458.775,458.8375,460.025,460.075,460.125,460.225,460.2375,460.2625,460.375,460.3875,460.4125,460.4625,460.575,460.6125,460.625,465.025,465.075,465.125],"lawEnforcement":false}},{"type":"Feature","geometry":{"type":"Point","coordinates":[-81.99575,33.875083333333336]},"properties":{"id":"fcc/WRZD292/33.87508,-81.99575","kind":"radio","brand":"Other","rawBrand":"FCC ULS","name":"Edgefield County Sheriffs Department (WRZD292)","operator":"Edgefield County Sheriffs Department","directions":[],"omni":true,"zone":null,"purpose":"Public-safety radio transmitter — Edgefield County Sheriffs Department, Edgefield","imageUrl":null,"fovHalfAngle":180,"frequencies":[453.1625,453.1875,453.2,453.25,453.3875,453.4875,453.5125,453.5375,453.6625,453.7,453.775,453.8375,458.1625,458.1875,458.2,458.25,458.3875,458.4875,458.5125,458.5375,458.6625,458.7,458.775,458.8375,460.025,460.075,460.125,460.225,460.2375,460.2625,460.375,460.3875,460.4125,460.4625,460.575,460.6125,460.625,465.025,465.075,465.125],"lawEnforcement":false}},{"type":"Feature","geometry":{"type":"Point","coordinates":[-81.84516666666666,33.75538888888889]},"properties":{"id":"fcc/WRZD292/33.75539,-81.84517","kind":"radio","brand":"Other","rawBrand":"FCC ULS","name":"Edgefield County Sheriffs Department (WRZD292)","operator":"Edgefield County Sheriffs Department","directions":[],"omni":true,"zone":null,"purpose":"Public-safety radio transmitter — Edgefield County Sheriffs Department, TRENTON","imageUrl":null,"fovHalfAngle":180,"frequencies":[453.1625,453.1875,453.2,453.25,453.3875,453.4875,453.5125,453.5375,453.6625,453.7,453.775,453.8375,458.1625,458.1875,458.2,458.25,458.3875,458.4875,458.5125,458.5375,458.6625,458.7,458.775,458.8375,460.025,460.075,460.125,460.225,460.2375,460.2625,460.375,460.3875,460.4125,460.4625,460.575,460.6125,460.625,465.025,465.075,465.125],"lawEnforcement":false}},{"type":"Feature","geometry":{"type":"Point","coordinates":[-81.94161111111111,33.61152777777778]},"properties":{"id":"fcc/WRZD292/33.61153,-81.94161","kind":"radio","brand":"Other","rawBrand":"FCC ULS","name":"Edgefield County Sheriffs Department (WRZD292)","operator":"Edgefield County Sheriffs Department","directions":[],"omni":true,"zone":null,"purpose":"Public-safety radio transmitter — Edgefield County Sheriffs Department, MERIWETHER DIVISION","imageUrl":null,"fovHalfAngle":180,"frequencies":[453.1625,453.1875,453.2,453.25,453.3875,453.4875,453.5125,453.5375,453.6625,453.7,453.775,453.8375,458.1625,458.1875,458.2,458.25,458.3875,458.4875,458.5125,458.5375,458.6625,458.7,458.775,458.8375,460.025,460.075,460.125,460.225,460.2375,460.2625,460.375,460.3875,460.4125,460.4625,460.575,460.6125,460.625,465.025,465.075,465.125],"lawEnforcement":false}},{"type":"Feature","geometry":{"type":"Point","coordinates":[-81.01972222222223,33.82713888888889]},"properties":{"id":"fcc/WSMX658/33.82714,-81.01972","kind":"radio","brand":"Other","rawBrand":"FCC ULS","name":"CALHOUN, COUNTY OF (WSMX658)","operator":"CALHOUN, COUNTY OF","directions":[],"omni":true,"zone":null,"purpose":"Public-safety radio transmitter — CALHOUN, COUNTY OF, GASTON","imageUrl":null,"fovHalfAngle":180,"frequencies":[153.995,156.195],"lawEnforcement":false}},{"type":"Feature","geometry":{"type":"Point","coordinates":[-81.97502777777778,35.0045]},"properties":{"id":"fcc/WRHT253/35.00450,-81.97503","kind":"radio","brand":"Other","rawBrand":"FCC ULS","name":"USC/Upstate--University of South Carolina Upstate (WRHT253)","operator":"USC/Upstate--University of South Carolina Upstate","directions":[],"omni":true,"zone":null,"purpose":"Public-safety radio transmitter — USC/Upstate--University of South Carolina Upstate, Spartanburg","imageUrl":null,"fovHalfAngle":180,"frequencies":[453.775,458.775],"lawEnforcement":false}},{"type":"Feature","geometry":{"type":"Point","coordinates":[-81.97038888888889,35.00147222222222]},"properties":{"id":"fcc/WRHT253/35.00147,-81.97039","kind":"radio","brand":"Other","rawBrand":"FCC ULS","name":"USC/Upstate--University of South Carolina Upstate (WRHT253)","operator":"USC/Upstate--University of South Carolina Upstate","directions":[],"omni":true,"zone":null,"purpose":"Public-safety radio transmitter — USC/Upstate--University of South Carolina Upstate, Spartanburg","imageUrl":null,"fovHalfAngle":180,"frequencies":[453.775,458.775],"lawEnforcement":false}},{"type":"Feature","geometry":{"type":"Point","coordinates":[-81.97055555555556,34.99622222222222]},"properties":{"id":"fcc/WRHT253/34.99622,-81.97056","kind":"radio","brand":"Other","rawBrand":"FCC ULS","name":"USC/Upstate--University of South Carolina Upstate (WRHT253)","operator":"USC/Upstate--University of South Carolina Upstate","directions":[],"omni":true,"zone":null,"purpose":"Public-safety radio transmitter — USC/Upstate--University of South Carolina Upstate, Spartanburg","imageUrl":null,"fovHalfAngle":180,"frequencies":[453.775,458.775],"lawEnforcement":false}},{"type":"Feature","geometry":{"type":"Point","coordinates":[-81.97552777777778,34.99986111111111]},"properties":{"id":"fcc/WRHT253/34.99986,-81.97553","kind":"radio","brand":"Other","rawBrand":"FCC ULS","name":"USC/Upstate--University of South Carolina Upstate (WRHT253)","operator":"USC/Upstate--University of South Carolina Upstate","directions":[],"omni":true,"zone":null,"purpose":"Public-safety radio transmitter — USC/Upstate--University of South Carolina Upstate, Spartanburg","imageUrl":null,"fovHalfAngle":180,"frequencies":[453.775,458.775],"lawEnforcement":false}},{"type":"Feature","geometry":{"type":"Point","coordinates":[-79.88283333333332,34.68988888888889]},"properties":{"id":"fcc/KON299/34.68989,-79.88283","kind":"radio","brand":"Other","rawBrand":"FCC ULS","name":"CHESTERFIELD, COUNTY OF (KON299)","operator":"CHESTERFIELD, COUNTY OF","directions":[],"omni":true,"zone":null,"purpose":"Public-safety radio transmitter — CHESTERFIELD, COUNTY OF, CHERAW","imageUrl":null,"fovHalfAngle":180,"frequencies":[150.79,153.965,154.1075,155.25,158.8425,158.88,159,460.35,465.35],"lawEnforcement":false}},{"type":"Feature","geometry":{"type":"Point","coordinates":[-81.89019444444445,33.79391666666667]},"properties":{"id":"fcc/WNRO386/33.79392,-81.89019","kind":"radio","brand":"Other","rawBrand":"FCC ULS","name":"EDGEFIELD, COUNTY OF (WNRO386)","operator":"EDGEFIELD, COUNTY OF","directions":[],"omni":true,"zone":null,"purpose":"Public-safety radio transmitter — EDGEFIELD, COUNTY OF, EDGEFIELD","imageUrl":null,"fovHalfAngle":180,"frequencies":[154.07,154.415],"lawEnforcement":false}},{"type":"Feature","geometry":{"type":"Point","coordinates":[-81.93094444444445,33.78958333333333]},"properties":{"id":"fcc/WNRO386/33.78958,-81.93094","kind":"radio","brand":"Other","rawBrand":"FCC ULS","name":"EDGEFIELD, COUNTY OF (WNRO386)","operator":"EDGEFIELD, COUNTY OF","directions":[],"omni":true,"zone":null,"purpose":"Public-safety radio transmitter — EDGEFIELD, COUNTY OF, EDGEFIELD","imageUrl":null,"fovHalfAngle":180,"frequencies":[154.07,154.415],"lawEnforcement":false}},{"type":"Feature","geometry":{"type":"Point","coordinates":[-81.94075000000001,33.592000000000006]},"properties":{"id":"fcc/WNRO386/33.59200,-81.94075","kind":"radio","brand":"Other","rawBrand":"FCC ULS","name":"EDGEFIELD, COUNTY OF (WNRO386)","operator":"EDGEFIELD, COUNTY OF","directions":[],"omni":true,"zone":null,"purpose":"Public-safety radio transmitter — EDGEFIELD, COUNTY OF, EDGEFIELD","imageUrl":null,"fovHalfAngle":180,"frequencies":[154.07,154.415],"lawEnforcement":false}},{"type":"Feature","geometry":{"type":"Point","coordinates":[-83.06738888888889,34.76730555555555]},"properties":{"id":"fcc/WNSN313/34.76731,-83.06739","kind":"radio","brand":"Other","rawBrand":"FCC ULS","name":"OCONEE, COUNTY OF (WNSN313)","operator":"OCONEE, COUNTY OF","directions":[],"omni":true,"zone":null,"purpose":"Public-safety radio transmitter — OCONEE, COUNTY OF, WALHALLA","imageUrl":null,"fovHalfAngle":180,"frequencies":[154.13],"lawEnforcement":false}},{"type":"Feature","geometry":{"type":"Point","coordinates":[-82.42288888888889,34.853722222222224]},"properties":{"id":"fcc/WPKZ343/34.85372,-82.42289","kind":"radio","brand":"Other","rawBrand":"FCC ULS","name":"Greenville, City Of (WPKZ343)","operator":"Greenville, City Of","directions":[],"omni":true,"zone":null,"purpose":"Public-safety radio transmitter — Greenville, City Of, GREENVILLE","imageUrl":null,"fovHalfAngle":180,"frequencies":[453.125,458.125],"lawEnforcement":false}},{"type":"Feature","geometry":{"type":"Point","coordinates":[-81.12119444444444,33.93930555555555]},"properties":{"id":"fcc/WNUX713/33.93931,-81.12119","kind":"radio","brand":"Other","rawBrand":"FCC ULS","name":"RICHLAND LEXINGTON AIRPORT DIST (WNUX713)","operator":"RICHLAND LEXINGTON AIRPORT DIST","directions":[],"omni":true,"zone":null,"purpose":"Public-safety radio transmitter — RICHLAND LEXINGTON AIRPORT DIST, LEXINGTON","imageUrl":null,"fovHalfAngle":180,"frequencies":[453.1375,453.7,458.1375,458.7],"lawEnforcement":false}},{"type":"Feature","geometry":{"type":"Point","coordinates":[-81.02702777777777,33.996833333333335]},"properties":{"id":"fcc/WNWD991/33.99683,-81.02703","kind":"radio","brand":"Other","rawBrand":"FCC ULS","name":"SOUTH CAROLINA, STATE OF (WNWD991)","operator":"SOUTH CAROLINA, STATE OF","directions":[],"omni":true,"zone":null,"purpose":"Public-safety radio transmitter — SOUTH CAROLINA, STATE OF, COLUMBIA","imageUrl":null,"fovHalfAngle":180,"frequencies":[453.35,458.35],"lawEnforcement":false}},{"type":"Feature","geometry":{"type":"Point","coordinates":[-79.8231111111111,34.17322222222222]},"properties":{"id":"fcc/WPBP875/34.17322,-79.82311","kind":"radio","brand":"Other","rawBrand":"FCC ULS","name":"City of Florence City/County Complex BB (WPBP875)","operator":"City of Florence City/County Complex BB","directions":[],"omni":true,"zone":null,"purpose":"Public-safety radio transmitter — City of Florence City/County Complex BB, FLORENCE","imageUrl":null,"fovHalfAngle":180,"frequencies":[151.0325,158.76,453.675,458.675],"lawEnforcement":false}},{"type":"Feature","geometry":{"type":"Point","coordinates":[-79.74977777777778,34.19738888888889]},"properties":{"id":"fcc/WPBP875/34.19739,-79.74978","kind":"radio","brand":"Other","rawBrand":"FCC ULS","name":"City of Florence City/County Complex BB (WPBP875)","operator":"City of Florence City/County Complex BB","directions":[],"omni":true,"zone":null,"purpose":"Public-safety radio transmitter — City of Florence City/County Complex BB, FLORENCE","imageUrl":null,"fovHalfAngle":180,"frequencies":[151.0325,158.76,453.675,458.675],"lawEnforcement":false}},{"type":"Feature","geometry":{"type":"Point","coordinates":[-79.75033333333333,34.20016666666667]},"properties":{"id":"fcc/WPBP875/34.20017,-79.75033","kind":"radio","brand":"Other","rawBrand":"FCC ULS","name":"City of Florence City/County Complex BB (WPBP875)","operator":"City of Florence City/County Complex BB","directions":[],"omni":true,"zone":null,"purpose":"Public-safety radio transmitter — City of Florence City/County Complex BB, FLORENCE","imageUrl":null,"fovHalfAngle":180,"frequencies":[151.0325,158.76,453.675,458.675],"lawEnforcement":false}},{"type":"Feature","geometry":{"type":"Point","coordinates":[-79.76922222222223,34.184888888888885]},"properties":{"id":"fcc/WPBP875/34.18489,-79.76922","kind":"radio","brand":"Other","rawBrand":"FCC ULS","name":"City of Florence City/County Complex BB (WPBP875)","operator":"City of Florence City/County Complex BB","directions":[],"omni":true,"zone":null,"purpose":"Public-safety radio transmitter — City of Florence City/County Complex BB, FLORENCE","imageUrl":null,"fovHalfAngle":180,"frequencies":[151.0325,158.76,453.675,458.675],"lawEnforcement":false}},{"type":"Feature","geometry":{"type":"Point","coordinates":[-81.93733333333334,34.95177777777778]},"properties":{"id":"fcc/WPBX404/34.95178,-81.93733","kind":"radio","brand":"Other","rawBrand":"FCC ULS","name":"South Carolina Emergency Management Division (WPBX404)","operator":"South Carolina Emergency Management Division","directions":[],"omni":true,"zone":null,"purpose":"Public-safety radio transmitter — South Carolina Emergency Management Division, SPARTANBURG","imageUrl":null,"fovHalfAngle":180,"frequencies":[2.3274,2.4234,2.5124,5.1364,7.4814,7.9334],"lawEnforcement":false}},{"type":"Feature","geometry":{"type":"Point","coordinates":[-81.24463888888889,34.70847222222223]},"properties":{"id":"fcc/WPIA335/34.70847,-81.24464","kind":"radio","brand":"Other","rawBrand":"FCC ULS","name":"CHESTER, COUNTY OF (WPIA335)","operator":"CHESTER, COUNTY OF","directions":[],"omni":true,"zone":null,"purpose":"Public-safety radio transmitter — CHESTER, COUNTY OF, Chester","imageUrl":null,"fovHalfAngle":180,"frequencies":[151.07,154.265,159.105],"lawEnforcement":false}},{"type":"Feature","geometry":{"type":"Point","coordinates":[-81.23133333333334,34.70813888888889]},"properties":{"id":"fcc/WPIA335/34.70814,-81.23133","kind":"radio","brand":"Other","rawBrand":"FCC ULS","name":"CHESTER, COUNTY OF (WPIA335)","operator":"CHESTER, COUNTY OF","directions":[],"omni":true,"zone":null,"purpose":"Public-safety radio transmitter — CHESTER, COUNTY OF, CHESTER","imageUrl":null,"fovHalfAngle":180,"frequencies":[151.07,154.265,159.105],"lawEnforcement":false}},{"type":"Feature","geometry":{"type":"Point","coordinates":[-83.09875,34.880916666666664]},"properties":{"id":"fcc/WPCV246/34.88092,-83.09875","kind":"radio","brand":"Other","rawBrand":"FCC ULS","name":"SOUTH CAROLINA FORESTRY COMMISSION (WPCV246)","operator":"SOUTH CAROLINA FORESTRY COMMISSION","directions":[],"omni":true,"zone":null,"purpose":"Public-safety radio transmitter — SOUTH CAROLINA FORESTRY COMMISSION, WALHALLA","imageUrl":null,"fovHalfAngle":180,"frequencies":[151.1,159.225],"lawEnforcement":false}},{"type":"Feature","geometry":{"type":"Point","coordinates":[-79.56388888888888,33.47083333333334]},"properties":{"id":"fcc/WPGP943/33.47083,-79.56389","kind":"radio","brand":"Other","rawBrand":"FCC ULS","name":"South Carolina Forestry Commission (WPGP943)","operator":"South Carolina Forestry Commission","directions":[],"omni":true,"zone":null,"purpose":"Public-safety radio transmitter — South Carolina Forestry Commission, ANDREWS","imageUrl":null,"fovHalfAngle":180,"frequencies":[151.115,151.175,156.24,159.255],"lawEnforcement":false}},{"type":"Feature","geometry":{"type":"Point","coordinates":[-80.84147222222222,33.504333333333335]},"properties":{"id":"fcc/WNRB878/33.50433,-80.84147","kind":"radio","brand":"Other","rawBrand":"FCC ULS","name":"SOUTH CAROLINA, STATE OF (WNRB878)","operator":"SOUTH CAROLINA, STATE OF","directions":[],"omni":true,"zone":null,"purpose":"Public-safety radio transmitter — SOUTH CAROLINA, STATE OF, ORANGEBURG","imageUrl":null,"fovHalfAngle":180,"frequencies":[453.35,458.35],"lawEnforcement":false}},{"type":"Feature","geometry":{"type":"Point","coordinates":[-81.24463888888889,34.70847222222223]},"properties":{"id":"fcc/WPBM233/34.70847,-81.24464","kind":"radio","brand":"Other","rawBrand":"FCC ULS","name":"CHESTER, COUNTY OF (WPBM233)","operator":"CHESTER, COUNTY OF","directions":[],"omni":true,"zone":null,"purpose":"Public-safety radio transmitter — CHESTER, COUNTY OF, Chester","imageUrl":null,"fovHalfAngle":180,"frequencies":[153.785,155.565,155.7525],"lawEnforcement":false}},{"type":"Feature","geometry":{"type":"Point","coordinates":[-81.23133333333334,34.70813888888889]},"properties":{"id":"fcc/WPBM233/34.70814,-81.23133","kind":"radio","brand":"Other","rawBrand":"FCC ULS","name":"CHESTER, COUNTY OF (WPBM233)","operator":"CHESTER, COUNTY OF","directions":[],"omni":true,"zone":null,"purpose":"Public-safety radio transmitter — CHESTER, COUNTY OF, CHESTER","imageUrl":null,"fovHalfAngle":180,"frequencies":[153.785,155.565,155.7525],"lawEnforcement":false}},{"type":"Feature","geometry":{"type":"Point","coordinates":[-81.63736111111112,34.760416666666664]},"properties":{"id":"fcc/WPLH769/34.76042,-81.63736","kind":"radio","brand":"Other","rawBrand":"FCC ULS","name":"UNION, COUNTY OF (WPLH769)","operator":"UNION, COUNTY OF","directions":[],"omni":true,"zone":null,"purpose":"Public-safety radio transmitter — UNION, COUNTY OF, UNION","imageUrl":null,"fovHalfAngle":180,"frequencies":[153.74,158.7675],"lawEnforcement":false}},{"type":"Feature","geometry":{"type":"Point","coordinates":[-81.10369444444444,35.00597222222222]},"properties":{"id":"fcc/WNUL830/35.00597,-81.10369","kind":"radio","brand":"Other","rawBrand":"FCC ULS","name":"YORK, COUNTY OF (WNUL830)","operator":"YORK, COUNTY OF","directions":[],"omni":true,"zone":null,"purpose":"Public-safety radio transmitter — YORK, COUNTY OF, ROCK HILL","imageUrl":null,"fovHalfAngle":180,"frequencies":[155.385],"lawEnforcement":false}},{"type":"Feature","geometry":{"type":"Point","coordinates":[-80.86758333333333,34.02272222222222]},"properties":{"id":"fcc/WPMI735/34.02272,-80.86758","kind":"radio","brand":"Other","rawBrand":"FCC ULS","name":"RICHLAND, COUNTY OF (WPMI735)","operator":"RICHLAND, COUNTY OF","directions":[],"omni":true,"zone":null,"purpose":"Public-safety radio transmitter — RICHLAND, COUNTY OF, COLUMBIA","imageUrl":null,"fovHalfAngle":180,"frequencies":[156.015,158.805],"lawEnforcement":false}},{"type":"Feature","geometry":{"type":"Point","coordinates":[-81.04619444444444,34.000166666666665]},"properties":{"id":"fcc/WPMI735/34.00017,-81.04619","kind":"radio","brand":"Other","rawBrand":"FCC ULS","name":"RICHLAND, COUNTY OF (WPMI735)","operator":"RICHLAND, COUNTY OF","directions":[],"omni":true,"zone":null,"purpose":"Public-safety radio transmitter — RICHLAND, COUNTY OF, COLUMBIA","imageUrl":null,"fovHalfAngle":180,"frequencies":[156.015,158.805],"lawEnforcement":false}},{"type":"Feature","geometry":{"type":"Point","coordinates":[-82.82188888888888,34.68497222222222]},"properties":{"id":"fcc/WPUD816/34.68497,-82.82189","kind":"radio","brand":"Other","rawBrand":"FCC ULS","name":"City Of Clemson (WPUD816)","operator":"City Of Clemson","directions":[],"omni":true,"zone":null,"purpose":"Public-safety radio transmitter — City Of Clemson, CLEMSON","imageUrl":null,"fovHalfAngle":180,"frequencies":[453.925,458.925,460.2625,465.2625],"lawEnforcement":false}},{"type":"Feature","geometry":{"type":"Point","coordinates":[-81.97308333333334,33.52858333333333]},"properties":{"id":"fcc/WPVC328/33.52858,-81.97308","kind":"radio","brand":"Other","rawBrand":"FCC ULS","name":"City of North Augusta (WPVC328)","operator":"City of North Augusta","directions":[],"omni":true,"zone":null,"purpose":"Public-safety radio transmitter — City of North Augusta, NORTH AUGUSTA","imageUrl":null,"fovHalfAngle":180,"frequencies":[453.5625,458.5625],"lawEnforcement":false}},{"type":"Feature","geometry":{"type":"Point","coordinates":[-81.10313888888888,34.40125]},"properties":{"id":"fcc/WPVK965/34.40125,-81.10314","kind":"radio","brand":"Other","rawBrand":"FCC ULS","name":"FAIRFIELD, COUNTY OF (WPVK965)","operator":"FAIRFIELD, COUNTY OF","directions":[],"omni":true,"zone":null,"purpose":"Public-safety radio transmitter — FAIRFIELD, COUNTY OF, WINNSBORO","imageUrl":null,"fovHalfAngle":180,"frequencies":[453.2625,453.5125,453.6625,453.7625,458.2625,458.5125,458.6625,458.7625],"lawEnforcement":false}},{"type":"Feature","geometry":{"type":"Point","coordinates":[-79.26641666666667,34.21016666666667]},"properties":{"id":"fcc/WPVY486/34.21017,-79.26642","kind":"radio","brand":"Other","rawBrand":"FCC ULS","name":"mullins city of (WPVY486)","operator":"mullins city of","directions":[],"omni":true,"zone":null,"purpose":"Public-safety radio transmitter — mullins city of, mullins","imageUrl":null,"fovHalfAngle":180,"frequencies":[453.925,458.925],"lawEnforcement":false}},{"type":"Feature","geometry":{"type":"Point","coordinates":[-83.1073611111111,34.864805555555556]},"properties":{"id":"fcc/WPWH780/34.86481,-83.10736","kind":"radio","brand":"Other","rawBrand":"FCC ULS","name":"SOUTH CAROLINA, STATE OF (WPWH780)","operator":"SOUTH CAROLINA, STATE OF","directions":[],"omni":true,"zone":null,"purpose":"Public-safety radio transmitter — SOUTH CAROLINA, STATE OF, WALHALLA","imageUrl":null,"fovHalfAngle":180,"frequencies":[453.325,453.5,453.875,458.325,458.5,458.875],"lawEnforcement":false}},{"type":"Feature","geometry":{"type":"Point","coordinates":[-81.95094444444445,34.19625]},"properties":{"id":"fcc/WPWH780/34.19625,-81.95094","kind":"radio","brand":"Other","rawBrand":"FCC ULS","name":"SOUTH CAROLINA, STATE OF (WPWH780)","operator":"SOUTH CAROLINA, STATE OF","directions":[],"omni":true,"zone":null,"purpose":"Public-safety radio transmitter — SOUTH CAROLINA, STATE OF, DYSON","imageUrl":null,"fovHalfAngle":180,"frequencies":[453.325,453.5,453.875,458.325,458.5,458.875],"lawEnforcement":false}},{"type":"Feature","geometry":{"type":"Point","coordinates":[-80.90952777777778,34.098194444444445]},"properties":{"id":"fcc/WPWH780/34.09819,-80.90953","kind":"radio","brand":"Other","rawBrand":"FCC ULS","name":"SOUTH CAROLINA, STATE OF (WPWH780)","operator":"SOUTH CAROLINA, STATE OF","directions":[],"omni":true,"zone":null,"purpose":"Public-safety radio transmitter — SOUTH CAROLINA, STATE OF, COLUMBIA","imageUrl":null,"fovHalfAngle":180,"frequencies":[453.325,453.5,453.875,458.325,458.5,458.875],"lawEnforcement":false}},{"type":"Feature","geometry":{"type":"Point","coordinates":[-81.41177777777779,34.09180555555556]},"properties":{"id":"fcc/WPWH780/34.09181,-81.41178","kind":"radio","brand":"Other","rawBrand":"FCC ULS","name":"SOUTH CAROLINA, STATE OF (WPWH780)","operator":"SOUTH CAROLINA, STATE OF","directions":[],"omni":true,"zone":null,"purpose":"Public-safety radio transmitter — SOUTH CAROLINA, STATE OF, PROSPERITY","imageUrl":null,"fovHalfAngle":180,"frequencies":[453.325,453.5,453.875,458.325,458.5,458.875],"lawEnforcement":false}},{"type":"Feature","geometry":{"type":"Point","coordinates":[-82.94569444444444,34.960638888888894]},"properties":{"id":"fcc/WPWH780/34.96064,-82.94569","kind":"radio","brand":"Other","rawBrand":"FCC ULS","name":"SOUTH CAROLINA, STATE OF (WPWH780)","operator":"SOUTH CAROLINA, STATE OF","directions":[],"omni":true,"zone":null,"purpose":"Public-safety radio transmitter — SOUTH CAROLINA, STATE OF, SALEM","imageUrl":null,"fovHalfAngle":180,"frequencies":[453.325,453.5,453.875,458.325,458.5,458.875],"lawEnforcement":false}},{"type":"Feature","geometry":{"type":"Point","coordinates":[-80.82858333333333,33.52688888888889]},"properties":{"id":"fcc/WPWI505/33.52689,-80.82858","kind":"radio","brand":"Other","rawBrand":"FCC ULS","name":"ORANGEBURG, COUNTY OF (WPWI505)","operator":"ORANGEBURG, COUNTY OF","directions":[],"omni":true,"zone":null,"purpose":"Public-safety radio transmitter — ORANGEBURG, COUNTY OF, ORANGEBURG","imageUrl":null,"fovHalfAngle":180,"frequencies":[154.175,154.385,155.235,155.625,155.79,159.21,453.2625,453.6625,458.6625],"lawEnforcement":false}},{"type":"Feature","geometry":{"type":"Point","coordinates":[-78.69975000000001,33.80166666666666]},"properties":{"id":"fcc/WPWV953/33.80167,-78.69975","kind":"radio","brand":"Other","rawBrand":"FCC ULS","name":"NORTH MYRTLE BEACH CITY OF (WPWV953)","operator":"NORTH MYRTLE BEACH CITY OF","directions":[],"omni":true,"zone":null,"purpose":"Public-safety radio transmitter — NORTH MYRTLE BEACH CITY OF, NORTH MYRTLE BEACH","imageUrl":null,"fovHalfAngle":180,"frequencies":[2458],"lawEnforcement":false}},{"type":"Feature","geometry":{"type":"Point","coordinates":[-80.85063888888888,33.51152777777778]},"properties":{"id":"fcc/WPWI505/33.51153,-80.85064","kind":"radio","brand":"Other","rawBrand":"FCC ULS","name":"ORANGEBURG, COUNTY OF (WPWI505)","operator":"ORANGEBURG, COUNTY OF","directions":[],"omni":true,"zone":null,"purpose":"Public-safety radio transmitter — ORANGEBURG, COUNTY OF, ORANGEBURG","imageUrl":null,"fovHalfAngle":180,"frequencies":[154.175,154.385,155.235,155.625,155.79,159.21,453.2625,453.6625,458.6625],"lawEnforcement":false}},{"type":"Feature","geometry":{"type":"Point","coordinates":[-81.08219444444444,33.52697222222222]},"properties":{"id":"fcc/WPWI505/33.52697,-81.08219","kind":"radio","brand":"Other","rawBrand":"FCC ULS","name":"ORANGEBURG, COUNTY OF (WPWI505)","operator":"ORANGEBURG, COUNTY OF","directions":[],"omni":true,"zone":null,"purpose":"Public-safety radio transmitter — ORANGEBURG, COUNTY OF, NEESES","imageUrl":null,"fovHalfAngle":180,"frequencies":[154.175,154.385,155.235,155.625,155.79,159.21,453.2625,453.6625,458.6625],"lawEnforcement":false}},{"type":"Feature","geometry":{"type":"Point","coordinates":[-80.50202777777778,33.424861111111106]},"properties":{"id":"fcc/WPWI505/33.42486,-80.50203","kind":"radio","brand":"Other","rawBrand":"FCC ULS","name":"ORANGEBURG, COUNTY OF (WPWI505)","operator":"ORANGEBURG, COUNTY OF","directions":[],"omni":true,"zone":null,"purpose":"Public-safety radio transmitter — ORANGEBURG, COUNTY OF, SANTEE","imageUrl":null,"fovHalfAngle":180,"frequencies":[154.175,154.385,155.235,155.625,155.79,159.21,453.2625,453.6625,458.6625],"lawEnforcement":false}},{"type":"Feature","geometry":{"type":"Point","coordinates":[-80.86138888888888,33.49444444444445]},"properties":{"id":"fcc/WPWI505/33.49444,-80.86139","kind":"radio","brand":"Other","rawBrand":"FCC ULS","name":"ORANGEBURG, COUNTY OF (WPWI505)","operator":"ORANGEBURG, COUNTY OF","directions":[],"omni":true,"zone":null,"purpose":"Public-safety radio transmitter — ORANGEBURG, COUNTY OF, ORANGEBURG","imageUrl":null,"fovHalfAngle":180,"frequencies":[154.175,154.385,155.235,155.625,155.79,159.21,453.2625,453.6625,458.6625],"lawEnforcement":false}},{"type":"Feature","geometry":{"type":"Point","coordinates":[-80.215,32.97916666666667]},"properties":{"id":"fcc/WPYQ967/32.97917,-80.21500","kind":"radio","brand":"Other","rawBrand":"FCC ULS","name":"SUMMERVILLE CPW (WPYQ967)","operator":"SUMMERVILLE CPW","directions":[],"omni":true,"zone":null,"purpose":"Public-safety radio transmitter — SUMMERVILLE CPW, SUMMERVILLE","imageUrl":null,"fovHalfAngle":180,"frequencies":[453.275],"lawEnforcement":false}},{"type":"Feature","geometry":{"type":"Point","coordinates":[-80.18111111111112,32.974722222222226]},"properties":{"id":"fcc/WPYQ967/32.97472,-80.18111","kind":"radio","brand":"Other","rawBrand":"FCC ULS","name":"SUMMERVILLE CPW (WPYQ967)","operator":"SUMMERVILLE CPW","directions":[],"omni":true,"zone":null,"purpose":"Public-safety radio transmitter — SUMMERVILLE CPW, SUMMERVILLE","imageUrl":null,"fovHalfAngle":180,"frequencies":[453.275],"lawEnforcement":false}},{"type":"Feature","geometry":{"type":"Point","coordinates":[-80.16583333333334,32.97138888888889]},"properties":{"id":"fcc/WPYQ967/32.97139,-80.16583","kind":"radio","brand":"Other","rawBrand":"FCC ULS","name":"SUMMERVILLE CPW (WPYQ967)","operator":"SUMMERVILLE CPW","directions":[],"omni":true,"zone":null,"purpose":"Public-safety radio transmitter — SUMMERVILLE CPW, SUMMERVILLE","imageUrl":null,"fovHalfAngle":180,"frequencies":[453.275],"lawEnforcement":false}},{"type":"Feature","geometry":{"type":"Point","coordinates":[-80.21666666666667,33.013888888888886]},"properties":{"id":"fcc/WPYQ967/33.01389,-80.21667","kind":"radio","brand":"Other","rawBrand":"FCC ULS","name":"SUMMERVILLE CPW (WPYQ967)","operator":"SUMMERVILLE CPW","directions":[],"omni":true,"zone":null,"purpose":"Public-safety radio transmitter — SUMMERVILLE CPW, SUMMERVILLE","imageUrl":null,"fovHalfAngle":180,"frequencies":[453.275],"lawEnforcement":false}},{"type":"Feature","geometry":{"type":"Point","coordinates":[-80.21222222222222,32.98527777777778]},"properties":{"id":"fcc/WPYQ967/32.98528,-80.21222","kind":"radio","brand":"Other","rawBrand":"FCC ULS","name":"SUMMERVILLE CPW (WPYQ967)","operator":"SUMMERVILLE CPW","directions":[],"omni":true,"zone":null,"purpose":"Public-safety radio transmitter — SUMMERVILLE CPW, SUMMERVILLE","imageUrl":null,"fovHalfAngle":180,"frequencies":[453.275],"lawEnforcement":false}},{"type":"Feature","geometry":{"type":"Point","coordinates":[-80.20222222222222,32.95916666666667]},"properties":{"id":"fcc/WPYQ967/32.95917,-80.20222","kind":"radio","brand":"Other","rawBrand":"FCC ULS","name":"SUMMERVILLE CPW (WPYQ967)","operator":"SUMMERVILLE CPW","directions":[],"omni":true,"zone":null,"purpose":"Public-safety radio transmitter — SUMMERVILLE CPW, SUMMERVILLE","imageUrl":null,"fovHalfAngle":180,"frequencies":[453.275],"lawEnforcement":false}},{"type":"Feature","geometry":{"type":"Point","coordinates":[-81.348,33.032583333333335]},"properties":{"id":"fcc/WPYV871/33.03258,-81.34800","kind":"radio","brand":"Other","rawBrand":"FCC ULS","name":"ALLENDALE, COUNTY OF (WPYV871)","operator":"ALLENDALE, COUNTY OF","directions":[],"omni":true,"zone":null,"purpose":"Public-safety radio transmitter — ALLENDALE, COUNTY OF, ALLENDALE","imageUrl":null,"fovHalfAngle":180,"frequencies":[453.25,458.25],"lawEnforcement":false}},{"type":"Feature","geometry":{"type":"Point","coordinates":[-82.24416666666667,34.71752777777778]},"properties":{"id":"fcc/WQBJ211/34.71753,-82.24417","kind":"radio","brand":"Other","rawBrand":"FCC ULS","name":"PRISMA HEALTH (WQBJ211)","operator":"PRISMA HEALTH","directions":[],"omni":true,"zone":null,"purpose":"Public-safety radio transmitter — PRISMA HEALTH, SIMPSONVILLE","imageUrl":null,"fovHalfAngle":180,"frequencies":[155.28,155.34,163.25],"lawEnforcement":false}},{"type":"Feature","geometry":{"type":"Point","coordinates":[-79.76638888888888,33.89416666666666]},"properties":{"id":"fcc/WQCZ694/33.89417,-79.76639","kind":"radio","brand":"Other","rawBrand":"FCC ULS","name":"SOUTH LYNCHES FIRE DISTRICT (WQCZ694)","operator":"SOUTH LYNCHES FIRE DISTRICT","directions":[],"omni":true,"zone":null,"purpose":"Public-safety radio transmitter — SOUTH LYNCHES FIRE DISTRICT, LAKE CITY","imageUrl":null,"fovHalfAngle":180,"frequencies":[153.83,154.385],"lawEnforcement":false}},{"type":"Feature","geometry":{"type":"Point","coordinates":[-82.62638888888888,34.52111111111111]},"properties":{"id":"fcc/WQDH297/34.52111,-82.62639","kind":"radio","brand":"Other","rawBrand":"FCC ULS","name":"ANDERSON, CITY OF (WQDH297)","operator":"ANDERSON, CITY OF","directions":[],"omni":true,"zone":null,"purpose":"Public-safety radio transmitter — ANDERSON, CITY OF, ANDERSON","imageUrl":null,"fovHalfAngle":180,"frequencies":[154.89,155.73],"lawEnforcement":false}},{"type":"Feature","geometry":{"type":"Point","coordinates":[-82.20233333333334,34.69733333333333]},"properties":{"id":"fcc/WQDW842/34.69733,-82.20233","kind":"radio","brand":"Other","rawBrand":"FCC ULS","name":"FOUNTAIN INN, CITY OF (WQDW842)","operator":"FOUNTAIN INN, CITY OF","directions":[],"omni":true,"zone":null,"purpose":"Public-safety radio transmitter — FOUNTAIN INN, CITY OF, FOUNTAIN INN","imageUrl":null,"fovHalfAngle":180,"frequencies":[453.275,458.275],"lawEnforcement":false}},{"type":"Feature","geometry":{"type":"Point","coordinates":[-80.2653611111111,32.96544444444445]},"properties":{"id":"fcc/WQFQ882/32.96544,-80.26536","kind":"radio","brand":"Other","rawBrand":"FCC ULS","name":"Dorchester County (WQFQ882)","operator":"Dorchester County","directions":[],"omni":true,"zone":null,"purpose":"Public-safety radio transmitter — Dorchester County, SUMMERVILLE","imageUrl":null,"fovHalfAngle":180,"frequencies":[453.4],"lawEnforcement":false}},{"type":"Feature","geometry":{"type":"Point","coordinates":[-80.23841666666667,33.01433333333333]},"properties":{"id":"fcc/WQFQ882/33.01433,-80.23842","kind":"radio","brand":"Other","rawBrand":"FCC ULS","name":"Dorchester County (WQFQ882)","operator":"Dorchester County","directions":[],"omni":true,"zone":null,"purpose":"Public-safety radio transmitter — Dorchester County, SUMMERVILLE","imageUrl":null,"fovHalfAngle":180,"frequencies":[453.4],"lawEnforcement":false}},{"type":"Feature","geometry":{"type":"Point","coordinates":[-80.31008333333332,33.092666666666666]},"properties":{"id":"fcc/WQFQ882/33.09267,-80.31008","kind":"radio","brand":"Other","rawBrand":"FCC ULS","name":"Dorchester County (WQFQ882)","operator":"Dorchester County","directions":[],"omni":true,"zone":null,"purpose":"Public-safety radio transmitter — Dorchester County, RIDGEVILLE","imageUrl":null,"fovHalfAngle":180,"frequencies":[453.4],"lawEnforcement":false}},{"type":"Feature","geometry":{"type":"Point","coordinates":[-80.23508333333334,32.94822222222222]},"properties":{"id":"fcc/WQFQ882/32.94822,-80.23508","kind":"radio","brand":"Other","rawBrand":"FCC ULS","name":"Dorchester County (WQFQ882)","operator":"Dorchester County","directions":[],"omni":true,"zone":null,"purpose":"Public-safety radio transmitter — Dorchester County, SUMMERVILLE","imageUrl":null,"fovHalfAngle":180,"frequencies":[453.4],"lawEnforcement":false}},{"type":"Feature","geometry":{"type":"Point","coordinates":[-80.11341666666667,32.9085]},"properties":{"id":"fcc/WQFQ882/32.90850,-80.11342","kind":"radio","brand":"Other","rawBrand":"FCC ULS","name":"Dorchester County (WQFQ882)","operator":"Dorchester County","directions":[],"omni":true,"zone":null,"purpose":"Public-safety radio transmitter — Dorchester County, N. CHARLESTON","imageUrl":null,"fovHalfAngle":180,"frequencies":[453.4],"lawEnforcement":false}},{"type":"Feature","geometry":{"type":"Point","coordinates":[-82.23555555555555,34.43055555555555]},"properties":{"id":"fcc/WQFT380/34.43056,-82.23556","kind":"radio","brand":"Other","rawBrand":"FCC ULS","name":"WESTERN LAURENS COUNTY V.F.D. (WQFT380)","operator":"WESTERN LAURENS COUNTY V.F.D.","directions":[],"omni":true,"zone":null,"purpose":"Public-safety radio transmitter — WESTERN LAURENS COUNTY V.F.D., WARE SHOALS","imageUrl":null,"fovHalfAngle":180,"frequencies":[155.805,158.865],"lawEnforcement":false}},{"type":"Feature","geometry":{"type":"Point","coordinates":[-80.20433333333334,33.69338888888888]},"properties":{"id":"fcc/WQFV897/33.69339,-80.20433","kind":"radio","brand":"Other","rawBrand":"FCC ULS","name":"CLARENDON COUNTY DETENTION CENTER (WQFV897)","operator":"CLARENDON COUNTY DETENTION CENTER","directions":[],"omni":true,"zone":null,"purpose":"Public-safety radio transmitter — CLARENDON COUNTY DETENTION CENTER, MANNING","imageUrl":null,"fovHalfAngle":180,"frequencies":[154.785,158.88],"lawEnforcement":false}},{"type":"Feature","geometry":{"type":"Point","coordinates":[-83.05027777777778,34.75]},"properties":{"id":"fcc/WQGH918/34.75000,-83.05028","kind":"radio","brand":"Other","rawBrand":"FCC ULS","name":"WALHALLA, CITY OF  -  FIRE DEPT (WQGH918)","operator":"WALHALLA, CITY OF  -  FIRE DEPT","directions":[],"omni":true,"zone":null,"purpose":"Public-safety radio transmitter — WALHALLA, CITY OF  -  FIRE DEPT, WALHALLA","imageUrl":null,"fovHalfAngle":180,"frequencies":[154.1,156.24],"lawEnforcement":false}},{"type":"Feature","geometry":{"type":"Point","coordinates":[-79.12583333333333,33.82555555555556]},"properties":{"id":"fcc/WQHH258/33.82556,-79.12583","kind":"radio","brand":"Other","rawBrand":"FCC ULS","name":"South Carolina Aeronautics Commission (WQHH258)","operator":"South Carolina Aeronautics Commission","directions":[],"omni":true,"zone":null,"purpose":"Public-safety radio transmitter — South Carolina Aeronautics Commission, CONWAY","imageUrl":null,"fovHalfAngle":180,"frequencies":[451.85],"lawEnforcement":false}},{"type":"Feature","geometry":{"type":"Point","coordinates":[-79.12388888888889,33.82916666666667]},"properties":{"id":"fcc/WQHH258/33.82917,-79.12389","kind":"radio","brand":"Other","rawBrand":"FCC ULS","name":"South Carolina Aeronautics Commission (WQHH258)","operator":"South Carolina Aeronautics Commission","directions":[],"omni":true,"zone":null,"purpose":"Public-safety radio transmitter — South Carolina Aeronautics Commission, CONWAY","imageUrl":null,"fovHalfAngle":180,"frequencies":[451.85],"lawEnforcement":false}},{"type":"Feature","geometry":{"type":"Point","coordinates":[-81.58944444444444,35.04666666666667]},"properties":{"id":"fcc/WQHT415/35.04667,-81.58944","kind":"radio","brand":"Other","rawBrand":"FCC ULS","name":"CHEROKEE, COUNTY OF (WQHT415)","operator":"CHEROKEE, COUNTY OF","directions":[],"omni":true,"zone":null,"purpose":"Public-safety radio transmitter — CHEROKEE, COUNTY OF, GAFFNEY","imageUrl":null,"fovHalfAngle":180,"frequencies":[155.0325,156.0225,159.0975],"lawEnforcement":false}},{"type":"Feature","geometry":{"type":"Point","coordinates":[-80.83574999999999,33.27502777777778]},"properties":{"id":"fcc/WPWI505/33.27503,-80.83575","kind":"radio","brand":"Other","rawBrand":"FCC ULS","name":"ORANGEBURG, COUNTY OF (WPWI505)","operator":"ORANGEBURG, COUNTY OF","directions":[],"omni":true,"zone":null,"purpose":"Public-safety radio transmitter — ORANGEBURG, COUNTY OF, BRANCHVILLE","imageUrl":null,"fovHalfAngle":180,"frequencies":[154.175,154.385,155.235,155.625,155.79,159.21,453.2625,453.6625,458.6625],"lawEnforcement":false}},{"type":"Feature","geometry":{"type":"Point","coordinates":[-80.16277777777778,33.01222222222222]},"properties":{"id":"fcc/WQLV546/33.01222,-80.16278","kind":"radio","brand":"Other","rawBrand":"FCC ULS","name":"LINCOLNVILLE VOLUNTEER RESCUE SQUAD (WQLV546)","operator":"LINCOLNVILLE VOLUNTEER RESCUE SQUAD","directions":[],"omni":true,"zone":null,"purpose":"Public-safety radio transmitter — LINCOLNVILLE VOLUNTEER RESCUE SQUAD, LINCOLNVILLE","imageUrl":null,"fovHalfAngle":180,"frequencies":[153.9275,153.995,154.785,154.875,155.37,156.015,159.0975],"lawEnforcement":false}},{"type":"Feature","geometry":{"type":"Point","coordinates":[-81.02858333333333,32.403277777777774]},"properties":{"id":"fcc/WQNG382/32.40328,-81.02858","kind":"radio","brand":"Other","rawBrand":"FCC ULS","name":"South Carolina Forestry Commission (WQNG382)","operator":"South Carolina Forestry Commission","directions":[],"omni":true,"zone":null,"purpose":"Public-safety radio transmitter — South Carolina Forestry Commission, HARDEEVILLE","imageUrl":null,"fovHalfAngle":180,"frequencies":[151.3475,159.2475],"lawEnforcement":false}},{"type":"Feature","geometry":{"type":"Point","coordinates":[-79.89044444444446,34.619055555555555]},"properties":{"id":"fcc/WQOA218/34.61906,-79.89044","kind":"radio","brand":"Other","rawBrand":"FCC ULS","name":"CASH RURAL FIRE DEPARTMENT (WQOA218)","operator":"CASH RURAL FIRE DEPARTMENT","directions":[],"omni":true,"zone":null,"purpose":"Public-safety radio transmitter — CASH RURAL FIRE DEPARTMENT, CHERAW","imageUrl":null,"fovHalfAngle":180,"frequencies":[155.3625,159.0525],"lawEnforcement":false}},{"type":"Feature","geometry":{"type":"Point","coordinates":[-81.63094444444444,34.29597222222222]},"properties":{"id":"fcc/WQOT583/34.29597,-81.63094","kind":"radio","brand":"Other","rawBrand":"FCC ULS","name":"NEWBERRY, COUNTY OF - BRFC (WQOT583)","operator":"NEWBERRY, COUNTY OF - BRFC","directions":[],"omni":true,"zone":null,"purpose":"Public-safety radio transmitter — NEWBERRY, COUNTY OF - BRFC, NEWBERRY","imageUrl":null,"fovHalfAngle":180,"frequencies":[150.995,153.95,154.9725,155.7825,155.925,159.24],"lawEnforcement":false}},{"type":"Feature","geometry":{"type":"Point","coordinates":[-81.40461111111112,34.188805555555554]},"properties":{"id":"fcc/WQOT583/34.18881,-81.40461","kind":"radio","brand":"Other","rawBrand":"FCC ULS","name":"NEWBERRY, COUNTY OF - BRFC (WQOT583)","operator":"NEWBERRY, COUNTY OF - BRFC","directions":[],"omni":true,"zone":null,"purpose":"Public-safety radio transmitter — NEWBERRY, COUNTY OF - BRFC, LITTLE MOUNTAIN","imageUrl":null,"fovHalfAngle":180,"frequencies":[150.995,153.95,154.9725,155.7825,155.925,159.24],"lawEnforcement":false}},{"type":"Feature","geometry":{"type":"Point","coordinates":[-81.89519444444446,34.21263888888889]},"properties":{"id":"fcc/WQOT583/34.21264,-81.89519","kind":"radio","brand":"Other","rawBrand":"FCC ULS","name":"NEWBERRY, COUNTY OF - BRFC (WQOT583)","operator":"NEWBERRY, COUNTY OF - BRFC","directions":[],"omni":true,"zone":null,"purpose":"Public-safety radio transmitter — NEWBERRY, COUNTY OF - BRFC, CHAPPELLS","imageUrl":null,"fovHalfAngle":180,"frequencies":[150.995,153.95,154.9725,155.7825,155.925,159.24],"lawEnforcement":false}},{"type":"Feature","geometry":{"type":"Point","coordinates":[-81.7215,33.556805555555556]},"properties":{"id":"fcc/WQPM659/33.55681,-81.72150","kind":"radio","brand":"Other","rawBrand":"FCC ULS","name":"AIKEN, CITY OF  -  DEPT OF PUBLIC SAFETY (WQPM659)","operator":"AIKEN, CITY OF  -  DEPT OF PUBLIC SAFETY","directions":[],"omni":true,"zone":null,"purpose":"Law-enforcement radio transmitter — AIKEN, CITY OF  -  DEPT OF PUBLIC SAFETY, AIKEN","imageUrl":null,"fovHalfAngle":180,"frequencies":[458.3375],"lawEnforcement":true}},{"type":"Feature","geometry":{"type":"Point","coordinates":[-79.95191666666668,32.812916666666666]},"properties":{"id":"fcc/WQLV546/32.81292,-79.95192","kind":"radio","brand":"Other","rawBrand":"FCC ULS","name":"LINCOLNVILLE VOLUNTEER RESCUE SQUAD (WQLV546)","operator":"LINCOLNVILLE VOLUNTEER RESCUE SQUAD","directions":[],"omni":true,"zone":null,"purpose":"Public-safety radio transmitter — LINCOLNVILLE VOLUNTEER RESCUE SQUAD, CHARLESTON","imageUrl":null,"fovHalfAngle":180,"frequencies":[153.9275,153.995,154.785,154.875,155.37,156.015,159.0975],"lawEnforcement":false}},{"type":"Feature","geometry":{"type":"Point","coordinates":[-80.2095,33.03447222222222]},"properties":{"id":"fcc/WQLV546/33.03447,-80.20950","kind":"radio","brand":"Other","rawBrand":"FCC ULS","name":"LINCOLNVILLE VOLUNTEER RESCUE SQUAD (WQLV546)","operator":"LINCOLNVILLE VOLUNTEER RESCUE SQUAD","directions":[],"omni":true,"zone":null,"purpose":"Public-safety radio transmitter — LINCOLNVILLE VOLUNTEER RESCUE SQUAD, SUMMERVILLE","imageUrl":null,"fovHalfAngle":180,"frequencies":[153.9275,153.995,154.785,154.875,155.37,156.015,159.0975],"lawEnforcement":false}},{"type":"Feature","geometry":{"type":"Point","coordinates":[-83.06819444444444,34.75861111111111]},"properties":{"id":"fcc/WQGH918/34.75861,-83.06819","kind":"radio","brand":"Other","rawBrand":"FCC ULS","name":"WALHALLA, CITY OF  -  FIRE DEPT (WQGH918)","operator":"WALHALLA, CITY OF  -  FIRE DEPT","directions":[],"omni":true,"zone":null,"purpose":"Public-safety radio transmitter — WALHALLA, CITY OF  -  FIRE DEPT, WALHALLA","imageUrl":null,"fovHalfAngle":180,"frequencies":[154.1,156.24],"lawEnforcement":false}},{"type":"Feature","geometry":{"type":"Point","coordinates":[-80.67925000000001,34.22680555555556]},"properties":{"id":"fcc/WQRU565/34.22681,-80.67925","kind":"radio","brand":"Other","rawBrand":"FCC ULS","name":"LUGOFF FIRE DEPARTMENT (WQRU565)","operator":"LUGOFF FIRE DEPARTMENT","directions":[],"omni":true,"zone":null,"purpose":"Public-safety radio transmitter — LUGOFF FIRE DEPARTMENT, LUGOFF","imageUrl":null,"fovHalfAngle":180,"frequencies":[153.95],"lawEnforcement":false}},{"type":"Feature","geometry":{"type":"Point","coordinates":[-81.00605555555556,34.29430555555555]},"properties":{"id":"fcc/WPVK965/34.29431,-81.00606","kind":"radio","brand":"Other","rawBrand":"FCC ULS","name":"FAIRFIELD, COUNTY OF (WPVK965)","operator":"FAIRFIELD, COUNTY OF","directions":[],"omni":true,"zone":null,"purpose":"Public-safety radio transmitter — FAIRFIELD, COUNTY OF, RIDGEWAY","imageUrl":null,"fovHalfAngle":180,"frequencies":[453.2625,453.5125,453.6625,453.7625,458.2625,458.5125,458.6625,458.7625],"lawEnforcement":false}},{"type":"Feature","geometry":{"type":"Point","coordinates":[-81.12263888888889,33.94441666666666]},"properties":{"id":"fcc/WNUX713/33.94442,-81.12264","kind":"radio","brand":"Other","rawBrand":"FCC ULS","name":"RICHLAND LEXINGTON AIRPORT DIST (WNUX713)","operator":"RICHLAND LEXINGTON AIRPORT DIST","directions":[],"omni":true,"zone":null,"purpose":"Public-safety radio transmitter — RICHLAND LEXINGTON AIRPORT DIST, Fairhill","imageUrl":null,"fovHalfAngle":180,"frequencies":[453.1375,453.7,458.1375,458.7],"lawEnforcement":false}},{"type":"Feature","geometry":{"type":"Point","coordinates":[-82.79063888888889,34.69772222222222]},"properties":{"id":"fcc/WPUD816/34.69772,-82.79064","kind":"radio","brand":"Other","rawBrand":"FCC ULS","name":"City Of Clemson (WPUD816)","operator":"City Of Clemson","directions":[],"omni":true,"zone":null,"purpose":"Public-safety radio transmitter — City Of Clemson, CENTRAL","imageUrl":null,"fovHalfAngle":180,"frequencies":[453.925,458.925,460.2625,465.2625],"lawEnforcement":false}},{"type":"Feature","geometry":{"type":"Point","coordinates":[-82.48458333333333,34.64622222222222]},"properties":{"id":"fcc/KDX444/34.64622,-82.48458","kind":"radio","brand":"Other","rawBrand":"FCC ULS","name":"ANDERSON, COUNTY OF (KDX444)","operator":"ANDERSON, COUNTY OF","directions":[],"omni":true,"zone":null,"purpose":"Public-safety radio transmitter — ANDERSON, COUNTY OF, WEST PELZER","imageUrl":null,"fovHalfAngle":180,"frequencies":[153.95],"lawEnforcement":false}},{"type":"Feature","geometry":{"type":"Point","coordinates":[-81.63591666666667,34.759]},"properties":{"id":"fcc/KNBG211/34.75900,-81.63592","kind":"radio","brand":"Other","rawBrand":"FCC ULS","name":"UNION, COUNTY OF (KNBG211)","operator":"UNION, COUNTY OF","directions":[],"omni":true,"zone":null,"purpose":"Public-safety radio transmitter — UNION, COUNTY OF, UNION","imageUrl":null,"fovHalfAngle":180,"frequencies":[153.89,154.265,154.445],"lawEnforcement":false}},{"type":"Feature","geometry":{"type":"Point","coordinates":[-82.43427777777778,35.16788888888889]},"properties":{"id":"fcc/WFR324/35.16789,-82.43428","kind":"radio","brand":"Other","rawBrand":"FCC ULS","name":"HENDERSON COUNTY FIRE MARSHAL (WFR324)","operator":"HENDERSON COUNTY FIRE MARSHAL","directions":[],"omni":true,"zone":null,"purpose":"Law-enforcement radio transmitter — HENDERSON COUNTY FIRE MARSHAL, TIGERVILLE","imageUrl":null,"fovHalfAngle":180,"frequencies":[154.19,154.25,154.28,154.37,154.43,452.45,457.45],"lawEnforcement":true}},{"type":"Feature","geometry":{"type":"Point","coordinates":[-80.00611111111111,33.194805555555554]},"properties":{"id":"fcc/WNGD948/33.19481,-80.00611","kind":"radio","brand":"Other","rawBrand":"FCC ULS","name":"MONCKS CORNER, TOWN OF (WNGD948)","operator":"MONCKS CORNER, TOWN OF","directions":[],"omni":true,"zone":null,"purpose":"Public-safety radio transmitter — MONCKS CORNER, TOWN OF, MONCKS CORNER","imageUrl":null,"fovHalfAngle":180,"frequencies":[154.4],"lawEnforcement":false}},{"type":"Feature","geometry":{"type":"Point","coordinates":[-80.00658333333334,33.20019444444445]},"properties":{"id":"fcc/WNGD948/33.20019,-80.00658","kind":"radio","brand":"Other","rawBrand":"FCC ULS","name":"MONCKS CORNER, TOWN OF (WNGD948)","operator":"MONCKS CORNER, TOWN OF","directions":[],"omni":true,"zone":null,"purpose":"Public-safety radio transmitter — MONCKS CORNER, TOWN OF, MONCKS CORNER","imageUrl":null,"fovHalfAngle":180,"frequencies":[154.4],"lawEnforcement":false}},{"type":"Feature","geometry":{"type":"Point","coordinates":[-81.77941666666666,34.011722222222225]},"properties":{"id":"fcc/KFI473/34.01172,-81.77942","kind":"radio","brand":"Other","rawBrand":"FCC ULS","name":"SOUTH CAROLINA DEPARTMENT OF TRANSPORTATION (KFI473)","operator":"SOUTH CAROLINA DEPARTMENT OF TRANSPORTATION","directions":[],"omni":true,"zone":null,"purpose":"Public-safety radio transmitter — SOUTH CAROLINA DEPARTMENT OF TRANSPORTATION, SALUDA","imageUrl":null,"fovHalfAngle":180,"frequencies":[45.2,47.22,47.34],"lawEnforcement":false}},{"type":"Feature","geometry":{"type":"Point","coordinates":[-81.5936111111111,34.2875]},"properties":{"id":"fcc/KIR715/34.28750,-81.59361","kind":"radio","brand":"Other","rawBrand":"FCC ULS","name":"SOUTH CAROLINA DEPARTMENT OF TRANSPORTATION (KIR715)","operator":"SOUTH CAROLINA DEPARTMENT OF TRANSPORTATION","directions":[],"omni":true,"zone":null,"purpose":"Public-safety radio transmitter — SOUTH CAROLINA DEPARTMENT OF TRANSPORTATION, NEWBERRY","imageUrl":null,"fovHalfAngle":180,"frequencies":[45.6,47.04,47.34],"lawEnforcement":false}},{"type":"Feature","geometry":{"type":"Point","coordinates":[-82.14483333333334,35.1115]},"properties":{"id":"fcc/KTB270/35.11150,-82.14483","kind":"radio","brand":"Other","rawBrand":"FCC ULS","name":"SOUTH CAROLINA DEPARTMENT OF TRANSPORTATION (KTB270)","operator":"SOUTH CAROLINA DEPARTMENT OF TRANSPORTATION","directions":[],"omni":true,"zone":null,"purpose":"Public-safety radio transmitter — SOUTH CAROLINA DEPARTMENT OF TRANSPORTATION, CAMPOBELLO","imageUrl":null,"fovHalfAngle":180,"frequencies":[47.22,47.28,47.34],"lawEnforcement":false}},{"type":"Feature","geometry":{"type":"Point","coordinates":[-80.68161111111111,32.71180555555556]},"properties":{"id":"fcc/KGK942/32.71181,-80.68161","kind":"radio","brand":"Other","rawBrand":"FCC ULS","name":"SC Emergency Management Division (KGK942)","operator":"SC Emergency Management Division","directions":[],"omni":true,"zone":null,"purpose":"Public-safety radio transmitter — SC Emergency Management Division, BEAUFORT","imageUrl":null,"fovHalfAngle":180,"frequencies":[45.48,46.4],"lawEnforcement":false}},{"type":"Feature","geometry":{"type":"Point","coordinates":[-80.73844444444444,32.38713888888889]},"properties":{"id":"fcc/KNCR654/32.38714,-80.73844","kind":"radio","brand":"Other","rawBrand":"FCC ULS","name":"BEAUFORT, COUNTY OF (KNCR654)","operator":"BEAUFORT, COUNTY OF","directions":[],"omni":true,"zone":null,"purpose":"Public-safety radio transmitter — BEAUFORT, COUNTY OF, BEAUFORT","imageUrl":null,"fovHalfAngle":180,"frequencies":[154.1,155.985],"lawEnforcement":false}},{"type":"Feature","geometry":{"type":"Point","coordinates":[-81.07674999999999,33.965722222222226]},"properties":{"id":"fcc/KNGT933/33.96572,-81.07675","kind":"radio","brand":"Other","rawBrand":"FCC ULS","name":"CAYCE, CITY OF (KNGT933)","operator":"CAYCE, CITY OF","directions":[],"omni":true,"zone":null,"purpose":"Public-safety radio transmitter — CAYCE, CITY OF, CAYCE","imageUrl":null,"fovHalfAngle":180,"frequencies":[460.6,465.6],"lawEnforcement":false}},{"type":"Feature","geometry":{"type":"Point","coordinates":[-81.06925,33.97072222222222]},"properties":{"id":"fcc/KNGT933/33.97072,-81.06925","kind":"radio","brand":"Other","rawBrand":"FCC ULS","name":"CAYCE, CITY OF (KNGT933)","operator":"CAYCE, CITY OF","directions":[],"omni":true,"zone":null,"purpose":"Public-safety radio transmitter — CAYCE, CITY OF, CAYCE","imageUrl":null,"fovHalfAngle":180,"frequencies":[460.6,465.6],"lawEnforcement":false}},{"type":"Feature","geometry":{"type":"Point","coordinates":[-80.60647222222222,34.24597222222222]},"properties":{"id":"fcc/KNHR444/34.24597,-80.60647","kind":"radio","brand":"Other","rawBrand":"FCC ULS","name":"CAMDEN, CITY OF (KNHR444)","operator":"CAMDEN, CITY OF","directions":[],"omni":true,"zone":null,"purpose":"Public-safety radio transmitter — CAMDEN, CITY OF, CAMDEN","imageUrl":null,"fovHalfAngle":180,"frequencies":[158.82],"lawEnforcement":false}},{"type":"Feature","geometry":{"type":"Point","coordinates":[-81.63761111111111,34.30625]},"properties":{"id":"fcc/KNIS662/34.30625,-81.63761","kind":"radio","brand":"Other","rawBrand":"FCC ULS","name":"SC Emergency Management Division (KNIS662)","operator":"SC Emergency Management Division","directions":[],"omni":true,"zone":null,"purpose":"Public-safety radio transmitter — SC Emergency Management Division, NEWBERRY","imageUrl":null,"fovHalfAngle":180,"frequencies":[45.08,45.48],"lawEnforcement":false}},{"type":"Feature","geometry":{"type":"Point","coordinates":[-81.03313888888889,34.93347222222222]},"properties":{"id":"fcc/KNIS666/34.93347,-81.03314","kind":"radio","brand":"Other","rawBrand":"FCC ULS","name":"SC Emergency Management Division (KNIS666)","operator":"SC Emergency Management Division","directions":[],"omni":true,"zone":null,"purpose":"Public-safety radio transmitter — SC Emergency Management Division, ROCK HILL","imageUrl":null,"fovHalfAngle":180,"frequencies":[45.08,45.48],"lawEnforcement":false}},{"type":"Feature","geometry":{"type":"Point","coordinates":[-80.0931111111111,34.721555555555554]},"properties":{"id":"fcc/KNIS668/34.72156,-80.09311","kind":"radio","brand":"Other","rawBrand":"FCC ULS","name":"SC Emergency Management Division (KNIS668)","operator":"SC Emergency Management Division","directions":[],"omni":true,"zone":null,"purpose":"Public-safety radio transmitter — SC Emergency Management Division, CHESTERFIELD","imageUrl":null,"fovHalfAngle":180,"frequencies":[45.08,45.48],"lawEnforcement":false}},{"type":"Feature","geometry":{"type":"Point","coordinates":[-82.16427777777778,34.19011111111111]},"properties":{"id":"fcc/KNJX281/34.19011,-82.16428","kind":"radio","brand":"Other","rawBrand":"FCC ULS","name":"GREENWOOD, CITY OF (KNJX281)","operator":"GREENWOOD, CITY OF","directions":[],"omni":true,"zone":null,"purpose":"Public-safety radio transmitter — GREENWOOD, CITY OF, GREENWOOD","imageUrl":null,"fovHalfAngle":180,"frequencies":[155.04],"lawEnforcement":false}},{"type":"Feature","geometry":{"type":"Point","coordinates":[-81.24816666666666,33.98736111111111]},"properties":{"id":"fcc/KWI843/33.98736,-81.24817","kind":"radio","brand":"Other","rawBrand":"FCC ULS","name":"SOUTH CAROLINA DEPARTMENT OF TRANSPORTATION (KWI843)","operator":"SOUTH CAROLINA DEPARTMENT OF TRANSPORTATION","directions":[],"omni":true,"zone":null,"purpose":"Public-safety radio transmitter — SOUTH CAROLINA DEPARTMENT OF TRANSPORTATION, LEXINGTON","imageUrl":null,"fovHalfAngle":180,"frequencies":[45.24],"lawEnforcement":false}},{"type":"Feature","geometry":{"type":"Point","coordinates":[-82.02175,34.50038888888889]},"properties":{"id":"fcc/WCP203/34.50039,-82.02175","kind":"radio","brand":"Other","rawBrand":"FCC ULS","name":"Laurens County 911 (WCP203)","operator":"Laurens County 911","directions":[],"omni":true,"zone":null,"purpose":"Public-safety radio transmitter — Laurens County 911, LAURENS","imageUrl":null,"fovHalfAngle":180,"frequencies":[458.675],"lawEnforcement":false}},{"type":"Feature","geometry":{"type":"Point","coordinates":[-80.34147222222222,33.922666666666665]},"properties":{"id":"fcc/WNBU982/33.92267,-80.34147","kind":"radio","brand":"Other","rawBrand":"FCC ULS","name":"SC Emergency Management Division (WNBU982)","operator":"SC Emergency Management Division","directions":[],"omni":true,"zone":null,"purpose":"Public-safety radio transmitter — SC Emergency Management Division, SUMTER","imageUrl":null,"fovHalfAngle":180,"frequencies":[45.08,45.48],"lawEnforcement":false}},{"type":"Feature","geometry":{"type":"Point","coordinates":[-80.0745,34.3735]},"properties":{"id":"fcc/WNIP882/34.37350,-80.07450","kind":"radio","brand":"Other","rawBrand":"FCC ULS","name":"HARTSVILLE, CITY OF (WNIP882)","operator":"HARTSVILLE, CITY OF","directions":[],"omni":true,"zone":null,"purpose":"Public-safety radio transmitter — HARTSVILLE, CITY OF, HARTSVILLE","imageUrl":null,"fovHalfAngle":180,"frequencies":[151.3175,154.1,155.055],"lawEnforcement":false}},{"type":"Feature","geometry":{"type":"Point","coordinates":[-82.41344444444445,34.846222222222224]},"properties":{"id":"fcc/KYJ317/34.84622,-82.41344","kind":"radio","brand":"Other","rawBrand":"FCC ULS","name":"PRISMA HEALTH (KYJ317)","operator":"PRISMA HEALTH","directions":[],"omni":true,"zone":null,"purpose":"Public-safety radio transmitter — PRISMA HEALTH, GREENVILLE","imageUrl":null,"fovHalfAngle":180,"frequencies":[152.0075,155.28,155.34],"lawEnforcement":false}},{"type":"Feature","geometry":{"type":"Point","coordinates":[-82.23872222222222,34.25844444444444]},"properties":{"id":"fcc/KII641/34.25844,-82.23872","kind":"radio","brand":"Other","rawBrand":"FCC ULS","name":"South Carolina Forestry Commission (KII641)","operator":"South Carolina Forestry Commission","directions":[],"omni":true,"zone":null,"purpose":"Public-safety radio transmitter — South Carolina Forestry Commission, HODGE","imageUrl":null,"fovHalfAngle":180,"frequencies":[31.78,151.1,151.175,151.19,151.22,151.235,151.265,151.385,159.27,159.3,159.375,159.405,159.42,159.45],"lawEnforcement":false}},{"type":"Feature","geometry":{"type":"Point","coordinates":[-81.56927777777777,34.31761111111111]},"properties":{"id":"fcc/WNIK979/34.31761,-81.56928","kind":"radio","brand":"Other","rawBrand":"FCC ULS","name":"South Carolina Forestry Commission (WNIK979)","operator":"South Carolina Forestry Commission","directions":[],"omni":true,"zone":null,"purpose":"Public-safety radio transmitter — South Carolina Forestry Commission, NEWBERRY","imageUrl":null,"fovHalfAngle":180,"frequencies":[31.78,151.1,151.175,151.19,151.22,151.235,151.265,151.3475,151.385,159.27,159.3,159.375,159.405,159.42,159.45],"lawEnforcement":false}},{"type":"Feature","geometry":{"type":"Point","coordinates":[-79.30394444444444,33.44461111111111]},"properties":{"id":"fcc/WNLF901/33.44461,-79.30394","kind":"radio","brand":"Other","rawBrand":"FCC ULS","name":"SC Dept. of Natural Resources (WNLF901)","operator":"SC Dept. of Natural Resources","directions":[],"omni":true,"zone":null,"purpose":"Public-safety radio transmitter — SC Dept. of Natural Resources, GEORGETOWN","imageUrl":null,"fovHalfAngle":180,"frequencies":[151.25,151.445,159.435],"lawEnforcement":false}},{"type":"Feature","geometry":{"type":"Point","coordinates":[-81.02591666666666,33.99572222222222]},"properties":{"id":"fcc/WNMN559/33.99572,-81.02592","kind":"radio","brand":"Other","rawBrand":"FCC ULS","name":"SC Dept. of Natural Resources (WNMN559)","operator":"SC Dept. of Natural Resources","directions":[],"omni":true,"zone":null,"purpose":"Public-safety radio transmitter — SC Dept. of Natural Resources, COLUMBIA","imageUrl":null,"fovHalfAngle":180,"frequencies":[151.25,151.415,159.465],"lawEnforcement":false}},{"type":"Feature","geometry":{"type":"Point","coordinates":[-80.68161111111111,32.71180555555556]},"properties":{"id":"fcc/WNQE863/32.71181,-80.68161","kind":"radio","brand":"Other","rawBrand":"FCC ULS","name":"SC Dept. of Natural Resources (WNQE863)","operator":"SC Dept. of Natural Resources","directions":[],"omni":true,"zone":null,"purpose":"Public-safety radio transmitter — SC Dept. of Natural Resources, BEAUFORT","imageUrl":null,"fovHalfAngle":180,"frequencies":[151.25,151.31,159.165],"lawEnforcement":false}},{"type":"Feature","geometry":{"type":"Point","coordinates":[-80.46372222222223,32.558527777777776]},"properties":{"id":"fcc/WNQE863/32.55853,-80.46372","kind":"radio","brand":"Other","rawBrand":"FCC ULS","name":"SC Dept. of Natural Resources (WNQE863)","operator":"SC Dept. of Natural Resources","directions":[],"omni":true,"zone":null,"purpose":"Public-safety radio transmitter — SC Dept. of Natural Resources, GREEN POND","imageUrl":null,"fovHalfAngle":180,"frequencies":[151.25,151.31,159.165],"lawEnforcement":false}},{"type":"Feature","geometry":{"type":"Point","coordinates":[-81.06925,33.97072222222222]},"properties":{"id":"fcc/KCL241/33.97072,-81.06925","kind":"radio","brand":"Other","rawBrand":"FCC ULS","name":"CAYCE, CITY OF (KCL241)","operator":"CAYCE, CITY OF","directions":[],"omni":true,"zone":null,"purpose":"Public-safety radio transmitter — CAYCE, CITY OF, CAYCE","imageUrl":null,"fovHalfAngle":180,"frequencies":[460.05,460.15,465.05,465.1,465.15,465.2],"lawEnforcement":false}},{"type":"Feature","geometry":{"type":"Point","coordinates":[-81.10341666666666,34.07208333333334]},"properties":{"id":"fcc/KCW394/34.07208,-81.10342","kind":"radio","brand":"Other","rawBrand":"FCC ULS","name":"SOUTH CAROLINA, STATE OF (KCW394)","operator":"SOUTH CAROLINA, STATE OF","directions":[],"omni":true,"zone":null,"purpose":"Public-safety radio transmitter — SOUTH CAROLINA, STATE OF, COLUMBIA","imageUrl":null,"fovHalfAngle":180,"frequencies":[151.4375,154.0475,155.64,452.125,457.125],"lawEnforcement":false}},{"type":"Feature","geometry":{"type":"Point","coordinates":[-81.10536111111111,34.070972222222224]},"properties":{"id":"fcc/KCW394/34.07097,-81.10536","kind":"radio","brand":"Other","rawBrand":"FCC ULS","name":"SOUTH CAROLINA, STATE OF (KCW394)","operator":"SOUTH CAROLINA, STATE OF","directions":[],"omni":true,"zone":null,"purpose":"Public-safety radio transmitter — SOUTH CAROLINA, STATE OF, COLUMBIA","imageUrl":null,"fovHalfAngle":180,"frequencies":[151.4375,154.0475,155.64,452.125,457.125],"lawEnforcement":false}},{"type":"Feature","geometry":{"type":"Point","coordinates":[-81.12202777777777,34.069583333333334]},"properties":{"id":"fcc/KCW394/34.06958,-81.12203","kind":"radio","brand":"Other","rawBrand":"FCC ULS","name":"SOUTH CAROLINA, STATE OF (KCW394)","operator":"SOUTH CAROLINA, STATE OF","directions":[],"omni":true,"zone":null,"purpose":"Public-safety radio transmitter — SOUTH CAROLINA, STATE OF, COLUMBIA","imageUrl":null,"fovHalfAngle":180,"frequencies":[151.4375,154.0475,155.64,452.125,457.125],"lawEnforcement":false}},{"type":"Feature","geometry":{"type":"Point","coordinates":[-81.03869444444445,34.00822222222222]},"properties":{"id":"fcc/KCW394/34.00822,-81.03869","kind":"radio","brand":"Other","rawBrand":"FCC ULS","name":"SOUTH CAROLINA, STATE OF (KCW394)","operator":"SOUTH CAROLINA, STATE OF","directions":[],"omni":true,"zone":null,"purpose":"Public-safety radio transmitter — SOUTH CAROLINA, STATE OF, COLUMBIA","imageUrl":null,"fovHalfAngle":180,"frequencies":[151.4375,154.0475,155.64,452.125,457.125],"lawEnforcement":false}},{"type":"Feature","geometry":{"type":"Point","coordinates":[-81.05397222222221,33.99738888888889]},"properties":{"id":"fcc/KCW394/33.99739,-81.05397","kind":"radio","brand":"Other","rawBrand":"FCC ULS","name":"SOUTH CAROLINA, STATE OF (KCW394)","operator":"SOUTH CAROLINA, STATE OF","directions":[],"omni":true,"zone":null,"purpose":"Public-safety radio transmitter — SOUTH CAROLINA, STATE OF, COLUMBIA","imageUrl":null,"fovHalfAngle":180,"frequencies":[151.4375,154.0475,155.64,452.125,457.125],"lawEnforcement":false}},{"type":"Feature","geometry":{"type":"Point","coordinates":[-79.95536111111112,33.29183333333333]},"properties":{"id":"fcc/KFG426/33.29183,-79.95536","kind":"radio","brand":"Other","rawBrand":"FCC ULS","name":"SC DEPT OF NATURAL RESOURCES (KFG426)","operator":"SC DEPT OF NATURAL RESOURCES","directions":[],"omni":true,"zone":null,"purpose":"Public-safety radio transmitter — SC DEPT OF NATURAL RESOURCES, BONNEAU","imageUrl":null,"fovHalfAngle":180,"frequencies":[155.07],"lawEnforcement":false}},{"type":"Feature","geometry":{"type":"Point","coordinates":[-82.29066666666667,35.16983333333333]},"properties":{"id":"fcc/KNJZ555/35.16983,-82.29067","kind":"radio","brand":"Other","rawBrand":"FCC ULS","name":"Spartanburg County Communications / 9-1-1 (KNJZ555)","operator":"Spartanburg County Communications / 9-1-1","directions":[],"omni":true,"zone":null,"purpose":"Public-safety radio transmitter — Spartanburg County Communications / 9-1-1, TRYON","imageUrl":null,"fovHalfAngle":180,"frequencies":[460.2,465.2],"lawEnforcement":false}},{"type":"Feature","geometry":{"type":"Point","coordinates":[-79.88811111111112,34.69905555555555]},"properties":{"id":"fcc/KOD288/34.69906,-79.88811","kind":"radio","brand":"Other","rawBrand":"FCC ULS","name":"Town of Cheraw (KOD288)","operator":"Town of Cheraw","directions":[],"omni":true,"zone":null,"purpose":"Public-safety radio transmitter — Town of Cheraw, CHERAW","imageUrl":null,"fovHalfAngle":180,"frequencies":[460.25],"lawEnforcement":false}},{"type":"Feature","geometry":{"type":"Point","coordinates":[-80.29588888888888,34.67488888888889]},"properties":{"id":"fcc/KOM748/34.67489,-80.29589","kind":"radio","brand":"Other","rawBrand":"FCC ULS","name":"PAGELAND, CITY OF (KOM748)","operator":"PAGELAND, CITY OF","directions":[],"omni":true,"zone":null,"purpose":"Public-safety radio transmitter — PAGELAND, CITY OF, JEFFERSON","imageUrl":null,"fovHalfAngle":180,"frequencies":[460.175],"lawEnforcement":false}},{"type":"Feature","geometry":{"type":"Point","coordinates":[-82.41677777777778,34.94177777777777]},"properties":{"id":"fcc/KRL338/34.94178,-82.41678","kind":"radio","brand":"Other","rawBrand":"FCC ULS","name":"SOUTH CAROLINA, STATE OF (KRL338)","operator":"SOUTH CAROLINA, STATE OF","directions":[],"omni":true,"zone":null,"purpose":"Public-safety radio transmitter — SOUTH CAROLINA, STATE OF, GREENVILLE","imageUrl":null,"fovHalfAngle":180,"frequencies":[155.64,452.275,457.275],"lawEnforcement":false}},{"type":"Feature","geometry":{"type":"Point","coordinates":[-82.33788888888888,34.65511111111111]},"properties":{"id":"fcc/KRL338/34.65511,-82.33789","kind":"radio","brand":"Other","rawBrand":"FCC ULS","name":"SOUTH CAROLINA, STATE OF (KRL338)","operator":"SOUTH CAROLINA, STATE OF","directions":[],"omni":true,"zone":null,"purpose":"Public-safety radio transmitter — SOUTH CAROLINA, STATE OF, PELZER","imageUrl":null,"fovHalfAngle":180,"frequencies":[155.64,452.275,457.275],"lawEnforcement":false}},{"type":"Feature","geometry":{"type":"Point","coordinates":[-81.98455555555556,34.98038888888889]},"properties":{"id":"fcc/KRL338/34.98039,-81.98456","kind":"radio","brand":"Other","rawBrand":"FCC ULS","name":"SOUTH CAROLINA, STATE OF (KRL338)","operator":"SOUTH CAROLINA, STATE OF","directions":[],"omni":true,"zone":null,"purpose":"Public-safety radio transmitter — SOUTH CAROLINA, STATE OF, SPARTANBURG","imageUrl":null,"fovHalfAngle":180,"frequencies":[155.64,452.275,457.275],"lawEnforcement":false}},{"type":"Feature","geometry":{"type":"Point","coordinates":[-82.279,34.73872222222222]},"properties":{"id":"fcc/KRL338/34.73872,-82.27900","kind":"radio","brand":"Other","rawBrand":"FCC ULS","name":"SOUTH CAROLINA, STATE OF (KRL338)","operator":"SOUTH CAROLINA, STATE OF","directions":[],"omni":true,"zone":null,"purpose":"Public-safety radio transmitter — SOUTH CAROLINA, STATE OF, SIMPSONVILLE","imageUrl":null,"fovHalfAngle":180,"frequencies":[155.64,452.275,457.275],"lawEnforcement":false}},{"type":"Feature","geometry":{"type":"Point","coordinates":[-81.11313888888888,33.946527777777774]},"properties":{"id":"fcc/KTS665/33.94653,-81.11314","kind":"radio","brand":"Other","rawBrand":"FCC ULS","name":"Richland Lexington Airport District (KTS665)","operator":"Richland Lexington Airport District","directions":[],"omni":true,"zone":null,"purpose":"Public-safety radio transmitter — Richland Lexington Airport District, WEST COLUMBIA","imageUrl":null,"fovHalfAngle":180,"frequencies":[460.05,460.2,465.05,465.2],"lawEnforcement":false}},{"type":"Feature","geometry":{"type":"Point","coordinates":[-81.10369444444444,35.00597222222222]},"properties":{"id":"fcc/KWL345/35.00597,-81.10369","kind":"radio","brand":"Other","rawBrand":"FCC ULS","name":"YORK, COUNTY OF (KWL345)","operator":"YORK, COUNTY OF","directions":[],"omni":true,"zone":null,"purpose":"Public-safety radio transmitter — YORK, COUNTY OF, ROCK HILL","imageUrl":null,"fovHalfAngle":180,"frequencies":[158.73],"lawEnforcement":false}},{"type":"Feature","geometry":{"type":"Point","coordinates":[-81.03258333333333,34.93069444444444]},"properties":{"id":"fcc/KWL345/34.93069,-81.03258","kind":"radio","brand":"Other","rawBrand":"FCC ULS","name":"YORK, COUNTY OF (KWL345)","operator":"YORK, COUNTY OF","directions":[],"omni":true,"zone":null,"purpose":"Public-safety radio transmitter — YORK, COUNTY OF, ROCK HILL","imageUrl":null,"fovHalfAngle":180,"frequencies":[158.73],"lawEnforcement":false}},{"type":"Feature","geometry":{"type":"Point","coordinates":[-79.7208888888889,34.242666666666665]},"properties":{"id":"fcc/KXV479/34.24267,-79.72089","kind":"radio","brand":"Other","rawBrand":"FCC ULS","name":"SOUTH CAROLINA, STATE OF (KXV479)","operator":"SOUTH CAROLINA, STATE OF","directions":[],"omni":true,"zone":null,"purpose":"Public-safety radio transmitter — SOUTH CAROLINA, STATE OF, FLORENCE","imageUrl":null,"fovHalfAngle":180,"frequencies":[155.64],"lawEnforcement":false}},{"type":"Feature","geometry":{"type":"Point","coordinates":[-79.37674999999999,34.41844444444444]},"properties":{"id":"fcc/KXX605/34.41844,-79.37675","kind":"radio","brand":"Other","rawBrand":"FCC ULS","name":"DILLON, CITY OF (KXX605)","operator":"DILLON, CITY OF","directions":[],"omni":true,"zone":null,"purpose":"Public-safety radio transmitter — DILLON, CITY OF, DILLON","imageUrl":null,"fovHalfAngle":180,"frequencies":[460.225,460.25,460.475,465.225,465.25,465.475],"lawEnforcement":false}},{"type":"Feature","geometry":{"type":"Point","coordinates":[-79.3681111111111,34.4135]},"properties":{"id":"fcc/KXX605/34.41350,-79.36811","kind":"radio","brand":"Other","rawBrand":"FCC ULS","name":"DILLON, CITY OF (KXX605)","operator":"DILLON, CITY OF","directions":[],"omni":true,"zone":null,"purpose":"Public-safety radio transmitter — DILLON, CITY OF, DILLON","imageUrl":null,"fovHalfAngle":180,"frequencies":[460.225,460.25,460.475,465.225,465.25,465.475],"lawEnforcement":false}},{"type":"Feature","geometry":{"type":"Point","coordinates":[-81.02591666666666,34.06044444444444]},"properties":{"id":"fcc/KYK490/34.06044,-81.02592","kind":"radio","brand":"Other","rawBrand":"FCC ULS","name":"COLUMBIA, CITY OF (KYK490)","operator":"COLUMBIA, CITY OF","directions":[],"omni":true,"zone":null,"purpose":"Public-safety radio transmitter — COLUMBIA, CITY OF, COLUMBIA","imageUrl":null,"fovHalfAngle":180,"frequencies":[460.025,460.05,460.125,460.225,460.475,465.025,465.05,465.125,465.225,465.25,465.3,465.35,465.475],"lawEnforcement":false}},{"type":"Feature","geometry":{"type":"Point","coordinates":[-81.03425,34.01266666666667]},"properties":{"id":"fcc/KYK490/34.01267,-81.03425","kind":"radio","brand":"Other","rawBrand":"FCC ULS","name":"COLUMBIA, CITY OF (KYK490)","operator":"COLUMBIA, CITY OF","directions":[],"omni":true,"zone":null,"purpose":"Public-safety radio transmitter — COLUMBIA, CITY OF, COLUMBIA","imageUrl":null,"fovHalfAngle":180,"frequencies":[460.025,460.05,460.125,460.225,460.475,465.025,465.05,465.125,465.225,465.25,465.3,465.35,465.475],"lawEnforcement":false}},{"type":"Feature","geometry":{"type":"Point","coordinates":[-80.99980555555555,34.00877777777778]},"properties":{"id":"fcc/KYK490/34.00878,-80.99981","kind":"radio","brand":"Other","rawBrand":"FCC ULS","name":"COLUMBIA, CITY OF (KYK490)","operator":"COLUMBIA, CITY OF","directions":[],"omni":true,"zone":null,"purpose":"Public-safety radio transmitter — COLUMBIA, CITY OF, COLUMBIA","imageUrl":null,"fovHalfAngle":180,"frequencies":[460.025,460.05,460.125,460.225,460.475,465.025,465.05,465.125,465.225,465.25,465.3,465.35,465.475],"lawEnforcement":false}},{"type":"Feature","geometry":{"type":"Point","coordinates":[-79.95925,32.78905555555556]},"properties":{"id":"fcc/WBJ883/32.78906,-79.95925","kind":"radio","brand":"Other","rawBrand":"FCC ULS","name":"Charleton, City of (WBJ883)","operator":"Charleton, City of","directions":[],"omni":true,"zone":null,"purpose":"Public-safety radio transmitter — Charleton, City of, CHARLESTON","imageUrl":null,"fovHalfAngle":180,"frequencies":[156.09],"lawEnforcement":false}},{"type":"Feature","geometry":{"type":"Point","coordinates":[-82.86502777777777,34.686527777777776]},"properties":{"id":"fcc/WGM690/34.68653,-82.86503","kind":"radio","brand":"Other","rawBrand":"FCC ULS","name":"CLEMSON UNIVERSITY POLICE DEPARTMENT (WGM690)","operator":"CLEMSON UNIVERSITY POLICE DEPARTMENT","directions":[],"omni":true,"zone":null,"purpose":"Law-enforcement radio transmitter — CLEMSON UNIVERSITY POLICE DEPARTMENT, SENECA","imageUrl":null,"fovHalfAngle":180,"frequencies":[465.35,465.45],"lawEnforcement":true}},{"type":"Feature","geometry":{"type":"Point","coordinates":[-81.28399999999999,33.97069444444445]},"properties":{"id":"fcc/WNFJ811/33.97069,-81.28400","kind":"radio","brand":"Other","rawBrand":"FCC ULS","name":"LEXINGTON, COUNTY OF (WNFJ811)","operator":"LEXINGTON, COUNTY OF","directions":[],"omni":true,"zone":null,"purpose":"Public-safety radio transmitter — LEXINGTON, COUNTY OF, LEXINGTON","imageUrl":null,"fovHalfAngle":180,"frequencies":[458.9875,460.45,465.45],"lawEnforcement":false}},{"type":"Feature","geometry":{"type":"Point","coordinates":[-81.04841666666667,34.14736111111111]},"properties":{"id":"fcc/WNJR313/34.14736,-81.04842","kind":"radio","brand":"Other","rawBrand":"FCC ULS","name":"South Carolina Law Enforcement Division (SLED) (WNJR313)","operator":"South Carolina Law Enforcement Division (SLED)","directions":[],"omni":true,"zone":null,"purpose":"Law-enforcement radio transmitter — South Carolina Law Enforcement Division (SLED), COLUMBIA","imageUrl":null,"fovHalfAngle":180,"frequencies":[154.665],"lawEnforcement":true}},{"type":"Feature","geometry":{"type":"Point","coordinates":[-81.02869444444444,34.00183333333333]},"properties":{"id":"fcc/WNJR313/34.00183,-81.02869","kind":"radio","brand":"Other","rawBrand":"FCC ULS","name":"South Carolina Law Enforcement Division (SLED) (WNJR313)","operator":"South Carolina Law Enforcement Division (SLED)","directions":[],"omni":true,"zone":null,"purpose":"Law-enforcement radio transmitter — South Carolina Law Enforcement Division (SLED), COLUMBIA","imageUrl":null,"fovHalfAngle":180,"frequencies":[154.665],"lawEnforcement":true}},{"type":"Feature","geometry":{"type":"Point","coordinates":[-81.03313888888889,34.93347222222222]},"properties":{"id":"fcc/WNLJ557/34.93347,-81.03314","kind":"radio","brand":"Other","rawBrand":"FCC ULS","name":"YORK, COUNTY OF (WNLJ557)","operator":"YORK, COUNTY OF","directions":[],"omni":true,"zone":null,"purpose":"Public-safety radio transmitter — YORK, COUNTY OF, ROCK HILL","imageUrl":null,"fovHalfAngle":180,"frequencies":[155.7],"lawEnforcement":false}},{"type":"Feature","geometry":{"type":"Point","coordinates":[-81.60455555555555,34.29097222222222]},"properties":{"id":"fcc/KBG312/34.29097,-81.60456","kind":"radio","brand":"Other","rawBrand":"FCC ULS","name":"NEWBERRY COUNTY HOSPITAL (KBG312)","operator":"NEWBERRY COUNTY HOSPITAL","directions":[],"omni":true,"zone":null,"purpose":"Public-safety radio transmitter — NEWBERRY COUNTY HOSPITAL, NEWBERRY","imageUrl":null,"fovHalfAngle":180,"frequencies":[155.22,155.28,155.34,163.25],"lawEnforcement":false}},{"type":"Feature","geometry":{"type":"Point","coordinates":[-81.63094444444444,34.29597222222222]},"properties":{"id":"fcc/KBG312/34.29597,-81.63094","kind":"radio","brand":"Other","rawBrand":"FCC ULS","name":"NEWBERRY COUNTY HOSPITAL (KBG312)","operator":"NEWBERRY COUNTY HOSPITAL","directions":[],"omni":true,"zone":null,"purpose":"Public-safety radio transmitter — NEWBERRY COUNTY HOSPITAL, NEWBERRY","imageUrl":null,"fovHalfAngle":180,"frequencies":[155.22,155.28,155.34,163.25],"lawEnforcement":false}},{"type":"Feature","geometry":{"type":"Point","coordinates":[-79.76116666666667,33.85294444444445]},"properties":{"id":"fcc/KKC967/33.85294,-79.76117","kind":"radio","brand":"Other","rawBrand":"FCC ULS","name":"FLORENCE COUNTY EMERGENCY MANAGEMENT (KKC967)","operator":"FLORENCE COUNTY EMERGENCY MANAGEMENT","directions":[],"omni":true,"zone":null,"purpose":"Public-safety radio transmitter — FLORENCE COUNTY EMERGENCY MANAGEMENT, LAKE CITY","imageUrl":null,"fovHalfAngle":180,"frequencies":[155.22,155.28,155.34],"lawEnforcement":false}},{"type":"Feature","geometry":{"type":"Point","coordinates":[-79.76922222222223,34.19877777777778]},"properties":{"id":"fcc/KKC967/34.19878,-79.76922","kind":"radio","brand":"Other","rawBrand":"FCC ULS","name":"FLORENCE COUNTY EMERGENCY MANAGEMENT (KKC967)","operator":"FLORENCE COUNTY EMERGENCY MANAGEMENT","directions":[],"omni":true,"zone":null,"purpose":"Public-safety radio transmitter — FLORENCE COUNTY EMERGENCY MANAGEMENT, FLORENCE","imageUrl":null,"fovHalfAngle":180,"frequencies":[155.22,155.28,155.34],"lawEnforcement":false}},{"type":"Feature","geometry":{"type":"Point","coordinates":[-81.93344444444445,33.77597222222222]},"properties":{"id":"fcc/KUG666/33.77597,-81.93344","kind":"radio","brand":"Other","rawBrand":"FCC ULS","name":"Sef Regional Healthcare Partners (KUG666)","operator":"Sef Regional Healthcare Partners","directions":[],"omni":true,"zone":null,"purpose":"Public-safety radio transmitter — Sef Regional Healthcare Partners, EDGEFIELD","imageUrl":null,"fovHalfAngle":180,"frequencies":[155.28,155.34],"lawEnforcement":false}},{"type":"Feature","geometry":{"type":"Point","coordinates":[-81.10397222222221,34.000416666666666]},"properties":{"id":"fcc/KVN857/34.00042,-81.10397","kind":"radio","brand":"Other","rawBrand":"FCC ULS","name":"Lexington County Medical Center (KVN857)","operator":"Lexington County Medical Center","directions":[],"omni":true,"zone":null,"purpose":"Public-safety radio transmitter — Lexington County Medical Center, WEST COLUMBIA","imageUrl":null,"fovHalfAngle":180,"frequencies":[155.175],"lawEnforcement":false}},{"type":"Feature","geometry":{"type":"Point","coordinates":[-80.68816666666667,32.42102777777777]},"properties":{"id":"fcc/KXQ750/32.42103,-80.68817","kind":"radio","brand":"Other","rawBrand":"FCC ULS","name":"BEAUFORT MEMORIAL HOSPITAL (KXQ750)","operator":"BEAUFORT MEMORIAL HOSPITAL","directions":[],"omni":true,"zone":null,"purpose":"Public-safety radio transmitter — BEAUFORT MEMORIAL HOSPITAL, BEAUFORT","imageUrl":null,"fovHalfAngle":180,"frequencies":[152.0075,155.175,155.28,155.34],"lawEnforcement":false}},{"type":"Feature","geometry":{"type":"Point","coordinates":[-79.28477777777778,33.37961111111111]},"properties":{"id":"fcc/WNAS626/33.37961,-79.28478","kind":"radio","brand":"Other","rawBrand":"FCC ULS","name":"GEORGETOWN MEMORIAL HOSPITAL (WNAS626)","operator":"GEORGETOWN MEMORIAL HOSPITAL","directions":[],"omni":true,"zone":null,"purpose":"Public-safety radio transmitter — GEORGETOWN MEMORIAL HOSPITAL, GEORGETOWN","imageUrl":null,"fovHalfAngle":180,"frequencies":[453.175,462.95,467.95],"lawEnforcement":false}},{"type":"Feature","geometry":{"type":"Point","coordinates":[-80.09561111111111,34.72016666666667]},"properties":{"id":"fcc/KAY244/34.72017,-80.09561","kind":"radio","brand":"Other","rawBrand":"FCC ULS","name":"CHESTERFIELD COUNTY OF (KAY244)","operator":"CHESTERFIELD COUNTY OF","directions":[],"omni":true,"zone":null,"purpose":"Public-safety radio transmitter — CHESTERFIELD COUNTY OF, CHESTERFIELD","imageUrl":null,"fovHalfAngle":180,"frequencies":[153.92,156],"lawEnforcement":false}},{"type":"Feature","geometry":{"type":"Point","coordinates":[-80.39533333333334,34.771277777777776]},"properties":{"id":"fcc/KAY244/34.77128,-80.39533","kind":"radio","brand":"Other","rawBrand":"FCC ULS","name":"CHESTERFIELD COUNTY OF (KAY244)","operator":"CHESTERFIELD COUNTY OF","directions":[],"omni":true,"zone":null,"purpose":"Public-safety radio transmitter — CHESTERFIELD COUNTY OF, PAGELAND","imageUrl":null,"fovHalfAngle":180,"frequencies":[153.92,156],"lawEnforcement":false}},{"type":"Feature","geometry":{"type":"Point","coordinates":[-81.09394444444445,32.86113888888889]},"properties":{"id":"fcc/KFR582/32.86114,-81.09394","kind":"radio","brand":"Other","rawBrand":"FCC ULS","name":"SOUTH CAROLINA DEPARTMENT OF TRANSPORTATION (KFR582)","operator":"SOUTH CAROLINA DEPARTMENT OF TRANSPORTATION","directions":[],"omni":true,"zone":null,"purpose":"Public-safety radio transmitter — SOUTH CAROLINA DEPARTMENT OF TRANSPORTATION, HAMPTON","imageUrl":null,"fovHalfAngle":180,"frequencies":[45.16,47.2,47.34],"lawEnforcement":false}},{"type":"Feature","geometry":{"type":"Point","coordinates":[-81.72761111111112,33.57180555555556]},"properties":{"id":"fcc/KUE675/33.57181,-81.72761","kind":"radio","brand":"Other","rawBrand":"FCC ULS","name":"AIKEN COUNTY OF (KUE675)","operator":"AIKEN COUNTY OF","directions":[],"omni":true,"zone":null,"purpose":"Public-safety radio transmitter — AIKEN COUNTY OF, AIKEN","imageUrl":null,"fovHalfAngle":180,"frequencies":[72.76,72.86,75.86,75.96,155.22,155.28,155.34,155.4],"lawEnforcement":false}},{"type":"Feature","geometry":{"type":"Point","coordinates":[-81.74983333333333,33.562638888888884]},"properties":{"id":"fcc/KUE675/33.56264,-81.74983","kind":"radio","brand":"Other","rawBrand":"FCC ULS","name":"AIKEN COUNTY OF (KUE675)","operator":"AIKEN COUNTY OF","directions":[],"omni":true,"zone":null,"purpose":"Public-safety radio transmitter — AIKEN COUNTY OF, AIKEN","imageUrl":null,"fovHalfAngle":180,"frequencies":[72.76,72.86,75.86,75.96,155.22,155.28,155.34,155.4],"lawEnforcement":false}},{"type":"Feature","geometry":{"type":"Point","coordinates":[-81.9415,33.611805555555556]},"properties":{"id":"fcc/KUE675/33.61181,-81.94150","kind":"radio","brand":"Other","rawBrand":"FCC ULS","name":"AIKEN COUNTY OF (KUE675)","operator":"AIKEN COUNTY OF","directions":[],"omni":true,"zone":null,"purpose":"Public-safety radio transmitter — AIKEN COUNTY OF, MERIWETHER","imageUrl":null,"fovHalfAngle":180,"frequencies":[72.76,72.86,75.86,75.96,155.22,155.28,155.34,155.4],"lawEnforcement":false}},{"type":"Feature","geometry":{"type":"Point","coordinates":[-81.39150000000001,33.39263888888889]},"properties":{"id":"fcc/KUE675/33.39264,-81.39150","kind":"radio","brand":"Other","rawBrand":"FCC ULS","name":"AIKEN COUNTY OF (KUE675)","operator":"AIKEN COUNTY OF","directions":[],"omni":true,"zone":null,"purpose":"Public-safety radio transmitter — AIKEN COUNTY OF, WILLISTON","imageUrl":null,"fovHalfAngle":180,"frequencies":[72.76,72.86,75.86,75.96,155.22,155.28,155.34,155.4],"lawEnforcement":false}},{"type":"Feature","geometry":{"type":"Point","coordinates":[-80.39144444444445,34.77294444444444]},"properties":{"id":"fcc/WNBP883/34.77294,-80.39144","kind":"radio","brand":"Other","rawBrand":"FCC ULS","name":"PAGELAND, CITY OF (WNBP883)","operator":"PAGELAND, CITY OF","directions":[],"omni":true,"zone":null,"purpose":"Public-safety radio transmitter — PAGELAND, CITY OF, PAGELAND","imageUrl":null,"fovHalfAngle":180,"frequencies":[45.56],"lawEnforcement":false}},{"type":"Feature","geometry":{"type":"Point","coordinates":[-80.39366666666668,34.75683333333333]},"properties":{"id":"fcc/WNBP883/34.75683,-80.39367","kind":"radio","brand":"Other","rawBrand":"FCC ULS","name":"PAGELAND, CITY OF (WNBP883)","operator":"PAGELAND, CITY OF","directions":[],"omni":true,"zone":null,"purpose":"Public-safety radio transmitter — PAGELAND, CITY OF, PAGELAND","imageUrl":null,"fovHalfAngle":180,"frequencies":[45.56],"lawEnforcement":false}},{"type":"Feature","geometry":{"type":"Point","coordinates":[-80.38616666666667,34.77488888888889]},"properties":{"id":"fcc/WNBP883/34.77489,-80.38617","kind":"radio","brand":"Other","rawBrand":"FCC ULS","name":"PAGELAND, CITY OF (WNBP883)","operator":"PAGELAND, CITY OF","directions":[],"omni":true,"zone":null,"purpose":"Public-safety radio transmitter — PAGELAND, CITY OF, PAGELAND","imageUrl":null,"fovHalfAngle":180,"frequencies":[45.56],"lawEnforcement":false}},{"type":"Feature","geometry":{"type":"Point","coordinates":[-82.68430555555555,34.66705555555556]},"properties":{"id":"fcc/WNHI922/34.66706,-82.68431","kind":"radio","brand":"Other","rawBrand":"FCC ULS","name":"ANDERSON, COUNTY OF (WNHI922)","operator":"ANDERSON, COUNTY OF","directions":[],"omni":true,"zone":null,"purpose":"Public-safety radio transmitter — ANDERSON, COUNTY OF, ANDERSON","imageUrl":null,"fovHalfAngle":180,"frequencies":[153.95],"lawEnforcement":false}},{"type":"Feature","geometry":{"type":"Point","coordinates":[-83.04375,34.76869444444444]},"properties":{"id":"fcc/WNQC855/34.76869,-83.04375","kind":"radio","brand":"Other","rawBrand":"FCC ULS","name":"City of Walhalla (WNQC855)","operator":"City of Walhalla","directions":[],"omni":true,"zone":null,"purpose":"Public-safety radio transmitter — City of Walhalla, WALHALLA","imageUrl":null,"fovHalfAngle":180,"frequencies":[460.3,465.3],"lawEnforcement":false}},{"type":"Feature","geometry":{"type":"Point","coordinates":[-83.066,34.766194444444444]},"properties":{"id":"fcc/WNQC855/34.76619,-83.06600","kind":"radio","brand":"Other","rawBrand":"FCC ULS","name":"City of Walhalla (WNQC855)","operator":"City of Walhalla","directions":[],"omni":true,"zone":null,"purpose":"Public-safety radio transmitter — City of Walhalla, WALHALLA","imageUrl":null,"fovHalfAngle":180,"frequencies":[460.3,465.3],"lawEnforcement":false}},{"type":"Feature","geometry":{"type":"Point","coordinates":[-83.071,34.760083333333334]},"properties":{"id":"fcc/KSN285/34.76008,-83.07100","kind":"radio","brand":"Other","rawBrand":"FCC ULS","name":"OCONEE, COUNTY OF (KSN285)","operator":"OCONEE, COUNTY OF","directions":[],"omni":true,"zone":null,"purpose":"Public-safety radio transmitter — OCONEE, COUNTY OF, WALHALLA","imageUrl":null,"fovHalfAngle":180,"frequencies":[45.48,45.52,45.64,46.54],"lawEnforcement":false}},{"type":"Feature","geometry":{"type":"Point","coordinates":[-83.09847222222221,34.881194444444446]},"properties":{"id":"fcc/KSN285/34.88119,-83.09847","kind":"radio","brand":"Other","rawBrand":"FCC ULS","name":"OCONEE, COUNTY OF (KSN285)","operator":"OCONEE, COUNTY OF","directions":[],"omni":true,"zone":null,"purpose":"Public-safety radio transmitter — OCONEE, COUNTY OF, WALHALLA","imageUrl":null,"fovHalfAngle":180,"frequencies":[45.48,45.52,45.64,46.54],"lawEnforcement":false}},{"type":"Feature","geometry":{"type":"Point","coordinates":[-78.87433333333333,33.70444444444445]},"properties":{"id":"fcc/KNIE485/33.70444,-78.87433","kind":"radio","brand":"Other","rawBrand":"FCC ULS","name":"MYRTLE BEACH, CITY OF (KNIE485)","operator":"MYRTLE BEACH, CITY OF","directions":[],"omni":true,"zone":null,"purpose":"Public-safety radio transmitter — MYRTLE BEACH, CITY OF, MYRTLE BEACH","imageUrl":null,"fovHalfAngle":180,"frequencies":[153.83,154.175,154.22],"lawEnforcement":false}},{"type":"Feature","geometry":{"type":"Point","coordinates":[-78.8861388888889,33.70155555555556]},"properties":{"id":"fcc/KNIE485/33.70156,-78.88614","kind":"radio","brand":"Other","rawBrand":"FCC ULS","name":"MYRTLE BEACH, CITY OF (KNIE485)","operator":"MYRTLE BEACH, CITY OF","directions":[],"omni":true,"zone":null,"purpose":"Public-safety radio transmitter — MYRTLE BEACH, CITY OF, MYRTLE BEACH","imageUrl":null,"fovHalfAngle":180,"frequencies":[153.83,154.175,154.22],"lawEnforcement":false}},{"type":"Feature","geometry":{"type":"Point","coordinates":[-78.8818611111111,33.69702777777778]},"properties":{"id":"fcc/KNIE485/33.69703,-78.88186","kind":"radio","brand":"Other","rawBrand":"FCC ULS","name":"MYRTLE BEACH, CITY OF (KNIE485)","operator":"MYRTLE BEACH, CITY OF","directions":[],"omni":true,"zone":null,"purpose":"Public-safety radio transmitter — MYRTLE BEACH, CITY OF, MYRTLE BEACH","imageUrl":null,"fovHalfAngle":180,"frequencies":[153.83,154.175,154.22],"lawEnforcement":false}},{"type":"Feature","geometry":{"type":"Point","coordinates":[-81.56966666666666,34.31758333333334]},"properties":{"id":"fcc/WNIK979/34.31758,-81.56967","kind":"radio","brand":"Other","rawBrand":"FCC ULS","name":"South Carolina Forestry Commission (WNIK979)","operator":"South Carolina Forestry Commission","directions":[],"omni":true,"zone":null,"purpose":"Public-safety radio transmitter — South Carolina Forestry Commission, Newberry","imageUrl":null,"fovHalfAngle":180,"frequencies":[31.78,151.1,151.175,151.19,151.22,151.235,151.265,151.3475,151.385,159.27,159.3,159.375,159.405,159.42,159.45],"lawEnforcement":false}},{"type":"Feature","geometry":{"type":"Point","coordinates":[-80.09144444444443,34.367111111111114]},"properties":{"id":"fcc/WNIP882/34.36711,-80.09144","kind":"radio","brand":"Other","rawBrand":"FCC ULS","name":"HARTSVILLE, CITY OF (WNIP882)","operator":"HARTSVILLE, CITY OF","directions":[],"omni":true,"zone":null,"purpose":"Public-safety radio transmitter — HARTSVILLE, CITY OF, HARTSVILLE","imageUrl":null,"fovHalfAngle":180,"frequencies":[151.3175,154.1,155.055],"lawEnforcement":false}},{"type":"Feature","geometry":{"type":"Point","coordinates":[-81.643,35.069388888888895]},"properties":{"id":"fcc/WRYR840/35.06939,-81.64300","kind":"radio","brand":"Other","rawBrand":"FCC ULS","name":"CHEROKEE, COUNTY OF (WRYR840)","operator":"CHEROKEE, COUNTY OF","directions":[],"omni":true,"zone":null,"purpose":"Public-safety radio transmitter — CHEROKEE, COUNTY OF, GAFFNEY","imageUrl":null,"fovHalfAngle":180,"frequencies":[453.5625,453.925,458.5625,458.925],"lawEnforcement":false}},{"type":"Feature","geometry":{"type":"Point","coordinates":[-79.93813888888889,32.786]},"properties":{"id":"fcc/WPPV344/32.78600,-79.93814","kind":"radio","brand":"Other","rawBrand":"FCC ULS","name":"COLLEGE OF CHARLESTON PUBLIC SAFETY (WPPV344)","operator":"COLLEGE OF CHARLESTON PUBLIC SAFETY","directions":[],"omni":true,"zone":null,"purpose":"Law-enforcement radio transmitter — COLLEGE OF CHARLESTON PUBLIC SAFETY, CHARLESTON","imageUrl":null,"fovHalfAngle":180,"frequencies":[812.9875,813.9875,857.9875,858.9875],"lawEnforcement":true}},{"type":"Feature","geometry":{"type":"Point","coordinates":[-82.08316666666666,35.05011111111111]},"properties":{"id":"fcc/WNXR384/35.05011,-82.08317","kind":"radio","brand":"Other","rawBrand":"FCC ULS","name":"NEW PROSPECT FIRE DISTRICT (WNXR384)","operator":"NEW PROSPECT FIRE DISTRICT","directions":[],"omni":true,"zone":null,"purpose":"Public-safety radio transmitter — NEW PROSPECT FIRE DISTRICT, SPARTANBURG","imageUrl":null,"fovHalfAngle":180,"frequencies":[153.95],"lawEnforcement":false}},{"type":"Feature","geometry":{"type":"Point","coordinates":[-81.769,34.89597222222222]},"properties":{"id":"fcc/WPEJ613/34.89597,-81.76900","kind":"radio","brand":"Other","rawBrand":"FCC ULS","name":"PACOLET, CITY OF (WPEJ613)","operator":"PACOLET, CITY OF","directions":[],"omni":true,"zone":null,"purpose":"Public-safety radio transmitter — PACOLET, CITY OF, PACOLET","imageUrl":null,"fovHalfAngle":180,"frequencies":[154.385],"lawEnforcement":false}},{"type":"Feature","geometry":{"type":"Point","coordinates":[-80.01627777777777,34.758916666666664]},"properties":{"id":"fcc/WQP805/34.75892,-80.01628","kind":"radio","brand":"Other","rawBrand":"FCC ULS","name":"CHERAW, TOWN OF (WQP805)","operator":"CHERAW, TOWN OF","directions":[],"omni":true,"zone":null,"purpose":"Public-safety radio transmitter — CHERAW, TOWN OF, CHERAW","imageUrl":null,"fovHalfAngle":180,"frequencies":[460.6],"lawEnforcement":false}},{"type":"Feature","geometry":{"type":"Point","coordinates":[-79.94533333333334,34.646277777777776]},"properties":{"id":"fcc/WNQY774/34.64628,-79.94533","kind":"radio","brand":"Other","rawBrand":"FCC ULS","name":"SOUTH CAROLINA, STATE OF (WNQY774)","operator":"SOUTH CAROLINA, STATE OF","directions":[],"omni":true,"zone":null,"purpose":"Public-safety radio transmitter — SOUTH CAROLINA, STATE OF, CHERAW","imageUrl":null,"fovHalfAngle":180,"frequencies":[453.475,453.775,453.925,458.475,458.775,458.925],"lawEnforcement":false}},{"type":"Feature","geometry":{"type":"Point","coordinates":[-80.29955555555556,32.51269444444444]},"properties":{"id":"fcc/WNQY774/32.51269,-80.29956","kind":"radio","brand":"Other","rawBrand":"FCC ULS","name":"SOUTH CAROLINA, STATE OF (WNQY774)","operator":"SOUTH CAROLINA, STATE OF","directions":[],"omni":true,"zone":null,"purpose":"Public-safety radio transmitter — SOUTH CAROLINA, STATE OF, EDISTO","imageUrl":null,"fovHalfAngle":180,"frequencies":[453.475,453.775,453.925,458.475,458.775,458.925],"lawEnforcement":false}},{"type":"Feature","geometry":{"type":"Point","coordinates":[-79.06641666666667,33.50461111111111]},"properties":{"id":"fcc/WNQY774/33.50461,-79.06642","kind":"radio","brand":"Other","rawBrand":"FCC ULS","name":"SOUTH CAROLINA, STATE OF (WNQY774)","operator":"SOUTH CAROLINA, STATE OF","directions":[],"omni":true,"zone":null,"purpose":"Public-safety radio transmitter — SOUTH CAROLINA, STATE OF, BROOKGREEN","imageUrl":null,"fovHalfAngle":180,"frequencies":[453.475,453.775,453.925,458.475,458.775,458.925],"lawEnforcement":false}},{"type":"Feature","geometry":{"type":"Point","coordinates":[-78.9286388888889,33.65738888888889]},"properties":{"id":"fcc/WNQY774/33.65739,-78.92864","kind":"radio","brand":"Other","rawBrand":"FCC ULS","name":"SOUTH CAROLINA, STATE OF (WNQY774)","operator":"SOUTH CAROLINA, STATE OF","directions":[],"omni":true,"zone":null,"purpose":"Public-safety radio transmitter — SOUTH CAROLINA, STATE OF, MYRTLE BEACH","imageUrl":null,"fovHalfAngle":180,"frequencies":[453.475,453.775,453.925,458.475,458.775,458.925],"lawEnforcement":false}},{"type":"Feature","geometry":{"type":"Point","coordinates":[-82.40011111111112,34.449]},"properties":{"id":"fcc/WNRB973/34.44900,-82.40011","kind":"radio","brand":"Other","rawBrand":"FCC ULS","name":"HONEA PATH, TOWN OF (WNRB973)","operator":"HONEA PATH, TOWN OF","directions":[],"omni":true,"zone":null,"purpose":"Public-safety radio transmitter — HONEA PATH, TOWN OF, HONEA PATH","imageUrl":null,"fovHalfAngle":180,"frequencies":[155.31,158.805,158.94],"lawEnforcement":false}},{"type":"Feature","geometry":{"type":"Point","coordinates":[-82.99125000000001,34.69761111111111]},"properties":{"id":"fcc/WNWV524/34.69761,-82.99125","kind":"radio","brand":"Other","rawBrand":"FCC ULS","name":"SENECA, CITY OF (WNWV524)","operator":"SENECA, CITY OF","directions":[],"omni":true,"zone":null,"purpose":"Public-safety radio transmitter — SENECA, CITY OF, SENECA","imageUrl":null,"fovHalfAngle":180,"frequencies":[453.75,458.75],"lawEnforcement":false}},{"type":"Feature","geometry":{"type":"Point","coordinates":[-80.75672222222222,34.69736111111111]},"properties":{"id":"fcc/WPAG686/34.69736,-80.75672","kind":"radio","brand":"Other","rawBrand":"FCC ULS","name":"LANCASTER, CITY OF (WPAG686)","operator":"LANCASTER, CITY OF","directions":[],"omni":true,"zone":null,"purpose":"Public-safety radio transmitter — LANCASTER, CITY OF, LANCASTER","imageUrl":null,"fovHalfAngle":180,"frequencies":[155.94],"lawEnforcement":false}},{"type":"Feature","geometry":{"type":"Point","coordinates":[-81.02869444444444,34.00183333333333]},"properties":{"id":"fcc/WPBX400/34.00183,-81.02869","kind":"radio","brand":"Other","rawBrand":"FCC ULS","name":"South Carolina Emergency Management Division (WPBX400)","operator":"South Carolina Emergency Management Division","directions":[],"omni":true,"zone":null,"purpose":"Public-safety radio transmitter — South Carolina Emergency Management Division, COLUMBIA","imageUrl":null,"fovHalfAngle":180,"frequencies":[2.3274,2.4234,2.5124,5.1364,7.4814,7.9334],"lawEnforcement":false}},{"type":"Feature","geometry":{"type":"Point","coordinates":[-81.63591666666667,34.759]},"properties":{"id":"fcc/WPDH421/34.75900,-81.63592","kind":"radio","brand":"Other","rawBrand":"FCC ULS","name":"UNION, COUNTY OF (WPDH421)","operator":"UNION, COUNTY OF","directions":[],"omni":true,"zone":null,"purpose":"Public-safety radio transmitter — UNION, COUNTY OF, UNION","imageUrl":null,"fovHalfAngle":180,"frequencies":[153.8,155.82],"lawEnforcement":false}},{"type":"Feature","geometry":{"type":"Point","coordinates":[-81.12563888888889,33.945138888888884]},"properties":{"id":"fcc/WPLD288/33.94514,-81.12564","kind":"radio","brand":"Other","rawBrand":"FCC ULS","name":"RICHLAND LEXINGTON AIRPORT DISTRICT (WPLD288)","operator":"RICHLAND LEXINGTON AIRPORT DISTRICT","directions":[],"omni":true,"zone":null,"purpose":"Public-safety radio transmitter — RICHLAND LEXINGTON AIRPORT DISTRICT, WEST COLUMBIA","imageUrl":null,"fovHalfAngle":180,"frequencies":[453.725,458.725],"lawEnforcement":false}},{"type":"Feature","geometry":{"type":"Point","coordinates":[-82.70680555555556,34.87233333333334]},"properties":{"id":"fcc/WNVY969/34.87233,-82.70681","kind":"radio","brand":"Other","rawBrand":"FCC ULS","name":"South Carolina Forestry Commission (WNVY969)","operator":"South Carolina Forestry Commission","directions":[],"omni":true,"zone":null,"purpose":"Public-safety radio transmitter — South Carolina Forestry Commission, PICKENS","imageUrl":null,"fovHalfAngle":180,"frequencies":[31.78,151.1,151.175,151.19,151.205,151.22,151.2275,151.235,151.265,151.28,151.355,151.385,151.4,151.4825,159.27,159.3,159.375,159.405,159.42,159.45],"lawEnforcement":false}},{"type":"Feature","geometry":{"type":"Point","coordinates":[-81.77219444444444,33.84591666666667]},"properties":{"id":"fcc/WPCH573/33.84592,-81.77219","kind":"radio","brand":"Other","rawBrand":"FCC ULS","name":"South Carolina Forestry Commission (WPCH573)","operator":"South Carolina Forestry Commission","directions":[],"omni":true,"zone":null,"purpose":"Public-safety radio transmitter — South Carolina Forestry Commission, JOHNSTON","imageUrl":null,"fovHalfAngle":180,"frequencies":[151.19,159.405],"lawEnforcement":false}},{"type":"Feature","geometry":{"type":"Point","coordinates":[-80.21702777777777,34.19794444444444]},"properties":{"id":"fcc/WPDU958/34.19794,-80.21703","kind":"radio","brand":"Other","rawBrand":"FCC ULS","name":"SOUTH CAROLINA, STATE OF (WPDU958)","operator":"SOUTH CAROLINA, STATE OF","directions":[],"omni":true,"zone":null,"purpose":"Public-safety radio transmitter — SOUTH CAROLINA, STATE OF, BISHOPVILLE","imageUrl":null,"fovHalfAngle":180,"frequencies":[151.0475,155.1375,155.64,452.35,457.35],"lawEnforcement":false}},{"type":"Feature","geometry":{"type":"Point","coordinates":[-80.22425,34.19961111111111]},"properties":{"id":"fcc/WPDU958/34.19961,-80.22425","kind":"radio","brand":"Other","rawBrand":"FCC ULS","name":"SOUTH CAROLINA, STATE OF (WPDU958)","operator":"SOUTH CAROLINA, STATE OF","directions":[],"omni":true,"zone":null,"purpose":"Public-safety radio transmitter — SOUTH CAROLINA, STATE OF, BISHOPVILLE","imageUrl":null,"fovHalfAngle":180,"frequencies":[151.0475,155.1375,155.64,452.35,457.35],"lawEnforcement":false}},{"type":"Feature","geometry":{"type":"Point","coordinates":[-80.0778611111111,33.8935]},"properties":{"id":"fcc/WPDU958/33.89350,-80.07786","kind":"radio","brand":"Other","rawBrand":"FCC ULS","name":"SOUTH CAROLINA, STATE OF (WPDU958)","operator":"SOUTH CAROLINA, STATE OF","directions":[],"omni":true,"zone":null,"purpose":"Public-safety radio transmitter — SOUTH CAROLINA, STATE OF, TURBEVILLE","imageUrl":null,"fovHalfAngle":180,"frequencies":[151.0475,155.1375,155.64,452.35,457.35],"lawEnforcement":false}},{"type":"Feature","geometry":{"type":"Point","coordinates":[-81.9965,34.97427777777778]},"properties":{"id":"fcc/WPKC553/34.97428,-81.99650","kind":"radio","brand":"Other","rawBrand":"FCC ULS","name":"SPARTANBURG COMMUNITY COLLEGE (WPKC553)","operator":"SPARTANBURG COMMUNITY COLLEGE","directions":[],"omni":true,"zone":null,"purpose":"Public-safety radio transmitter — SPARTANBURG COMMUNITY COLLEGE, SPARTANBURG","imageUrl":null,"fovHalfAngle":180,"frequencies":[451.55,456.55],"lawEnforcement":false}},{"type":"Feature","geometry":{"type":"Point","coordinates":[-81.17119444444445,34.999583333333334]},"properties":{"id":"fcc/WPKF925/34.99958,-81.17119","kind":"radio","brand":"Other","rawBrand":"FCC ULS","name":"South Carolina Law Enforcement Division (SLED) (WPKF925)","operator":"South Carolina Law Enforcement Division (SLED)","directions":[],"omni":true,"zone":null,"purpose":"Law-enforcement radio transmitter — South Carolina Law Enforcement Division (SLED), TIRZAH","imageUrl":null,"fovHalfAngle":180,"frequencies":[154.665],"lawEnforcement":true}},{"type":"Feature","geometry":{"type":"Point","coordinates":[-80.93844444444444,32.33075]},"properties":{"id":"fcc/WPKF925/32.33075,-80.93844","kind":"radio","brand":"Other","rawBrand":"FCC ULS","name":"South Carolina Law Enforcement Division (SLED) (WPKF925)","operator":"South Carolina Law Enforcement Division (SLED)","directions":[],"omni":true,"zone":null,"purpose":"Law-enforcement radio transmitter — South Carolina Law Enforcement Division (SLED), BLUFFTON","imageUrl":null,"fovHalfAngle":180,"frequencies":[154.665],"lawEnforcement":true}},{"type":"Feature","geometry":{"type":"Point","coordinates":[-79.98730555555555,33.53488888888889]},"properties":{"id":"fcc/WPKF925/33.53489,-79.98731","kind":"radio","brand":"Other","rawBrand":"FCC ULS","name":"South Carolina Law Enforcement Division (SLED) (WPKF925)","operator":"South Carolina Law Enforcement Division (SLED)","directions":[],"omni":true,"zone":null,"purpose":"Law-enforcement radio transmitter — South Carolina Law Enforcement Division (SLED), GREELEYVILLE","imageUrl":null,"fovHalfAngle":180,"frequencies":[154.665],"lawEnforcement":true}},{"type":"Feature","geometry":{"type":"Point","coordinates":[-81.51008333333333,35.129305555555554]},"properties":{"id":"fcc/WPLV905/35.12931,-81.51008","kind":"radio","brand":"Other","rawBrand":"FCC ULS","name":"BLACKSBURG, CITY OF (WPLV905)","operator":"BLACKSBURG, CITY OF","directions":[],"omni":true,"zone":null,"purpose":"Public-safety radio transmitter — BLACKSBURG, CITY OF, BLACKSBURG","imageUrl":null,"fovHalfAngle":180,"frequencies":[460.1,465.1],"lawEnforcement":false}},{"type":"Feature","geometry":{"type":"Point","coordinates":[-80.75144444444445,34.71402777777778]},"properties":{"id":"fcc/WPLX279/34.71403,-80.75144","kind":"radio","brand":"Other","rawBrand":"FCC ULS","name":"LANCASTER, CITY OF (WPLX279)","operator":"LANCASTER, CITY OF","directions":[],"omni":true,"zone":null,"purpose":"Public-safety radio transmitter — LANCASTER, CITY OF, LANCASTER","imageUrl":null,"fovHalfAngle":180,"frequencies":[155.895,159.03],"lawEnforcement":false}},{"type":"Feature","geometry":{"type":"Point","coordinates":[-82.1893888888889,33.66352777777777]},"properties":{"id":"fcc/WPLZ653/33.66353,-82.18939","kind":"radio","brand":"Other","rawBrand":"FCC ULS","name":"COLUMBIA, COUNTY OF (WPLZ653)","operator":"COLUMBIA, COUNTY OF","directions":[],"omni":true,"zone":null,"purpose":"Public-safety radio transmitter — COLUMBIA, COUNTY OF, CLARKS HILL","imageUrl":null,"fovHalfAngle":180,"frequencies":[153.935,156.225],"lawEnforcement":false}},{"type":"Feature","geometry":{"type":"Point","coordinates":[-80.78369444444444,34.693194444444444]},"properties":{"id":"fcc/WPMA460/34.69319,-80.78369","kind":"radio","brand":"Other","rawBrand":"FCC ULS","name":"LANCASTER, CITY OF (WPMA460)","operator":"LANCASTER, CITY OF","directions":[],"omni":true,"zone":null,"purpose":"Public-safety radio transmitter — LANCASTER, CITY OF, LANCASTER","imageUrl":null,"fovHalfAngle":180,"frequencies":[150.805,156.225],"lawEnforcement":false}},{"type":"Feature","geometry":{"type":"Point","coordinates":[-81.02869444444444,34.00183333333333]},"properties":{"id":"fcc/WPPB555/34.00183,-81.02869","kind":"radio","brand":"Other","rawBrand":"FCC ULS","name":"SC Emergency Management Division (WPPB555)","operator":"SC Emergency Management Division","directions":[],"omni":true,"zone":null,"purpose":"Public-safety radio transmitter — SC Emergency Management Division, COLUMBIA","imageUrl":null,"fovHalfAngle":180,"frequencies":[460.4125,465.4125],"lawEnforcement":false}},{"type":"Feature","geometry":{"type":"Point","coordinates":[-81.41205555555557,34.18736111111111]},"properties":{"id":"fcc/WPPB555/34.18736,-81.41206","kind":"radio","brand":"Other","rawBrand":"FCC ULS","name":"SC Emergency Management Division (WPPB555)","operator":"SC Emergency Management Division","directions":[],"omni":true,"zone":null,"purpose":"Public-safety radio transmitter — SC Emergency Management Division, LITTLE MOUNTAIN","imageUrl":null,"fovHalfAngle":180,"frequencies":[460.4125,465.4125],"lawEnforcement":false}},{"type":"Feature","geometry":{"type":"Point","coordinates":[-81.265,33.365833333333335]},"properties":{"id":"fcc/WPKF925/33.36583,-81.26500","kind":"radio","brand":"Other","rawBrand":"FCC ULS","name":"South Carolina Law Enforcement Division (SLED) (WPKF925)","operator":"South Carolina Law Enforcement Division (SLED)","directions":[],"omni":true,"zone":null,"purpose":"Law-enforcement radio transmitter — South Carolina Law Enforcement Division (SLED), BLACKVILLE","imageUrl":null,"fovHalfAngle":180,"frequencies":[154.665],"lawEnforcement":true}},{"type":"Feature","geometry":{"type":"Point","coordinates":[-80.82416666666666,33.543055555555554]},"properties":{"id":"fcc/WPKF925/33.54306,-80.82417","kind":"radio","brand":"Other","rawBrand":"FCC ULS","name":"South Carolina Law Enforcement Division (SLED) (WPKF925)","operator":"South Carolina Law Enforcement Division (SLED)","directions":[],"omni":true,"zone":null,"purpose":"Law-enforcement radio transmitter — South Carolina Law Enforcement Division (SLED), ORANGEBURG","imageUrl":null,"fovHalfAngle":180,"frequencies":[154.665],"lawEnforcement":true}},{"type":"Feature","geometry":{"type":"Point","coordinates":[-79.50222222222222,33.91361111111111]},"properties":{"id":"fcc/WPYE306/33.91361,-79.50222","kind":"radio","brand":"Other","rawBrand":"FCC ULS","name":"JOHNSONVILLE VOLUNTEER FIRE DEPT (WPYE306)","operator":"JOHNSONVILLE VOLUNTEER FIRE DEPT","directions":[],"omni":true,"zone":null,"purpose":"Public-safety radio transmitter — JOHNSONVILLE VOLUNTEER FIRE DEPT, PAMPLICO","imageUrl":null,"fovHalfAngle":180,"frequencies":[154.43,156.06],"lawEnforcement":false}},{"type":"Feature","geometry":{"type":"Point","coordinates":[-82.60877777777777,34.83255555555556]},"properties":{"id":"fcc/WPYX624/34.83256,-82.60878","kind":"radio","brand":"Other","rawBrand":"FCC ULS","name":"EASLEY RESCUE SQUAD (WPYX624)","operator":"EASLEY RESCUE SQUAD","directions":[],"omni":true,"zone":null,"purpose":"Public-safety radio transmitter — EASLEY RESCUE SQUAD, EASLEY","imageUrl":null,"fovHalfAngle":180,"frequencies":[155.775,158.9025],"lawEnforcement":false}},{"type":"Feature","geometry":{"type":"Point","coordinates":[-82.58947222222221,34.838972222222225]},"properties":{"id":"fcc/WPYX624/34.83897,-82.58947","kind":"radio","brand":"Other","rawBrand":"FCC ULS","name":"EASLEY RESCUE SQUAD (WPYX624)","operator":"EASLEY RESCUE SQUAD","directions":[],"omni":true,"zone":null,"purpose":"Public-safety radio transmitter — EASLEY RESCUE SQUAD, EASLEY","imageUrl":null,"fovHalfAngle":180,"frequencies":[155.775,158.9025],"lawEnforcement":false}},{"type":"Feature","geometry":{"type":"Point","coordinates":[-82.83624999999999,34.67872222222222]},"properties":{"id":"fcc/WQAN442/34.67872,-82.83625","kind":"radio","brand":"Other","rawBrand":"FCC ULS","name":"Clemson University Fire & EMS (WQAN442)","operator":"Clemson University Fire & EMS","directions":[],"omni":true,"zone":null,"purpose":"Public-safety radio transmitter — Clemson University Fire & EMS, CLEMSON","imageUrl":null,"fovHalfAngle":180,"frequencies":[155.205],"lawEnforcement":false}},{"type":"Feature","geometry":{"type":"Point","coordinates":[-82.82252777777778,34.67669444444444]},"properties":{"id":"fcc/WQAN442/34.67669,-82.82253","kind":"radio","brand":"Other","rawBrand":"FCC ULS","name":"Clemson University Fire & EMS (WQAN442)","operator":"Clemson University Fire & EMS","directions":[],"omni":true,"zone":null,"purpose":"Public-safety radio transmitter — Clemson University Fire & EMS, CLEMSON","imageUrl":null,"fovHalfAngle":180,"frequencies":[155.205],"lawEnforcement":false}},{"type":"Feature","geometry":{"type":"Point","coordinates":[-82.49166666666667,34.52472222222222]},"properties":{"id":"fcc/WQEG711/34.52472,-82.49167","kind":"radio","brand":"Other","rawBrand":"FCC ULS","name":"BELTON, CITY OF (WQEG711)","operator":"BELTON, CITY OF","directions":[],"omni":true,"zone":null,"purpose":"Public-safety radio transmitter — BELTON, CITY OF, BELTON","imageUrl":null,"fovHalfAngle":180,"frequencies":[154.085,154.325,154.355,156.195],"lawEnforcement":false}},{"type":"Feature","geometry":{"type":"Point","coordinates":[-79.92055555555557,32.906388888888884]},"properties":{"id":"fcc/WQER759/32.90639,-79.92056","kind":"radio","brand":"Other","rawBrand":"FCC ULS","name":"South Carolina Law Enforcement Division (SLED) (WQER759)","operator":"South Carolina Law Enforcement Division (SLED)","directions":[],"omni":true,"zone":null,"purpose":"Law-enforcement radio transmitter — South Carolina Law Enforcement Division (SLED), WANDO","imageUrl":null,"fovHalfAngle":180,"frequencies":[173.075],"lawEnforcement":true}},{"type":"Feature","geometry":{"type":"Point","coordinates":[-82.69972222222222,34.44083333333333]},"properties":{"id":"fcc/WQER759/34.44083,-82.69972","kind":"radio","brand":"Other","rawBrand":"FCC ULS","name":"South Carolina Law Enforcement Division (SLED) (WQER759)","operator":"South Carolina Law Enforcement Division (SLED)","directions":[],"omni":true,"zone":null,"purpose":"Law-enforcement radio transmitter — South Carolina Law Enforcement Division (SLED), ANDERSON","imageUrl":null,"fovHalfAngle":180,"frequencies":[173.075],"lawEnforcement":true}},{"type":"Feature","geometry":{"type":"Point","coordinates":[-80.99722222222222,34.04416666666666]},"properties":{"id":"fcc/WQER759/34.04417,-80.99722","kind":"radio","brand":"Other","rawBrand":"FCC ULS","name":"South Carolina Law Enforcement Division (SLED) (WQER759)","operator":"South Carolina Law Enforcement Division (SLED)","directions":[],"omni":true,"zone":null,"purpose":"Law-enforcement radio transmitter — South Carolina Law Enforcement Division (SLED), COLUMBIA","imageUrl":null,"fovHalfAngle":180,"frequencies":[173.075],"lawEnforcement":true}},{"type":"Feature","geometry":{"type":"Point","coordinates":[-79.86422222222221,34.203500000000005]},"properties":{"id":"fcc/WQER759/34.20350,-79.86422","kind":"radio","brand":"Other","rawBrand":"FCC ULS","name":"South Carolina Law Enforcement Division (SLED) (WQER759)","operator":"South Carolina Law Enforcement Division (SLED)","directions":[],"omni":true,"zone":null,"purpose":"Law-enforcement radio transmitter — South Carolina Law Enforcement Division (SLED), Florence West","imageUrl":null,"fovHalfAngle":180,"frequencies":[173.075],"lawEnforcement":true}},{"type":"Feature","geometry":{"type":"Point","coordinates":[-82.4113888888889,34.94166666666666]},"properties":{"id":"fcc/WQER759/34.94167,-82.41139","kind":"radio","brand":"Other","rawBrand":"FCC ULS","name":"South Carolina Law Enforcement Division (SLED) (WQER759)","operator":"South Carolina Law Enforcement Division (SLED)","directions":[],"omni":true,"zone":null,"purpose":"Law-enforcement radio transmitter — South Carolina Law Enforcement Division (SLED), GREENVILLE","imageUrl":null,"fovHalfAngle":180,"frequencies":[173.075],"lawEnforcement":true}},{"type":"Feature","geometry":{"type":"Point","coordinates":[-78.87863888888889,33.78444444444444]},"properties":{"id":"fcc/WQER759/33.78444,-78.87864","kind":"radio","brand":"Other","rawBrand":"FCC ULS","name":"South Carolina Law Enforcement Division (SLED) (WQER759)","operator":"South Carolina Law Enforcement Division (SLED)","directions":[],"omni":true,"zone":null,"purpose":"Law-enforcement radio transmitter — South Carolina Law Enforcement Division (SLED), MYRTLE BEACH","imageUrl":null,"fovHalfAngle":180,"frequencies":[173.075],"lawEnforcement":true}},{"type":"Feature","geometry":{"type":"Point","coordinates":[-81.20233333333334,34.983555555555554]},"properties":{"id":"fcc/WQFD630/34.98356,-81.20233","kind":"radio","brand":"Other","rawBrand":"FCC ULS","name":"YORK, COUNTY OF (WQFD630)","operator":"YORK, COUNTY OF","directions":[],"omni":true,"zone":null,"purpose":"Public-safety radio transmitter — YORK, COUNTY OF, YORK","imageUrl":null,"fovHalfAngle":180,"frequencies":[453.8,458.8],"lawEnforcement":false}},{"type":"Feature","geometry":{"type":"Point","coordinates":[-81.53819444444444,33.900277777777774]},"properties":{"id":"fcc/WQFJ818/33.90028,-81.53819","kind":"radio","brand":"Other","rawBrand":"FCC ULS","name":"BATESBURG LEESVILLE WATER TREATMENT PLANT (WQFJ818)","operator":"BATESBURG LEESVILLE WATER TREATMENT PLANT","directions":[],"omni":true,"zone":null,"purpose":"Public-safety radio transmitter — BATESBURG LEESVILLE WATER TREATMENT PLANT, BATESBURG","imageUrl":null,"fovHalfAngle":180,"frequencies":[458.1],"lawEnforcement":false}},{"type":"Feature","geometry":{"type":"Point","coordinates":[-81.53022222222222,33.89222222222222]},"properties":{"id":"fcc/WQFJ818/33.89222,-81.53022","kind":"radio","brand":"Other","rawBrand":"FCC ULS","name":"BATESBURG LEESVILLE WATER TREATMENT PLANT (WQFJ818)","operator":"BATESBURG LEESVILLE WATER TREATMENT PLANT","directions":[],"omni":true,"zone":null,"purpose":"Public-safety radio transmitter — BATESBURG LEESVILLE WATER TREATMENT PLANT, BATESBURG","imageUrl":null,"fovHalfAngle":180,"frequencies":[458.1],"lawEnforcement":false}},{"type":"Feature","geometry":{"type":"Point","coordinates":[-82.65361111111112,34.50611111111111]},"properties":{"id":"fcc/WNRB973/34.50611,-82.65361","kind":"radio","brand":"Other","rawBrand":"FCC ULS","name":"HONEA PATH, TOWN OF (WNRB973)","operator":"HONEA PATH, TOWN OF","directions":[],"omni":true,"zone":null,"purpose":"Public-safety radio transmitter — HONEA PATH, TOWN OF, ANDERSON","imageUrl":null,"fovHalfAngle":180,"frequencies":[155.31,158.805,158.94],"lawEnforcement":false}},{"type":"Feature","geometry":{"type":"Point","coordinates":[-79.33416666666666,34.184999999999995]},"properties":{"id":"fcc/WQHH261/34.18500,-79.33417","kind":"radio","brand":"Other","rawBrand":"FCC ULS","name":"South Carolina Aeronautics Commission (WQHH261)","operator":"South Carolina Aeronautics Commission","directions":[],"omni":true,"zone":null,"purpose":"Public-safety radio transmitter — South Carolina Aeronautics Commission, MULLINS","imageUrl":null,"fovHalfAngle":180,"frequencies":[451.125],"lawEnforcement":false}},{"type":"Feature","geometry":{"type":"Point","coordinates":[-79.335,34.18333333333333]},"properties":{"id":"fcc/WQHH261/34.18333,-79.33500","kind":"radio","brand":"Other","rawBrand":"FCC ULS","name":"South Carolina Aeronautics Commission (WQHH261)","operator":"South Carolina Aeronautics Commission","directions":[],"omni":true,"zone":null,"purpose":"Public-safety radio transmitter — South Carolina Aeronautics Commission, MULLINS","imageUrl":null,"fovHalfAngle":180,"frequencies":[451.125],"lawEnforcement":false}},{"type":"Feature","geometry":{"type":"Point","coordinates":[-79.987,32.806749999999994]},"properties":{"id":"fcc/WNQY774/32.80675,-79.98700","kind":"radio","brand":"Other","rawBrand":"FCC ULS","name":"SOUTH CAROLINA, STATE OF (WNQY774)","operator":"SOUTH CAROLINA, STATE OF","directions":[],"omni":true,"zone":null,"purpose":"Public-safety radio transmitter — SOUTH CAROLINA, STATE OF, CHARLESTON","imageUrl":null,"fovHalfAngle":180,"frequencies":[453.475,453.775,453.925,458.475,458.775,458.925],"lawEnforcement":false}},{"type":"Feature","geometry":{"type":"Point","coordinates":[-80.09305555555555,34.72166666666667]},"properties":{"id":"fcc/WQOK972/34.72167,-80.09306","kind":"radio","brand":"Other","rawBrand":"FCC ULS","name":"CHESTERFIELD, COUNTY OF (WQOK972)","operator":"CHESTERFIELD, COUNTY OF","directions":[],"omni":true,"zone":null,"purpose":"Public-safety radio transmitter — CHESTERFIELD, COUNTY OF, CHESTERFIELD","imageUrl":null,"fovHalfAngle":180,"frequencies":[151.1075,158.9175],"lawEnforcement":false}},{"type":"Feature","geometry":{"type":"Point","coordinates":[-80.03772222222221,32.88458333333333]},"properties":{"id":"fcc/WQOS804/32.88458,-80.03772","kind":"radio","brand":"Other","rawBrand":"FCC ULS","name":"CHARLESTON COUNTY AVIATION AUTHORITY (WQOS804)","operator":"CHARLESTON COUNTY AVIATION AUTHORITY","directions":[],"omni":true,"zone":null,"purpose":"Public-safety radio transmitter — CHARLESTON COUNTY AVIATION AUTHORITY, CHARLESTON","imageUrl":null,"fovHalfAngle":180,"frequencies":[453.825],"lawEnforcement":false}},{"type":"Feature","geometry":{"type":"Point","coordinates":[-80.7743888888889,34.727361111111115]},"properties":{"id":"fcc/WQPF927/34.72736,-80.77439","kind":"radio","brand":"Other","rawBrand":"FCC ULS","name":"LANCASTER COUNTY EMERGENCY MANAGEMENT (WQPF927)","operator":"LANCASTER COUNTY EMERGENCY MANAGEMENT","directions":[],"omni":true,"zone":null,"purpose":"Public-safety radio transmitter — LANCASTER COUNTY EMERGENCY MANAGEMENT, LANCASTER","imageUrl":null,"fovHalfAngle":180,"frequencies":[460.5625],"lawEnforcement":false}},{"type":"Feature","geometry":{"type":"Point","coordinates":[-81.69686111111112,33.57166666666667]},"properties":{"id":"fcc/WQPM656/33.57167,-81.69686","kind":"radio","brand":"Other","rawBrand":"FCC ULS","name":"AIKEN, CITY OF  -  DEPT. OF PUBLIC SAFETY (WQPM656)","operator":"AIKEN, CITY OF  -  DEPT. OF PUBLIC SAFETY","directions":[],"omni":true,"zone":null,"purpose":"Law-enforcement radio transmitter — AIKEN, CITY OF  -  DEPT. OF PUBLIC SAFETY, AIKEN","imageUrl":null,"fovHalfAngle":180,"frequencies":[460.0625,465.0625],"lawEnforcement":true}},{"type":"Feature","geometry":{"type":"Point","coordinates":[-81.72344444444445,33.573750000000004]},"properties":{"id":"fcc/WQPM661/33.57375,-81.72344","kind":"radio","brand":"Other","rawBrand":"FCC ULS","name":"AIKEN, CITY OF  -  DEPT OF PUBLIC SAFETY (WQPM661)","operator":"AIKEN, CITY OF  -  DEPT OF PUBLIC SAFETY","directions":[],"omni":true,"zone":null,"purpose":"Law-enforcement radio transmitter — AIKEN, CITY OF  -  DEPT OF PUBLIC SAFETY, AIKEN","imageUrl":null,"fovHalfAngle":180,"frequencies":[453.2625],"lawEnforcement":true}},{"type":"Feature","geometry":{"type":"Point","coordinates":[-82.14416666666668,34.2525]},"properties":{"id":"fcc/WQPX706/34.25250,-82.14417","kind":"radio","brand":"Other","rawBrand":"FCC ULS","name":"SOUTH CAROLINA, STATE OF (WQPX706)","operator":"SOUTH CAROLINA, STATE OF","directions":[],"omni":true,"zone":null,"purpose":"Public-safety radio transmitter — SOUTH CAROLINA, STATE OF, GREENWOOD","imageUrl":null,"fovHalfAngle":180,"frequencies":[154.04,159.105],"lawEnforcement":false}},{"type":"Feature","geometry":{"type":"Point","coordinates":[-82.21669444444444,34.89191666666667]},"properties":{"id":"fcc/WQTE385/34.89192,-82.21669","kind":"radio","brand":"Other","rawBrand":"FCC ULS","name":"GREENVILLE SPARTANBURG INTERNATIONAL AIRPORT DISTRICT (WQTE385)","operator":"GREENVILLE SPARTANBURG INTERNATIONAL AIRPORT DISTRICT","directions":[],"omni":true,"zone":null,"purpose":"Public-safety radio transmitter — GREENVILLE SPARTANBURG INTERNATIONAL AIRPORT DISTRICT, GREER","imageUrl":null,"fovHalfAngle":180,"frequencies":[460.2875,465.2875],"lawEnforcement":false}},{"type":"Feature","geometry":{"type":"Point","coordinates":[-81.2713888888889,32.99388888888889]},"properties":{"id":"fcc/WQUD389/32.99389,-81.27139","kind":"radio","brand":"Other","rawBrand":"FCC ULS","name":"SOUTH CAROLINA AERONAUTICS COMMISSION (WQUD389)","operator":"SOUTH CAROLINA AERONAUTICS COMMISSION","directions":[],"omni":true,"zone":null,"purpose":"Public-safety radio transmitter — SOUTH CAROLINA AERONAUTICS COMMISSION, FAIRFAX","imageUrl":null,"fovHalfAngle":180,"frequencies":[458.5375],"lawEnforcement":false}},{"type":"Feature","geometry":{"type":"Point","coordinates":[-81.2713611111111,32.992916666666666]},"properties":{"id":"fcc/WQUD389/32.99292,-81.27136","kind":"radio","brand":"Other","rawBrand":"FCC ULS","name":"SOUTH CAROLINA AERONAUTICS COMMISSION (WQUD389)","operator":"SOUTH CAROLINA AERONAUTICS COMMISSION","directions":[],"omni":true,"zone":null,"purpose":"Public-safety radio transmitter — SOUTH CAROLINA AERONAUTICS COMMISSION, FAIRFAX","imageUrl":null,"fovHalfAngle":180,"frequencies":[458.5375],"lawEnforcement":false}},{"type":"Feature","geometry":{"type":"Point","coordinates":[-79.6125,34.62694444444445]},"properties":{"id":"fcc/WQVW557/34.62694,-79.61250","kind":"radio","brand":"Other","rawBrand":"FCC ULS","name":"MARLBORO, COUNTY OF (WQVW557)","operator":"MARLBORO, COUNTY OF","directions":[],"omni":true,"zone":null,"purpose":"Public-safety radio transmitter — MARLBORO, COUNTY OF, BENNETTSVILLE","imageUrl":null,"fovHalfAngle":180,"frequencies":[151.1375,154.4525,154.65,154.875,154.95,155.7525,155.97,158.7375,159,159.4725],"lawEnforcement":false}},{"type":"Feature","geometry":{"type":"Point","coordinates":[-80.09072222222221,34.72063888888889]},"properties":{"id":"fcc/WQWJ299/34.72064,-80.09072","kind":"radio","brand":"Other","rawBrand":"FCC ULS","name":"CHESTERFIELD, COUNTY OF (WQWJ299)","operator":"CHESTERFIELD, COUNTY OF","directions":[],"omni":true,"zone":null,"purpose":"Public-safety radio transmitter — CHESTERFIELD, COUNTY OF, CHESTERFIELD","imageUrl":null,"fovHalfAngle":180,"frequencies":[453.2375,458.2375,458.725],"lawEnforcement":false}},{"type":"Feature","geometry":{"type":"Point","coordinates":[-81.63591666666667,34.759]},"properties":{"id":"fcc/WQXH401/34.75900,-81.63592","kind":"radio","brand":"Other","rawBrand":"FCC ULS","name":"UNION, COUNTY OF (WQXH401)","operator":"UNION, COUNTY OF","directions":[],"omni":true,"zone":null,"purpose":"Public-safety radio transmitter — UNION, COUNTY OF, UNION","imageUrl":null,"fovHalfAngle":180,"frequencies":[156.075,159.12],"lawEnforcement":false}},{"type":"Feature","geometry":{"type":"Point","coordinates":[-83.09847222222221,34.881194444444446]},"properties":{"id":"fcc/WQXW677/34.88119,-83.09847","kind":"radio","brand":"Other","rawBrand":"FCC ULS","name":"OCONEE, COUNTY OF (WQXW677)","operator":"OCONEE, COUNTY OF","directions":[],"omni":true,"zone":null,"purpose":"Public-safety radio transmitter — OCONEE, COUNTY OF, MOUNTAIN REST","imageUrl":null,"fovHalfAngle":180,"frequencies":[453.475,453.6,453.725,453.7375,458.475,458.6,458.725,458.7375,460.575,460.6125,465.575,465.6125],"lawEnforcement":false}},{"type":"Feature","geometry":{"type":"Point","coordinates":[-83.03908333333334,34.61094444444445]},"properties":{"id":"fcc/WQXW677/34.61094,-83.03908","kind":"radio","brand":"Other","rawBrand":"FCC ULS","name":"OCONEE, COUNTY OF (WQXW677)","operator":"OCONEE, COUNTY OF","directions":[],"omni":true,"zone":null,"purpose":"Public-safety radio transmitter — OCONEE, COUNTY OF, WESTMINISTER","imageUrl":null,"fovHalfAngle":180,"frequencies":[453.475,453.6,453.725,453.7375,458.475,458.6,458.725,458.7375,460.575,460.6125,465.575,465.6125],"lawEnforcement":false}},{"type":"Feature","geometry":{"type":"Point","coordinates":[-83.09766666666667,34.66511111111111]},"properties":{"id":"fcc/WQXW677/34.66511,-83.09767","kind":"radio","brand":"Other","rawBrand":"FCC ULS","name":"OCONEE, COUNTY OF (WQXW677)","operator":"OCONEE, COUNTY OF","directions":[],"omni":true,"zone":null,"purpose":"Public-safety radio transmitter — OCONEE, COUNTY OF, WESTMINISTER","imageUrl":null,"fovHalfAngle":180,"frequencies":[453.475,453.6,453.725,453.7375,458.475,458.6,458.725,458.7375,460.575,460.6125,465.575,465.6125],"lawEnforcement":false}},{"type":"Feature","geometry":{"type":"Point","coordinates":[-83.23172222222222,34.81169444444444]},"properties":{"id":"fcc/WQXW677/34.81169,-83.23172","kind":"radio","brand":"Other","rawBrand":"FCC ULS","name":"OCONEE, COUNTY OF (WQXW677)","operator":"OCONEE, COUNTY OF","directions":[],"omni":true,"zone":null,"purpose":"Public-safety radio transmitter — OCONEE, COUNTY OF, MOUNTAIN REST","imageUrl":null,"fovHalfAngle":180,"frequencies":[453.475,453.6,453.725,453.7375,458.475,458.6,458.725,458.7375,460.575,460.6125,465.575,465.6125],"lawEnforcement":false}},{"type":"Feature","geometry":{"type":"Point","coordinates":[-81.41166666666668,34.18733333333333]},"properties":{"id":"fcc/WQXX713/34.18733,-81.41167","kind":"radio","brand":"Other","rawBrand":"FCC ULS","name":"SOUTH CAROLINA EMERGENCY MANAGEMENT DIVISION (WQXX713)","operator":"SOUTH CAROLINA EMERGENCY MANAGEMENT DIVISION","directions":[],"omni":true,"zone":null,"purpose":"Public-safety radio transmitter — SOUTH CAROLINA EMERGENCY MANAGEMENT DIVISION, LITTLE MOUNTAIN","imageUrl":null,"fovHalfAngle":180,"frequencies":[45.08,45.48],"lawEnforcement":false}},{"type":"Feature","geometry":{"type":"Point","coordinates":[-81.01833333333333,34.83980555555556]},"properties":{"id":"fcc/WQXX713/34.83981,-81.01833","kind":"radio","brand":"Other","rawBrand":"FCC ULS","name":"SOUTH CAROLINA EMERGENCY MANAGEMENT DIVISION (WQXX713)","operator":"SOUTH CAROLINA EMERGENCY MANAGEMENT DIVISION","directions":[],"omni":true,"zone":null,"purpose":"Public-safety radio transmitter — SOUTH CAROLINA EMERGENCY MANAGEMENT DIVISION, ROCK HILL","imageUrl":null,"fovHalfAngle":180,"frequencies":[45.08,45.48],"lawEnforcement":false}},{"type":"Feature","geometry":{"type":"Point","coordinates":[-80.99972222222222,34.00861111111111]},"properties":{"id":"fcc/WQYA432/34.00861,-80.99972","kind":"radio","brand":"Other","rawBrand":"FCC ULS","name":"RICHLAND, COUNTY OF (WQYA432)","operator":"RICHLAND, COUNTY OF","directions":[],"omni":true,"zone":null,"purpose":"Public-safety radio transmitter — RICHLAND, COUNTY OF, COLUMBIA","imageUrl":null,"fovHalfAngle":180,"frequencies":[155.4,158.9475],"lawEnforcement":false}},{"type":"Feature","geometry":{"type":"Point","coordinates":[-83.07044444444445,34.761916666666664]},"properties":{"id":"fcc/WQXW677/34.76192,-83.07044","kind":"radio","brand":"Other","rawBrand":"FCC ULS","name":"OCONEE, COUNTY OF (WQXW677)","operator":"OCONEE, COUNTY OF","directions":[],"omni":true,"zone":null,"purpose":"Public-safety radio transmitter — OCONEE, COUNTY OF, Walhalla","imageUrl":null,"fovHalfAngle":180,"frequencies":[453.475,453.6,453.725,453.7375,458.475,458.6,458.725,458.7375,460.575,460.6125,465.575,465.6125],"lawEnforcement":false}},{"type":"Feature","geometry":{"type":"Point","coordinates":[-82.92444444444445,34.84275]},"properties":{"id":"fcc/WQXW677/34.84275,-82.92444","kind":"radio","brand":"Other","rawBrand":"FCC ULS","name":"OCONEE, COUNTY OF (WQXW677)","operator":"OCONEE, COUNTY OF","directions":[],"omni":true,"zone":null,"purpose":"Public-safety radio transmitter — OCONEE, COUNTY OF, Salem","imageUrl":null,"fovHalfAngle":180,"frequencies":[453.475,453.6,453.725,453.7375,458.475,458.6,458.725,458.7375,460.575,460.6125,465.575,465.6125],"lawEnforcement":false}},{"type":"Feature","geometry":{"type":"Point","coordinates":[-79.88286111111111,32.83352777777778]},"properties":{"id":"fcc/WQYP683/32.83353,-79.88286","kind":"radio","brand":"Other","rawBrand":"FCC ULS","name":"SOUTH CAROLINA PORTS AUTHORITY (WQYP683)","operator":"SOUTH CAROLINA PORTS AUTHORITY","directions":[],"omni":true,"zone":null,"purpose":"Public-safety radio transmitter — SOUTH CAROLINA PORTS AUTHORITY, CHARLESTON","imageUrl":null,"fovHalfAngle":180,"frequencies":[453.05,453.1625,453.2625,453.625,458.05,458.1625,458.2625,458.625],"lawEnforcement":false}},{"type":"Feature","geometry":{"type":"Point","coordinates":[-79.39491666666667,34.38869444444445]},"properties":{"id":"fcc/WQYP683/34.38869,-79.39492","kind":"radio","brand":"Other","rawBrand":"FCC ULS","name":"SOUTH CAROLINA PORTS AUTHORITY (WQYP683)","operator":"SOUTH CAROLINA PORTS AUTHORITY","directions":[],"omni":true,"zone":null,"purpose":"Public-safety radio transmitter — SOUTH CAROLINA PORTS AUTHORITY, DILLON","imageUrl":null,"fovHalfAngle":180,"frequencies":[453.05,453.1625,453.2625,453.625,458.05,458.1625,458.2625,458.625],"lawEnforcement":false}},{"type":"Feature","geometry":{"type":"Point","coordinates":[-80.98716666666667,35.02886111111111]},"properties":{"id":"fcc/WRAQ631/35.02886,-80.98717","kind":"radio","brand":"Other","rawBrand":"FCC ULS","name":"YORK, COUNTY OF (WRAQ631)","operator":"YORK, COUNTY OF","directions":[],"omni":true,"zone":null,"purpose":"Public-safety radio transmitter — YORK, COUNTY OF, FORT MILL","imageUrl":null,"fovHalfAngle":180,"frequencies":[453.2625,458.2625],"lawEnforcement":false}},{"type":"Feature","geometry":{"type":"Point","coordinates":[-81.08313888888888,35.069861111111116]},"properties":{"id":"fcc/WRAQ631/35.06986,-81.08314","kind":"radio","brand":"Other","rawBrand":"FCC ULS","name":"YORK, COUNTY OF (WRAQ631)","operator":"YORK, COUNTY OF","directions":[],"omni":true,"zone":null,"purpose":"Public-safety radio transmitter — YORK, COUNTY OF, YORK","imageUrl":null,"fovHalfAngle":180,"frequencies":[453.2625,458.2625],"lawEnforcement":false}},{"type":"Feature","geometry":{"type":"Point","coordinates":[-80.90547222222223,35.05694444444444]},"properties":{"id":"fcc/WRAQ631/35.05694,-80.90547","kind":"radio","brand":"Other","rawBrand":"FCC ULS","name":"YORK, COUNTY OF (WRAQ631)","operator":"YORK, COUNTY OF","directions":[],"omni":true,"zone":null,"purpose":"Public-safety radio transmitter — YORK, COUNTY OF, FORT MILL","imageUrl":null,"fovHalfAngle":180,"frequencies":[453.2625,458.2625],"lawEnforcement":false}},{"type":"Feature","geometry":{"type":"Point","coordinates":[-81.07927777777778,35.03477777777778]},"properties":{"id":"fcc/WRAQ631/35.03478,-81.07928","kind":"radio","brand":"Other","rawBrand":"FCC ULS","name":"YORK, COUNTY OF (WRAQ631)","operator":"YORK, COUNTY OF","directions":[],"omni":true,"zone":null,"purpose":"Public-safety radio transmitter — YORK, COUNTY OF, YORK","imageUrl":null,"fovHalfAngle":180,"frequencies":[453.2625,458.2625],"lawEnforcement":false}},{"type":"Feature","geometry":{"type":"Point","coordinates":[-80.96000000000001,35.059999999999995]},"properties":{"id":"fcc/WRAQ631/35.06000,-80.96000","kind":"radio","brand":"Other","rawBrand":"FCC ULS","name":"YORK, COUNTY OF (WRAQ631)","operator":"YORK, COUNTY OF","directions":[],"omni":true,"zone":null,"purpose":"Public-safety radio transmitter — YORK, COUNTY OF, FORT MILL","imageUrl":null,"fovHalfAngle":180,"frequencies":[453.2625,458.2625],"lawEnforcement":false}},{"type":"Feature","geometry":{"type":"Point","coordinates":[-81.07238888888888,35.036138888888885]},"properties":{"id":"fcc/WRAQ631/35.03614,-81.07239","kind":"radio","brand":"Other","rawBrand":"FCC ULS","name":"YORK, COUNTY OF (WRAQ631)","operator":"YORK, COUNTY OF","directions":[],"omni":true,"zone":null,"purpose":"Public-safety radio transmitter — YORK, COUNTY OF, YORK","imageUrl":null,"fovHalfAngle":180,"frequencies":[453.2625,458.2625],"lawEnforcement":false}},{"type":"Feature","geometry":{"type":"Point","coordinates":[-79.30055555555555,33.44499999999999]},"properties":{"id":"fcc/WRBN907/33.44500,-79.30056","kind":"radio","brand":"Other","rawBrand":"FCC ULS","name":"GEORGETOWN COUNTY PARKS AND RECREATION (WRBN907)","operator":"GEORGETOWN COUNTY PARKS AND RECREATION","directions":[],"omni":true,"zone":null,"purpose":"Public-safety radio transmitter — GEORGETOWN COUNTY PARKS AND RECREATION, GEORGETOWN","imageUrl":null,"fovHalfAngle":180,"frequencies":[154.04,158.745],"lawEnforcement":false}},{"type":"Feature","geometry":{"type":"Point","coordinates":[-79.9205,32.90633333333333]},"properties":{"id":"fcc/WRCT654/32.90633,-79.92050","kind":"radio","brand":"Other","rawBrand":"FCC ULS","name":"BERKELEY, COUNTY OF (WRCT654)","operator":"BERKELEY, COUNTY OF","directions":[],"omni":true,"zone":null,"purpose":"Public-safety radio transmitter — BERKELEY, COUNTY OF, NORTH CHARLESTON","imageUrl":null,"fovHalfAngle":180,"frequencies":[153.7775,158.7525],"lawEnforcement":false}},{"type":"Feature","geometry":{"type":"Point","coordinates":[-80.03888888888889,33.12583333333333]},"properties":{"id":"fcc/WRCT654/33.12583,-80.03889","kind":"radio","brand":"Other","rawBrand":"FCC ULS","name":"BERKELEY, COUNTY OF (WRCT654)","operator":"BERKELEY, COUNTY OF","directions":[],"omni":true,"zone":null,"purpose":"Public-safety radio transmitter — BERKELEY, COUNTY OF, MONCKS CORNER","imageUrl":null,"fovHalfAngle":180,"frequencies":[153.7775,158.7525],"lawEnforcement":false}},{"type":"Feature","geometry":{"type":"Point","coordinates":[-81.64208333333335,34.684916666666666]},"properties":{"id":"fcc/WRDC448/34.68492,-81.64208","kind":"radio","brand":"Other","rawBrand":"FCC ULS","name":"SOUTH CAROLINA AERONAUTICS COMMISSION (WRDC448)","operator":"SOUTH CAROLINA AERONAUTICS COMMISSION","directions":[],"omni":true,"zone":null,"purpose":"Public-safety radio transmitter — SOUTH CAROLINA AERONAUTICS COMMISSION, UNION","imageUrl":null,"fovHalfAngle":180,"frequencies":[460.025],"lawEnforcement":false}},{"type":"Feature","geometry":{"type":"Point","coordinates":[-81.64119444444445,34.684749999999994]},"properties":{"id":"fcc/WRDC448/34.68475,-81.64119","kind":"radio","brand":"Other","rawBrand":"FCC ULS","name":"SOUTH CAROLINA AERONAUTICS COMMISSION (WRDC448)","operator":"SOUTH CAROLINA AERONAUTICS COMMISSION","directions":[],"omni":true,"zone":null,"purpose":"Public-safety radio transmitter — SOUTH CAROLINA AERONAUTICS COMMISSION, UNION","imageUrl":null,"fovHalfAngle":180,"frequencies":[460.025],"lawEnforcement":false}},{"type":"Feature","geometry":{"type":"Point","coordinates":[-80.78777777777778,34.70333333333333]},"properties":{"id":"fcc/WRDZ515/34.70333,-80.78778","kind":"radio","brand":"Other","rawBrand":"FCC ULS","name":"LANCASTER HOUSING AUTHORITY SC (WRDZ515)","operator":"LANCASTER HOUSING AUTHORITY SC","directions":[],"omni":true,"zone":null,"purpose":"Public-safety radio transmitter — LANCASTER HOUSING AUTHORITY SC, LANCASTER","imageUrl":null,"fovHalfAngle":180,"frequencies":[153.8375,155.8575],"lawEnforcement":false}},{"type":"Feature","geometry":{"type":"Point","coordinates":[-79.95683333333334,32.90636111111111]},"properties":{"id":"fcc/WQYP683/32.90636,-79.95683","kind":"radio","brand":"Other","rawBrand":"FCC ULS","name":"SOUTH CAROLINA PORTS AUTHORITY (WQYP683)","operator":"SOUTH CAROLINA PORTS AUTHORITY","directions":[],"omni":true,"zone":null,"purpose":"Public-safety radio transmitter — SOUTH CAROLINA PORTS AUTHORITY, NORTH CHARLESTON","imageUrl":null,"fovHalfAngle":180,"frequencies":[453.05,453.1625,453.2625,453.625,458.05,458.1625,458.2625,458.625],"lawEnforcement":false}},{"type":"Feature","geometry":{"type":"Point","coordinates":[-78.68555555555555,33.82833333333333]},"properties":{"id":"fcc/WRFP514/33.82833,-78.68556","kind":"radio","brand":"Other","rawBrand":"FCC ULS","name":"North Myrtle Beach, City of (WRFP514)","operator":"North Myrtle Beach, City of","directions":[],"omni":true,"zone":null,"purpose":"Public-safety radio transmitter — North Myrtle Beach, City of, NORTH MYRTLE BEACH","imageUrl":null,"fovHalfAngle":180,"frequencies":[156,159.2175],"lawEnforcement":false}},{"type":"Feature","geometry":{"type":"Point","coordinates":[-79.93394444444445,32.837694444444445]},"properties":{"id":"fcc/WQYP683/32.83769,-79.93394","kind":"radio","brand":"Other","rawBrand":"FCC ULS","name":"SOUTH CAROLINA PORTS AUTHORITY (WQYP683)","operator":"SOUTH CAROLINA PORTS AUTHORITY","directions":[],"omni":true,"zone":null,"purpose":"Public-safety radio transmitter — SOUTH CAROLINA PORTS AUTHORITY, NORTH CHARLESTON","imageUrl":null,"fovHalfAngle":180,"frequencies":[453.05,453.1625,453.2625,453.625,458.05,458.1625,458.2625,458.625],"lawEnforcement":false}},{"type":"Feature","geometry":{"type":"Point","coordinates":[-81.6863888888889,34.72833333333333]},"properties":{"id":"fcc/WRNC334/34.72833,-81.68639","kind":"radio","brand":"Other","rawBrand":"FCC ULS","name":"Buffalo Fire District (WRNC334)","operator":"Buffalo Fire District","directions":[],"omni":true,"zone":null,"purpose":"Public-safety radio transmitter — Buffalo Fire District, Buffalo","imageUrl":null,"fovHalfAngle":180,"frequencies":[155.1,159],"lawEnforcement":false}},{"type":"Feature","geometry":{"type":"Point","coordinates":[-81.94011111111112,34.967333333333336]},"properties":{"id":"fcc/WRQR664/34.96733,-81.94011","kind":"radio","brand":"Other","rawBrand":"FCC ULS","name":"SPARTANBURG REGIONAL MEDICAL CENTER (WRQR664)","operator":"SPARTANBURG REGIONAL MEDICAL CENTER","directions":[],"omni":true,"zone":null,"purpose":"Public-safety radio transmitter — SPARTANBURG REGIONAL MEDICAL CENTER, SPARTANBURG","imageUrl":null,"fovHalfAngle":180,"frequencies":[75.5,155.28,155.34,163.25],"lawEnforcement":false}},{"type":"Feature","geometry":{"type":"Point","coordinates":[-82.41122222222222,34.9415]},"properties":{"id":"fcc/WRQR664/34.94150,-82.41122","kind":"radio","brand":"Other","rawBrand":"FCC ULS","name":"SPARTANBURG REGIONAL MEDICAL CENTER (WRQR664)","operator":"SPARTANBURG REGIONAL MEDICAL CENTER","directions":[],"omni":true,"zone":null,"purpose":"Public-safety radio transmitter — SPARTANBURG REGIONAL MEDICAL CENTER, GREENVILLE","imageUrl":null,"fovHalfAngle":180,"frequencies":[75.5,155.28,155.34,163.25],"lawEnforcement":false}},{"type":"Feature","geometry":{"type":"Point","coordinates":[-82.21944444444445,34.86277777777778]},"properties":{"id":"fcc/WRQR664/34.86278,-82.21944","kind":"radio","brand":"Other","rawBrand":"FCC ULS","name":"SPARTANBURG REGIONAL MEDICAL CENTER (WRQR664)","operator":"SPARTANBURG REGIONAL MEDICAL CENTER","directions":[],"omni":true,"zone":null,"purpose":"Public-safety radio transmitter — SPARTANBURG REGIONAL MEDICAL CENTER, GREER","imageUrl":null,"fovHalfAngle":180,"frequencies":[75.5,155.28,155.34,163.25],"lawEnforcement":false}},{"type":"Feature","geometry":{"type":"Point","coordinates":[-80.09305555555555,34.72166666666667]},"properties":{"id":"fcc/WRTX757/34.72167,-80.09306","kind":"radio","brand":"Other","rawBrand":"FCC ULS","name":"CHESTERFIELD, COUNTY OF (WRTX757)","operator":"CHESTERFIELD, COUNTY OF","directions":[],"omni":true,"zone":null,"purpose":"Public-safety radio transmitter — CHESTERFIELD, COUNTY OF, CHESTERFIELD","imageUrl":null,"fovHalfAngle":180,"frequencies":[453.5125,453.6875,453.8125,458.5125,458.6875,458.8125,460.0625,460.225,460.4125,465.0625,465.225,465.4125],"lawEnforcement":false}},{"type":"Feature","geometry":{"type":"Point","coordinates":[-80.29583333333333,34.675]},"properties":{"id":"fcc/WRTX757/34.67500,-80.29583","kind":"radio","brand":"Other","rawBrand":"FCC ULS","name":"CHESTERFIELD, COUNTY OF (WRTX757)","operator":"CHESTERFIELD, COUNTY OF","directions":[],"omni":true,"zone":null,"purpose":"Public-safety radio transmitter — CHESTERFIELD, COUNTY OF, JEFFERSON","imageUrl":null,"fovHalfAngle":180,"frequencies":[453.5125,453.6875,453.8125,458.5125,458.6875,458.8125,460.0625,460.225,460.4125,465.0625,465.225,465.4125],"lawEnforcement":false}},{"type":"Feature","geometry":{"type":"Point","coordinates":[-79.94527777777778,34.64611111111111]},"properties":{"id":"fcc/WRTX757/34.64611,-79.94528","kind":"radio","brand":"Other","rawBrand":"FCC ULS","name":"CHESTERFIELD, COUNTY OF (WRTX757)","operator":"CHESTERFIELD, COUNTY OF","directions":[],"omni":true,"zone":null,"purpose":"Public-safety radio transmitter — CHESTERFIELD, COUNTY OF, CHERAW","imageUrl":null,"fovHalfAngle":180,"frequencies":[453.5125,453.6875,453.8125,458.5125,458.6875,458.8125,460.0625,460.225,460.4125,465.0625,465.225,465.4125],"lawEnforcement":false}},{"type":"Feature","geometry":{"type":"Point","coordinates":[-80.25791666666667,34.467333333333336]},"properties":{"id":"fcc/WRTX757/34.46733,-80.25792","kind":"radio","brand":"Other","rawBrand":"FCC ULS","name":"CHESTERFIELD, COUNTY OF (WRTX757)","operator":"CHESTERFIELD, COUNTY OF","directions":[],"omni":true,"zone":null,"purpose":"Public-safety radio transmitter — CHESTERFIELD, COUNTY OF, MCBEE","imageUrl":null,"fovHalfAngle":180,"frequencies":[453.5125,453.6875,453.8125,458.5125,458.6875,458.8125,460.0625,460.225,460.4125,465.0625,465.225,465.4125],"lawEnforcement":false}},{"type":"Feature","geometry":{"type":"Point","coordinates":[-80.42658333333334,34.74633333333333]},"properties":{"id":"fcc/WRTX757/34.74633,-80.42658","kind":"radio","brand":"Other","rawBrand":"FCC ULS","name":"CHESTERFIELD, COUNTY OF (WRTX757)","operator":"CHESTERFIELD, COUNTY OF","directions":[],"omni":true,"zone":null,"purpose":"Public-safety radio transmitter — CHESTERFIELD, COUNTY OF, Pageland","imageUrl":null,"fovHalfAngle":180,"frequencies":[453.5125,453.6875,453.8125,458.5125,458.6875,458.8125,460.0625,460.225,460.4125,465.0625,465.225,465.4125],"lawEnforcement":false}},{"type":"Feature","geometry":{"type":"Point","coordinates":[-80.0423888888889,34.510194444444444]},"properties":{"id":"fcc/WRTX757/34.51019,-80.04239","kind":"radio","brand":"Other","rawBrand":"FCC ULS","name":"CHESTERFIELD, COUNTY OF (WRTX757)","operator":"CHESTERFIELD, COUNTY OF","directions":[],"omni":true,"zone":null,"purpose":"Public-safety radio transmitter — CHESTERFIELD, COUNTY OF, Patrick","imageUrl":null,"fovHalfAngle":180,"frequencies":[453.5125,453.6875,453.8125,458.5125,458.6875,458.8125,460.0625,460.225,460.4125,465.0625,465.225,465.4125],"lawEnforcement":false}},{"type":"Feature","geometry":{"type":"Point","coordinates":[-79.93905555555556,34.36705555555556]},"properties":{"id":"fcc/WSNI617/34.36706,-79.93906","kind":"radio","brand":"Other","rawBrand":"FCC ULS","name":"DARLINGTON, COUNTY OF (WSNI617)","operator":"DARLINGTON, COUNTY OF","directions":[],"omni":true,"zone":null,"purpose":"Public-safety radio transmitter — DARLINGTON, COUNTY OF, DARLINGTON","imageUrl":null,"fovHalfAngle":180,"frequencies":[153.89,154.25,154.37,154.445],"lawEnforcement":false}},{"type":"Feature","geometry":{"type":"Point","coordinates":[-80.16744444444446,34.39369444444444]},"properties":{"id":"fcc/WSNI617/34.39369,-80.16744","kind":"radio","brand":"Other","rawBrand":"FCC ULS","name":"DARLINGTON, COUNTY OF (WSNI617)","operator":"DARLINGTON, COUNTY OF","directions":[],"omni":true,"zone":null,"purpose":"Public-safety radio transmitter — DARLINGTON, COUNTY OF, HARTSVILLE","imageUrl":null,"fovHalfAngle":180,"frequencies":[153.89,154.25,154.37,154.445],"lawEnforcement":false}},{"type":"Feature","geometry":{"type":"Point","coordinates":[-79.80772222222222,34.299638888888886]},"properties":{"id":"fcc/WSNI617/34.29964,-79.80772","kind":"radio","brand":"Other","rawBrand":"FCC ULS","name":"DARLINGTON, COUNTY OF (WSNI617)","operator":"DARLINGTON, COUNTY OF","directions":[],"omni":true,"zone":null,"purpose":"Public-safety radio transmitter — DARLINGTON, COUNTY OF, DARLINGTON","imageUrl":null,"fovHalfAngle":180,"frequencies":[153.89,154.25,154.37,154.445],"lawEnforcement":false}},{"type":"Feature","geometry":{"type":"Point","coordinates":[-80.164,34.18677777777778]},"properties":{"id":"fcc/WSNI617/34.18678,-80.16400","kind":"radio","brand":"Other","rawBrand":"FCC ULS","name":"DARLINGTON, COUNTY OF (WSNI617)","operator":"DARLINGTON, COUNTY OF","directions":[],"omni":true,"zone":null,"purpose":"Public-safety radio transmitter — DARLINGTON, COUNTY OF, DARLINGTON","imageUrl":null,"fovHalfAngle":180,"frequencies":[153.89,154.25,154.37,154.445],"lawEnforcement":false}},{"type":"Feature","geometry":{"type":"Point","coordinates":[-79.99505555555555,34.462722222222226]},"properties":{"id":"fcc/WSNI617/34.46272,-79.99506","kind":"radio","brand":"Other","rawBrand":"FCC ULS","name":"DARLINGTON, COUNTY OF (WSNI617)","operator":"DARLINGTON, COUNTY OF","directions":[],"omni":true,"zone":null,"purpose":"Public-safety radio transmitter — DARLINGTON, COUNTY OF, HARTSVILLE","imageUrl":null,"fovHalfAngle":180,"frequencies":[153.89,154.25,154.37,154.445],"lawEnforcement":false}},{"type":"Feature","geometry":{"type":"Point","coordinates":[-82.78291666666667,34.65233333333333]},"properties":{"id":"fcc/KDA394/34.65233,-82.78292","kind":"radio","brand":"Other","rawBrand":"FCC ULS","name":"ANDERSON, COUNTY OF (KDA394)","operator":"ANDERSON, COUNTY OF","directions":[],"omni":true,"zone":null,"purpose":"Public-safety radio transmitter — ANDERSON, COUNTY OF, PENDLETON","imageUrl":null,"fovHalfAngle":180,"frequencies":[153.95],"lawEnforcement":false}},{"type":"Feature","geometry":{"type":"Point","coordinates":[-83.05458333333333,34.230111111111114]},"properties":{"id":"fcc/WSW706/34.23011,-83.05458","kind":"radio","brand":"Other","rawBrand":"FCC ULS","name":"Ascend Performance Materials LLC (WSW706)","operator":"Ascend Performance Materials LLC","directions":[],"omni":true,"zone":null,"purpose":"Public-safety radio transmitter — Ascend Performance Materials LLC, GREENWOOD","imageUrl":null,"fovHalfAngle":180,"frequencies":[154.43],"lawEnforcement":false}},{"type":"Feature","geometry":{"type":"Point","coordinates":[-82.38427777777778,34.76566666666667]},"properties":{"id":"fcc/WXK748/34.76567,-82.38428","kind":"radio","brand":"Other","rawBrand":"FCC ULS","name":"DONALDSON CENTER FIRE DEPARTMENT (WXK748)","operator":"DONALDSON CENTER FIRE DEPARTMENT","directions":[],"omni":true,"zone":null,"purpose":"Public-safety radio transmitter — DONALDSON CENTER FIRE DEPARTMENT, GREENVILLE","imageUrl":null,"fovHalfAngle":180,"frequencies":[154.43,156.165,159.0975],"lawEnforcement":false}},{"type":"Feature","geometry":{"type":"Point","coordinates":[-82.49152777777778,34.565666666666665]},"properties":{"id":"fcc/KFT497/34.56567,-82.49153","kind":"radio","brand":"Other","rawBrand":"FCC ULS","name":"ANDERSON, COUNTY OF (KFT497)","operator":"ANDERSON, COUNTY OF","directions":[],"omni":true,"zone":null,"purpose":"Public-safety radio transmitter — ANDERSON, COUNTY OF, BELTON","imageUrl":null,"fovHalfAngle":180,"frequencies":[153.95],"lawEnforcement":false}},{"type":"Feature","geometry":{"type":"Point","coordinates":[-82.66569444444445,34.309555555555555]},"properties":{"id":"fcc/KFT498/34.30956,-82.66569","kind":"radio","brand":"Other","rawBrand":"FCC ULS","name":"ANDERSON, COUNTY OF (KFT498)","operator":"ANDERSON, COUNTY OF","directions":[],"omni":true,"zone":null,"purpose":"Public-safety radio transmitter — ANDERSON, COUNTY OF, IVA","imageUrl":null,"fovHalfAngle":180,"frequencies":[153.95],"lawEnforcement":false}},{"type":"Feature","geometry":{"type":"Point","coordinates":[-80.74761111111111,32.39380555555555]},"properties":{"id":"fcc/WZJ345/32.39381,-80.74761","kind":"radio","brand":"Other","rawBrand":"FCC ULS","name":"BEAUFORT, COUNTY OF (WZJ345)","operator":"BEAUFORT, COUNTY OF","directions":[],"omni":true,"zone":null,"purpose":"Public-safety radio transmitter — BEAUFORT, COUNTY OF, BEAUFORT","imageUrl":null,"fovHalfAngle":180,"frequencies":[154.355],"lawEnforcement":false}},{"type":"Feature","geometry":{"type":"Point","coordinates":[-80.68705555555556,32.43658333333333]},"properties":{"id":"fcc/WZJ345/32.43658,-80.68706","kind":"radio","brand":"Other","rawBrand":"FCC ULS","name":"BEAUFORT, COUNTY OF (WZJ345)","operator":"BEAUFORT, COUNTY OF","directions":[],"omni":true,"zone":null,"purpose":"Public-safety radio transmitter — BEAUFORT, COUNTY OF, BEAUFORT","imageUrl":null,"fovHalfAngle":180,"frequencies":[154.355],"lawEnforcement":false}},{"type":"Feature","geometry":{"type":"Point","coordinates":[-80.76344444444445,32.161027777777775]},"properties":{"id":"fcc/WZJ345/32.16103,-80.76344","kind":"radio","brand":"Other","rawBrand":"FCC ULS","name":"BEAUFORT, COUNTY OF (WZJ345)","operator":"BEAUFORT, COUNTY OF","directions":[],"omni":true,"zone":null,"purpose":"Public-safety radio transmitter — BEAUFORT, COUNTY OF, HILTON HEAD ISLAND","imageUrl":null,"fovHalfAngle":180,"frequencies":[154.355],"lawEnforcement":false}},{"type":"Feature","geometry":{"type":"Point","coordinates":[-80.83333333333333,32.333333333333336]},"properties":{"id":"fcc/WZJ345/32.33333,-80.83333","kind":"radio","brand":"Other","rawBrand":"FCC ULS","name":"BEAUFORT, COUNTY OF (WZJ345)","operator":"BEAUFORT, COUNTY OF","directions":[],"omni":true,"zone":null,"purpose":"Public-safety radio transmitter — BEAUFORT, COUNTY OF, BEAUFORT","imageUrl":null,"fovHalfAngle":180,"frequencies":[154.355],"lawEnforcement":false}},{"type":"Feature","geometry":{"type":"Point","coordinates":[-81.14286111111112,34.88513888888889]},"properties":{"id":"fcc/WZJ437/34.88514,-81.14286","kind":"radio","brand":"Other","rawBrand":"FCC ULS","name":"YORK, COUNTY OF (WZJ437)","operator":"YORK, COUNTY OF","directions":[],"omni":true,"zone":null,"purpose":"Public-safety radio transmitter — YORK, COUNTY OF, ROCK HILL","imageUrl":null,"fovHalfAngle":180,"frequencies":[154.145],"lawEnforcement":false}},{"type":"Feature","geometry":{"type":"Point","coordinates":[-81.29594444444444,33.93125]},"properties":{"id":"fcc/WYR739/33.93125,-81.29594","kind":"radio","brand":"Other","rawBrand":"FCC ULS","name":"County of Lexington (WYR739)","operator":"County of Lexington","directions":[],"omni":true,"zone":null,"purpose":"Public-safety radio transmitter — County of Lexington, LEXINGTON","imageUrl":null,"fovHalfAngle":180,"frequencies":[45.12,45.24,45.52],"lawEnforcement":false}},{"type":"Feature","geometry":{"type":"Point","coordinates":[-81.23511111111111,33.98013888888889]},"properties":{"id":"fcc/WYR739/33.98014,-81.23511","kind":"radio","brand":"Other","rawBrand":"FCC ULS","name":"County of Lexington (WYR739)","operator":"County of Lexington","directions":[],"omni":true,"zone":null,"purpose":"Public-safety radio transmitter — County of Lexington, LEXINGTON","imageUrl":null,"fovHalfAngle":180,"frequencies":[45.12,45.24,45.52],"lawEnforcement":false}},{"type":"Feature","geometry":{"type":"Point","coordinates":[-81.23233333333333,33.962361111111115]},"properties":{"id":"fcc/WYR739/33.96236,-81.23233","kind":"radio","brand":"Other","rawBrand":"FCC ULS","name":"County of Lexington (WYR739)","operator":"County of Lexington","directions":[],"omni":true,"zone":null,"purpose":"Public-safety radio transmitter — County of Lexington, LEXINGTON","imageUrl":null,"fovHalfAngle":180,"frequencies":[45.12,45.24,45.52],"lawEnforcement":false}},{"type":"Feature","geometry":{"type":"Point","coordinates":[-81.28399999999999,33.97069444444445]},"properties":{"id":"fcc/WYR739/33.97069,-81.28400","kind":"radio","brand":"Other","rawBrand":"FCC ULS","name":"County of Lexington (WYR739)","operator":"County of Lexington","directions":[],"omni":true,"zone":null,"purpose":"Public-safety radio transmitter — County of Lexington, LEXINGTON","imageUrl":null,"fovHalfAngle":180,"frequencies":[45.12,45.24,45.52],"lawEnforcement":false}},{"type":"Feature","geometry":{"type":"Point","coordinates":[-82.57819444444443,34.80011111111111]},"properties":{"id":"fcc/KJU241/34.80011,-82.57819","kind":"radio","brand":"Other","rawBrand":"FCC ULS","name":"ANDERSON, COUNTY OF (KJU241)","operator":"ANDERSON, COUNTY OF","directions":[],"omni":true,"zone":null,"purpose":"Public-safety radio transmitter — ANDERSON, COUNTY OF, PIEDMONT","imageUrl":null,"fovHalfAngle":180,"frequencies":[153.95],"lawEnforcement":false}},{"type":"Feature","geometry":{"type":"Point","coordinates":[-80.86508333333333,33.496]},"properties":{"id":"fcc/WZN667/33.49600,-80.86508","kind":"radio","brand":"Other","rawBrand":"FCC ULS","name":"SC Emergency Management Division (WZN667)","operator":"SC Emergency Management Division","directions":[],"omni":true,"zone":null,"purpose":"Public-safety radio transmitter — SC Emergency Management Division, ORANGEBURG","imageUrl":null,"fovHalfAngle":180,"frequencies":[45.08,45.48],"lawEnforcement":false}},{"type":"Feature","geometry":{"type":"Point","coordinates":[-80.57483333333333,33.18683333333333]},"properties":{"id":"fcc/WZN669/33.18683,-80.57483","kind":"radio","brand":"Other","rawBrand":"FCC ULS","name":"SC Emergency Management Division (WZN669)","operator":"SC Emergency Management Division","directions":[],"omni":true,"zone":null,"purpose":"Public-safety radio transmitter — SC Emergency Management Division, SAINT GEORGE","imageUrl":null,"fovHalfAngle":180,"frequencies":[45.08,45.48],"lawEnforcement":false}},{"type":"Feature","geometry":{"type":"Point","coordinates":[-81.30844444444445,33.00738888888889]},"properties":{"id":"fcc/KNBL827/33.00739,-81.30844","kind":"radio","brand":"Other","rawBrand":"FCC ULS","name":"ALLENDALE, COUNTY OF (KNBL827)","operator":"ALLENDALE, COUNTY OF","directions":[],"omni":true,"zone":null,"purpose":"Public-safety radio transmitter — ALLENDALE, COUNTY OF, ALLENDALE","imageUrl":null,"fovHalfAngle":180,"frequencies":[151.04,154.175,154.265,156.06],"lawEnforcement":false}},{"type":"Feature","geometry":{"type":"Point","coordinates":[-81.348,33.03261111111111]},"properties":{"id":"fcc/KNBL827/33.03261,-81.34800","kind":"radio","brand":"Other","rawBrand":"FCC ULS","name":"ALLENDALE, COUNTY OF (KNBL827)","operator":"ALLENDALE, COUNTY OF","directions":[],"omni":true,"zone":null,"purpose":"Public-safety radio transmitter — ALLENDALE, COUNTY OF, ALLENDALE","imageUrl":null,"fovHalfAngle":180,"frequencies":[151.04,154.175,154.265,156.06],"lawEnforcement":false}},{"type":"Feature","geometry":{"type":"Point","coordinates":[-80.60258333333333,34.34458333333333]},"properties":{"id":"fcc/KYW896/34.34458,-80.60258","kind":"radio","brand":"Other","rawBrand":"FCC ULS","name":"KERSHAW, COUNTY OF (KYW896)","operator":"KERSHAW, COUNTY OF","directions":[],"omni":true,"zone":null,"purpose":"Public-safety radio transmitter — KERSHAW, COUNTY OF, CAMDEN","imageUrl":null,"fovHalfAngle":180,"frequencies":[154.01,154.355],"lawEnforcement":false}},{"type":"Feature","geometry":{"type":"Point","coordinates":[-80.61063888888889,34.249583333333334]},"properties":{"id":"fcc/KYW896/34.24958,-80.61064","kind":"radio","brand":"Other","rawBrand":"FCC ULS","name":"KERSHAW, COUNTY OF (KYW896)","operator":"KERSHAW, COUNTY OF","directions":[],"omni":true,"zone":null,"purpose":"Public-safety radio transmitter — KERSHAW, COUNTY OF, CAMDEN","imageUrl":null,"fovHalfAngle":180,"frequencies":[154.01,154.355],"lawEnforcement":false}},{"type":"Feature","geometry":{"type":"Point","coordinates":[-81.64786111111111,35.07180555555556]},"properties":{"id":"fcc/WZJ526/35.07181,-81.64786","kind":"radio","brand":"Other","rawBrand":"FCC ULS","name":"CHEROKEE, COUNTY OF (WZJ526)","operator":"CHEROKEE, COUNTY OF","directions":[],"omni":true,"zone":null,"purpose":"Public-safety radio transmitter — CHEROKEE, COUNTY OF, GAFFNEY","imageUrl":null,"fovHalfAngle":180,"frequencies":[150.79,154.28,154.4,458.0625,458.1125,465.5125],"lawEnforcement":false}},{"type":"Feature","geometry":{"type":"Point","coordinates":[-81.52425,35.08347222222223]},"properties":{"id":"fcc/WZJ526/35.08347,-81.52425","kind":"radio","brand":"Other","rawBrand":"FCC ULS","name":"CHEROKEE, COUNTY OF (WZJ526)","operator":"CHEROKEE, COUNTY OF","directions":[],"omni":true,"zone":null,"purpose":"Public-safety radio transmitter — CHEROKEE, COUNTY OF, BLACKSBURG","imageUrl":null,"fovHalfAngle":180,"frequencies":[150.79,154.28,154.4,458.0625,458.1125,465.5125],"lawEnforcement":false}},{"type":"Feature","geometry":{"type":"Point","coordinates":[-81.76872222222222,35.109]},"properties":{"id":"fcc/WZJ526/35.10900,-81.76872","kind":"radio","brand":"Other","rawBrand":"FCC ULS","name":"CHEROKEE, COUNTY OF (WZJ526)","operator":"CHEROKEE, COUNTY OF","directions":[],"omni":true,"zone":null,"purpose":"Public-safety radio transmitter — CHEROKEE, COUNTY OF, GAFFNEY","imageUrl":null,"fovHalfAngle":180,"frequencies":[150.79,154.28,154.4,458.0625,458.1125,465.5125],"lawEnforcement":false}},{"type":"Feature","geometry":{"type":"Point","coordinates":[-81.63702777777779,35.08847222222222]},"properties":{"id":"fcc/WZJ526/35.08847,-81.63703","kind":"radio","brand":"Other","rawBrand":"FCC ULS","name":"CHEROKEE, COUNTY OF (WZJ526)","operator":"CHEROKEE, COUNTY OF","directions":[],"omni":true,"zone":null,"purpose":"Public-safety radio transmitter — CHEROKEE, COUNTY OF, GAFFNEY","imageUrl":null,"fovHalfAngle":180,"frequencies":[150.79,154.28,154.4,458.0625,458.1125,465.5125],"lawEnforcement":false}},{"type":"Feature","geometry":{"type":"Point","coordinates":[-82.0291388888889,34.48863888888889]},"properties":{"id":"fcc/KET377/34.48864,-82.02914","kind":"radio","brand":"Other","rawBrand":"FCC ULS","name":"SOUTH CAROLINA DEPARTMENT OF TRANSPORTATION (KET377)","operator":"SOUTH CAROLINA DEPARTMENT OF TRANSPORTATION","directions":[],"omni":true,"zone":null,"purpose":"Public-safety radio transmitter — SOUTH CAROLINA DEPARTMENT OF TRANSPORTATION, LAURENS","imageUrl":null,"fovHalfAngle":180,"frequencies":[45.52,47.18,47.34],"lawEnforcement":false}},{"type":"Feature","geometry":{"type":"Point","coordinates":[-80.56013888888889,33.18011111111111]},"properties":{"id":"fcc/KFR583/33.18011,-80.56014","kind":"radio","brand":"Other","rawBrand":"FCC ULS","name":"SOUTH CAROLINA DEPARTMENT OF TRANSPORTATION (KFR583)","operator":"SOUTH CAROLINA DEPARTMENT OF TRANSPORTATION","directions":[],"omni":true,"zone":null,"purpose":"Public-safety radio transmitter — SOUTH CAROLINA DEPARTMENT OF TRANSPORTATION, SAINT GEORGE","imageUrl":null,"fovHalfAngle":180,"frequencies":[45.44,47.04,47.34],"lawEnforcement":false}},{"type":"Feature","geometry":{"type":"Point","coordinates":[-81.07636111111111,34.89691666666667]},"properties":{"id":"fcc/KFR587/34.89692,-81.07636","kind":"radio","brand":"Other","rawBrand":"FCC ULS","name":"SOUTH CAROLINA DEPARTMENT OF TRANSPORTATION (KFR587)","operator":"SOUTH CAROLINA DEPARTMENT OF TRANSPORTATION","directions":[],"omni":true,"zone":null,"purpose":"Public-safety radio transmitter — SOUTH CAROLINA DEPARTMENT OF TRANSPORTATION, ROCK HILL","imageUrl":null,"fovHalfAngle":180,"frequencies":[45.36,47.04,47.22,47.34],"lawEnforcement":false}},{"type":"Feature","geometry":{"type":"Point","coordinates":[-82.16308333333333,34.173027777777776]},"properties":{"id":"fcc/KIG786/34.17303,-82.16308","kind":"radio","brand":"Other","rawBrand":"FCC ULS","name":"SOUTH CAROLINA DEPARTMENT OF TRANSPORTATION (KIG786)","operator":"SOUTH CAROLINA DEPARTMENT OF TRANSPORTATION","directions":[],"omni":true,"zone":null,"purpose":"Public-safety radio transmitter — SOUTH CAROLINA DEPARTMENT OF TRANSPORTATION, GREENWOOD","imageUrl":null,"fovHalfAngle":180,"frequencies":[45.32,47.2,47.34],"lawEnforcement":false}},{"type":"Feature","geometry":{"type":"Point","coordinates":[-80.98058333333333,32.47683333333334]},"properties":{"id":"fcc/KIH215/32.47683,-80.98058","kind":"radio","brand":"Other","rawBrand":"FCC ULS","name":"SOUTH CAROLINA DEPARTMENT OF TRANSPORTATION (KIH215)","operator":"SOUTH CAROLINA DEPARTMENT OF TRANSPORTATION","directions":[],"omni":true,"zone":null,"purpose":"Public-safety radio transmitter — SOUTH CAROLINA DEPARTMENT OF TRANSPORTATION, RIDGELAND","imageUrl":null,"fovHalfAngle":180,"frequencies":[45.2,47.04,47.22,47.28,47.34],"lawEnforcement":false}},{"type":"Feature","geometry":{"type":"Point","coordinates":[-80.32333333333332,33.93861111111111]},"properties":{"id":"fcc/KIN503/33.93861,-80.32333","kind":"radio","brand":"Other","rawBrand":"FCC ULS","name":"SOUTH CAROLINA DEPARTMENT OF TRANSPORTATION (KIN503)","operator":"SOUTH CAROLINA DEPARTMENT OF TRANSPORTATION","directions":[],"omni":true,"zone":null,"purpose":"Public-safety radio transmitter — SOUTH CAROLINA DEPARTMENT OF TRANSPORTATION, SUMTER","imageUrl":null,"fovHalfAngle":180,"frequencies":[45.4,47.22,47.28,47.34],"lawEnforcement":false}},{"type":"Feature","geometry":{"type":"Point","coordinates":[-81.67963888888889,35.05902777777777]},"properties":{"id":"fcc/KIN505/35.05903,-81.67964","kind":"radio","brand":"Other","rawBrand":"FCC ULS","name":"SOUTH CAROLINA DEPARTMENT OF TRANSPORTATION (KIN505)","operator":"SOUTH CAROLINA DEPARTMENT OF TRANSPORTATION","directions":[],"omni":true,"zone":null,"purpose":"Public-safety radio transmitter — SOUTH CAROLINA DEPARTMENT OF TRANSPORTATION, GAFFNEY","imageUrl":null,"fovHalfAngle":180,"frequencies":[45.16,47.18,47.22,47.34],"lawEnforcement":false}},{"type":"Feature","geometry":{"type":"Point","coordinates":[-80.0856111111111,34.737944444444445]},"properties":{"id":"fcc/KIR712/34.73794,-80.08561","kind":"radio","brand":"Other","rawBrand":"FCC ULS","name":"SOUTH CAROLINA DEPARTMENT OF TRANSPORTATION (KIR712)","operator":"SOUTH CAROLINA DEPARTMENT OF TRANSPORTATION","directions":[],"omni":true,"zone":null,"purpose":"Public-safety radio transmitter — SOUTH CAROLINA DEPARTMENT OF TRANSPORTATION, CHESTERFIELD","imageUrl":null,"fovHalfAngle":180,"frequencies":[45.12,47.08,47.22,47.34],"lawEnforcement":false}},{"type":"Feature","geometry":{"type":"Point","coordinates":[-80.47947222222223,33.36911111111111]},"properties":{"id":"fcc/KIR714/33.36911,-80.47947","kind":"radio","brand":"Other","rawBrand":"FCC ULS","name":"SOUTH CAROLINA DEPARTMENT OF TRANSPORTATION (KIR714)","operator":"SOUTH CAROLINA DEPARTMENT OF TRANSPORTATION","directions":[],"omni":true,"zone":null,"purpose":"Public-safety radio transmitter — SOUTH CAROLINA DEPARTMENT OF TRANSPORTATION, HOLLY HILL","imageUrl":null,"fovHalfAngle":180,"frequencies":[45.44,47.22,47.34],"lawEnforcement":false}},{"type":"Feature","geometry":{"type":"Point","coordinates":[-81.99766666666667,34.97236111111111]},"properties":{"id":"fcc/KIY220/34.97236,-81.99767","kind":"radio","brand":"Other","rawBrand":"FCC ULS","name":"SOUTH CAROLINA DEPARTMENT OF TRANSPORTATION (KIY220)","operator":"SOUTH CAROLINA DEPARTMENT OF TRANSPORTATION","directions":[],"omni":true,"zone":null,"purpose":"Public-safety radio transmitter — SOUTH CAROLINA DEPARTMENT OF TRANSPORTATION, SPARTANBURG","imageUrl":null,"fovHalfAngle":180,"frequencies":[45.56,47.28,47.34],"lawEnforcement":false}},{"type":"Feature","geometry":{"type":"Point","coordinates":[-79.88694444444445,34.29325]},"properties":{"id":"fcc/KRF444/34.29325,-79.88694","kind":"radio","brand":"Other","rawBrand":"FCC ULS","name":"SOUTH CAROLINA DEPARTMENT OF TRANSPORTATION (KRF444)","operator":"SOUTH CAROLINA DEPARTMENT OF TRANSPORTATION","directions":[],"omni":true,"zone":null,"purpose":"Public-safety radio transmitter — SOUTH CAROLINA DEPARTMENT OF TRANSPORTATION, DARLINGTON","imageUrl":null,"fovHalfAngle":180,"frequencies":[45.2,47.22,47.28,47.34,47.36],"lawEnforcement":false}},{"type":"Feature","geometry":{"type":"Point","coordinates":[-81.24730555555556,34.98791666666667]},"properties":{"id":"fcc/KTB272/34.98792,-81.24731","kind":"radio","brand":"Other","rawBrand":"FCC ULS","name":"SOUTH CAROLINA DEPARTMENT OF TRANSPORTATION (KTB272)","operator":"SOUTH CAROLINA DEPARTMENT OF TRANSPORTATION","directions":[],"omni":true,"zone":null,"purpose":"Public-safety radio transmitter — SOUTH CAROLINA DEPARTMENT OF TRANSPORTATION, YORK","imageUrl":null,"fovHalfAngle":180,"frequencies":[47.04,47.22,47.34],"lawEnforcement":false}},{"type":"Feature","geometry":{"type":"Point","coordinates":[-81.00841666666666,33.971555555555554]},"properties":{"id":"fcc/KYG609/33.97156,-81.00842","kind":"radio","brand":"Other","rawBrand":"FCC ULS","name":"SOUTH CAROLINA DEPARTMENT OF TRANSPORTATION (KYG609)","operator":"SOUTH CAROLINA DEPARTMENT OF TRANSPORTATION","directions":[],"omni":true,"zone":null,"purpose":"Public-safety radio transmitter — SOUTH CAROLINA DEPARTMENT OF TRANSPORTATION, COLUMBIA","imageUrl":null,"fovHalfAngle":180,"frequencies":[47.22,47.28,47.34],"lawEnforcement":false}},{"type":"Feature","geometry":{"type":"Point","coordinates":[-80.76088888888889,34.71625]},"properties":{"id":"fcc/KAS433/34.71625,-80.76089","kind":"radio","brand":"Other","rawBrand":"FCC ULS","name":"LANCASTER, CITY OF (KAS433)","operator":"LANCASTER, CITY OF","directions":[],"omni":true,"zone":null,"purpose":"Public-safety radio transmitter — LANCASTER, CITY OF, LANCASTER","imageUrl":null,"fovHalfAngle":180,"frequencies":[155.94],"lawEnforcement":false}},{"type":"Feature","geometry":{"type":"Point","coordinates":[-81.99733333333333,34.974555555555554]},"properties":{"id":"fcc/KFM437/34.97456,-81.99733","kind":"radio","brand":"Other","rawBrand":"FCC ULS","name":"Spartanburg County Communications / 9-1-1 (KFM437)","operator":"Spartanburg County Communications / 9-1-1","directions":[],"omni":true,"zone":null,"purpose":"Public-safety radio transmitter — Spartanburg County Communications / 9-1-1, SPARTANBURG","imageUrl":null,"fovHalfAngle":180,"frequencies":[153.905,154.025,155.145,155.895],"lawEnforcement":false}},{"type":"Feature","geometry":{"type":"Point","coordinates":[-80.6665,32.90266666666667]},"properties":{"id":"fcc/KJK665/32.90267,-80.66650","kind":"radio","brand":"Other","rawBrand":"FCC ULS","name":"South Carolina Emergency Management Division (KJK665)","operator":"South Carolina Emergency Management Division","directions":[],"omni":true,"zone":null,"purpose":"Public-safety radio transmitter — South Carolina Emergency Management Division, WALTERBORO","imageUrl":null,"fovHalfAngle":180,"frequencies":[45.08,45.48],"lawEnforcement":false}},{"type":"Feature","geometry":{"type":"Point","coordinates":[-81.9665,33.50819444444444]},"properties":{"id":"fcc/KNCN358/33.50819,-81.96650","kind":"radio","brand":"Other","rawBrand":"FCC ULS","name":"NORTH AUGUSTA, CITY OF (KNCN358)","operator":"NORTH AUGUSTA, CITY OF","directions":[],"omni":true,"zone":null,"purpose":"Public-safety radio transmitter — NORTH AUGUSTA, CITY OF, NORTH AUGUSTA","imageUrl":null,"fovHalfAngle":180,"frequencies":[453.275,458.275],"lawEnforcement":false}},{"type":"Feature","geometry":{"type":"Point","coordinates":[-79.65644444444445,34.646]},"properties":{"id":"fcc/KNNS624/34.64600,-79.65644","kind":"radio","brand":"Other","rawBrand":"FCC ULS","name":"BENNETTSVILLE, CITY OF (KNNS624)","operator":"BENNETTSVILLE, CITY OF","directions":[],"omni":true,"zone":null,"purpose":"Public-safety radio transmitter — BENNETTSVILLE, CITY OF, BENNETTSVILLE","imageUrl":null,"fovHalfAngle":180,"frequencies":[155.895,159.84],"lawEnforcement":false}},{"type":"Feature","geometry":{"type":"Point","coordinates":[-82.16261111111112,34.18872222222222]},"properties":{"id":"fcc/KWL644/34.18872,-82.16261","kind":"radio","brand":"Other","rawBrand":"FCC ULS","name":"GREENWOOD, COUNTY OF (KWL644)","operator":"GREENWOOD, COUNTY OF","directions":[],"omni":true,"zone":null,"purpose":"Public-safety radio transmitter — GREENWOOD, COUNTY OF, GREENWOOD","imageUrl":null,"fovHalfAngle":180,"frequencies":[453.1,453.45],"lawEnforcement":false}},{"type":"Feature","geometry":{"type":"Point","coordinates":[-82.70236111111112,34.87122222222222]},"properties":{"id":"fcc/WDF824/34.87122,-82.70236","kind":"radio","brand":"Other","rawBrand":"FCC ULS","name":"PICKENS, COUNTY OF (WDF824)","operator":"PICKENS, COUNTY OF","directions":[],"omni":true,"zone":null,"purpose":"Public-safety radio transmitter — PICKENS, COUNTY OF, PICKENS","imageUrl":null,"fovHalfAngle":180,"frequencies":[153.995],"lawEnforcement":false}},{"type":"Feature","geometry":{"type":"Point","coordinates":[-82.16261111111112,34.18872222222222]},"properties":{"id":"fcc/WGL546/34.18872,-82.16261","kind":"radio","brand":"Other","rawBrand":"FCC ULS","name":"GREENWOOD, CITY OF (WGL546)","operator":"GREENWOOD, CITY OF","directions":[],"omni":true,"zone":null,"purpose":"Public-safety radio transmitter — GREENWOOD, CITY OF, GREENWOOD","imageUrl":null,"fovHalfAngle":180,"frequencies":[458.45],"lawEnforcement":false}},{"type":"Feature","geometry":{"type":"Point","coordinates":[-80.99372222222222,32.47713888888889]},"properties":{"id":"fcc/WNBU979/32.47714,-80.99372","kind":"radio","brand":"Other","rawBrand":"FCC ULS","name":"SC Emergency Management Division (WNBU979)","operator":"SC Emergency Management Division","directions":[],"omni":true,"zone":null,"purpose":"Public-safety radio transmitter — SC Emergency Management Division, RIDGELAND","imageUrl":null,"fovHalfAngle":180,"frequencies":[45.08,45.48],"lawEnforcement":false}},{"type":"Feature","geometry":{"type":"Point","coordinates":[-79.82813888888889,33.6635]},"properties":{"id":"fcc/WNBU980/33.66350,-79.82814","kind":"radio","brand":"Other","rawBrand":"FCC ULS","name":"SC Emergency Management Division (WNBU980)","operator":"SC Emergency Management Division","directions":[],"omni":true,"zone":null,"purpose":"Public-safety radio transmitter — SC Emergency Management Division, KINGSTREE","imageUrl":null,"fovHalfAngle":180,"frequencies":[45.08,45.48],"lawEnforcement":false}},{"type":"Feature","geometry":{"type":"Point","coordinates":[-81.2081388888889,34.258472222222224]},"properties":{"id":"fcc/WNBU985/34.25847,-81.20814","kind":"radio","brand":"Other","rawBrand":"FCC ULS","name":"SC Emergency Management Division (WNBU985)","operator":"SC Emergency Management Division","directions":[],"omni":true,"zone":null,"purpose":"Public-safety radio transmitter — SC Emergency Management Division, BISHOPSVILLE","imageUrl":null,"fovHalfAngle":180,"frequencies":[45.08,45.48],"lawEnforcement":false}},{"type":"Feature","geometry":{"type":"Point","coordinates":[-81.08705555555555,32.86322222222223]},"properties":{"id":"fcc/WNBU989/32.86322,-81.08706","kind":"radio","brand":"Other","rawBrand":"FCC ULS","name":"SC Emergency Management Division (WNBU989)","operator":"SC Emergency Management Division","directions":[],"omni":true,"zone":null,"purpose":"Public-safety radio transmitter — SC Emergency Management Division, HAMPTON","imageUrl":null,"fovHalfAngle":180,"frequencies":[45.08,45.48],"lawEnforcement":false}},{"type":"Feature","geometry":{"type":"Point","coordinates":[-81.10313888888888,34.40125]},"properties":{"id":"fcc/WNBU991/34.40125,-81.10314","kind":"radio","brand":"Other","rawBrand":"FCC ULS","name":"SC Emergency Management Division (WNBU991)","operator":"SC Emergency Management Division","directions":[],"omni":true,"zone":null,"purpose":"Public-safety radio transmitter — SC Emergency Management Division, WINNSBORO","imageUrl":null,"fovHalfAngle":180,"frequencies":[45.08,45.48],"lawEnforcement":false}},{"type":"Feature","geometry":{"type":"Point","coordinates":[-81.03425,34.01266666666667]},"properties":{"id":"fcc/WNFH720/34.01267,-81.03425","kind":"radio","brand":"Other","rawBrand":"FCC ULS","name":"COLUMBIA, CITY OF (WNFH720)","operator":"COLUMBIA, CITY OF","directions":[],"omni":true,"zone":null,"purpose":"Public-safety radio transmitter — COLUMBIA, CITY OF, COLUMBIAN","imageUrl":null,"fovHalfAngle":180,"frequencies":[452.875,457.875],"lawEnforcement":false}},{"type":"Feature","geometry":{"type":"Point","coordinates":[-80.84091666666666,33.546]},"properties":{"id":"fcc/KIE851/33.54600,-80.84092","kind":"radio","brand":"Other","rawBrand":"FCC ULS","name":"South Carolina Forestry Commission (KIE851)","operator":"South Carolina Forestry Commission","directions":[],"omni":true,"zone":null,"purpose":"Public-safety radio transmitter — South Carolina Forestry Commission, ORANGEBURG","imageUrl":null,"fovHalfAngle":180,"frequencies":[31.78,151.175,151.19,151.235,151.265,151.385,159.27,159.3,159.315,159.375,159.405,159.45],"lawEnforcement":false}},{"type":"Feature","geometry":{"type":"Point","coordinates":[-81.87344444444444,34.89180555555556]},"properties":{"id":"fcc/KIF718/34.89181,-81.87344","kind":"radio","brand":"Other","rawBrand":"FCC ULS","name":"South Carolina Forestry Commission (KIF718)","operator":"South Carolina Forestry Commission","directions":[],"omni":true,"zone":null,"purpose":"Public-safety radio transmitter — South Carolina Forestry Commission, SPARTANBURG","imageUrl":null,"fovHalfAngle":180,"frequencies":[31.78,151.1,151.175,151.19,151.22,151.235,151.265,151.385,159.27,159.3,159.375,159.405,159.42,159.45],"lawEnforcement":false}},{"type":"Feature","geometry":{"type":"Point","coordinates":[-79.86505555555554,34.751555555555555]},"properties":{"id":"fcc/KII856/34.75156,-79.86506","kind":"radio","brand":"Other","rawBrand":"FCC ULS","name":"South Carolina Forestry Commission (KII856)","operator":"South Carolina Forestry Commission","directions":[],"omni":true,"zone":null,"purpose":"Public-safety radio transmitter — South Carolina Forestry Commission, BENNETTSVILLE","imageUrl":null,"fovHalfAngle":180,"frequencies":[151.235,159.27,159.405,159.45],"lawEnforcement":false}},{"type":"Feature","geometry":{"type":"Point","coordinates":[-82.58708333333333,34.02538888888889]},"properties":{"id":"fcc/KNHK435/34.02539,-82.58708","kind":"radio","brand":"Other","rawBrand":"FCC ULS","name":"GEORGIA,STATE OF (KNHK435)","operator":"GEORGIA,STATE OF","directions":[],"omni":true,"zone":null,"purpose":"Public-safety radio transmitter — GEORGIA,STATE OF, CALHOUN FALLS","imageUrl":null,"fovHalfAngle":180,"frequencies":[153.425,160.035,160.2],"lawEnforcement":false}},{"type":"Feature","geometry":{"type":"Point","coordinates":[-81.239,32.780166666666666]},"properties":{"id":"fcc/WNLF903/32.78017,-81.23900","kind":"radio","brand":"Other","rawBrand":"FCC ULS","name":"SC Dept. of Natural Resources (WNLF903)","operator":"SC Dept. of Natural Resources","directions":[],"omni":true,"zone":null,"purpose":"Public-safety radio transmitter — SC Dept. of Natural Resources, ESTILL","imageUrl":null,"fovHalfAngle":180,"frequencies":[151.16,151.25,158.985,159.435],"lawEnforcement":false}},{"type":"Feature","geometry":{"type":"Point","coordinates":[-78.8786111111111,33.78458333333333]},"properties":{"id":"fcc/WNMN317/33.78458,-78.87861","kind":"radio","brand":"Other","rawBrand":"FCC ULS","name":"SC Dept. of Natural Resources (WNMN317)","operator":"SC Dept. of Natural Resources","directions":[],"omni":true,"zone":null,"purpose":"Public-safety radio transmitter — SC Dept. of Natural Resources, MYRTLE BEACH","imageUrl":null,"fovHalfAngle":180,"frequencies":[151.25,151.43,158.985],"lawEnforcement":false}},{"type":"Feature","geometry":{"type":"Point","coordinates":[-80.29147222222223,33.18072222222222]},"properties":{"id":"fcc/KDV437/33.18072,-80.29147","kind":"radio","brand":"Other","rawBrand":"FCC ULS","name":"SOUTH CAROLINA, STATE OF (KDV437)","operator":"SOUTH CAROLINA, STATE OF","directions":[],"omni":true,"zone":null,"purpose":"Public-safety radio transmitter — SOUTH CAROLINA, STATE OF, RIDGEVILLE","imageUrl":null,"fovHalfAngle":180,"frequencies":[151.0025,154.0325,155.64],"lawEnforcement":false}},{"type":"Feature","geometry":{"type":"Point","coordinates":[-80.60255555555555,34.34458333333333]},"properties":{"id":"fcc/KEC404/34.34458,-80.60256","kind":"radio","brand":"Other","rawBrand":"FCC ULS","name":"KERSHAW, COUNTY OF (KEC404)","operator":"KERSHAW, COUNTY OF","directions":[],"omni":true,"zone":null,"purpose":"Public-safety radio transmitter — KERSHAW, COUNTY OF, CAMDEN","imageUrl":null,"fovHalfAngle":180,"frequencies":[155.31,155.49],"lawEnforcement":false}},{"type":"Feature","geometry":{"type":"Point","coordinates":[-81.93594444444444,34.9515]},"properties":{"id":"fcc/KHM75/34.95150,-81.93594","kind":"radio","brand":"Other","rawBrand":"FCC ULS","name":"Spartanburg County Communications / 9-1-1 (KHM75)","operator":"Spartanburg County Communications / 9-1-1","directions":[],"omni":true,"zone":null,"purpose":"Public-safety radio transmitter — Spartanburg County Communications / 9-1-1, SPARTANBURG","imageUrl":null,"fovHalfAngle":180,"frequencies":[158.91],"lawEnforcement":false}},{"type":"Feature","geometry":{"type":"Point","coordinates":[-81.55538888888888,33.90013888888889]},"properties":{"id":"fcc/KIK715/33.90014,-81.55539","kind":"radio","brand":"Other","rawBrand":"FCC ULS","name":"BATESBURG LEESVILLE, TOWN OF (KIK715)","operator":"BATESBURG LEESVILLE, TOWN OF","directions":[],"omni":true,"zone":null,"purpose":"Public-safety radio transmitter — BATESBURG LEESVILLE, TOWN OF, BATESBURG","imageUrl":null,"fovHalfAngle":180,"frequencies":[460.425,465.425],"lawEnforcement":false}},{"type":"Feature","geometry":{"type":"Point","coordinates":[-81.49583333333334,33.92755555555555]},"properties":{"id":"fcc/KIK715/33.92756,-81.49583","kind":"radio","brand":"Other","rawBrand":"FCC ULS","name":"BATESBURG LEESVILLE, TOWN OF (KIK715)","operator":"BATESBURG LEESVILLE, TOWN OF","directions":[],"omni":true,"zone":null,"purpose":"Public-safety radio transmitter — BATESBURG LEESVILLE, TOWN OF, LEESVILLE","imageUrl":null,"fovHalfAngle":180,"frequencies":[460.425,465.425],"lawEnforcement":false}},{"type":"Feature","geometry":{"type":"Point","coordinates":[-81.54205555555555,33.90736111111111]},"properties":{"id":"fcc/KIK715/33.90736,-81.54206","kind":"radio","brand":"Other","rawBrand":"FCC ULS","name":"BATESBURG LEESVILLE, TOWN OF (KIK715)","operator":"BATESBURG LEESVILLE, TOWN OF","directions":[],"omni":true,"zone":null,"purpose":"Public-safety radio transmitter — BATESBURG LEESVILLE, TOWN OF, LEXINGTON","imageUrl":null,"fovHalfAngle":180,"frequencies":[460.425,465.425],"lawEnforcement":false}},{"type":"Feature","geometry":{"type":"Point","coordinates":[-82.29066666666667,35.16983333333333]},"properties":{"id":"fcc/KJD241/35.16983,-82.29067","kind":"radio","brand":"Other","rawBrand":"FCC ULS","name":"Spartanburg County Communications / 9-1-1 (KJD241)","operator":"Spartanburg County Communications / 9-1-1","directions":[],"omni":true,"zone":null,"purpose":"Public-safety radio transmitter — Spartanburg County Communications / 9-1-1, TRYON","imageUrl":null,"fovHalfAngle":180,"frequencies":[154.785],"lawEnforcement":false}},{"type":"Feature","geometry":{"type":"Point","coordinates":[-79.95925,32.78905555555556]},"properties":{"id":"fcc/KJK696/32.78906,-79.95925","kind":"radio","brand":"Other","rawBrand":"FCC ULS","name":"Charleton, City of (KJK696)","operator":"Charleton, City of","directions":[],"omni":true,"zone":null,"purpose":"Public-safety radio transmitter — Charleton, City of, CHARLESTON","imageUrl":null,"fovHalfAngle":180,"frequencies":[154.71,154.815,155.07,155.25,158.73,158.85],"lawEnforcement":false}},{"type":"Feature","geometry":{"type":"Point","coordinates":[-82.95552777777777,34.69911111111111]},"properties":{"id":"fcc/KNBR749/34.69911,-82.95553","kind":"radio","brand":"Other","rawBrand":"FCC ULS","name":"SENECA, CITY OF (KNBR749)","operator":"SENECA, CITY OF","directions":[],"omni":true,"zone":null,"purpose":"Public-safety radio transmitter — SENECA, CITY OF, SENECA","imageUrl":null,"fovHalfAngle":180,"frequencies":[453.3625,458.3625,460.25,460.275,465.25,465.275],"lawEnforcement":false}},{"type":"Feature","geometry":{"type":"Point","coordinates":[-83.09847222222221,34.881194444444446]},"properties":{"id":"fcc/KNBR749/34.88119,-83.09847","kind":"radio","brand":"Other","rawBrand":"FCC ULS","name":"SENECA, CITY OF (KNBR749)","operator":"SENECA, CITY OF","directions":[],"omni":true,"zone":null,"purpose":"Public-safety radio transmitter — SENECA, CITY OF, WALHALLA","imageUrl":null,"fovHalfAngle":180,"frequencies":[453.3625,458.3625,460.25,460.275,465.25,465.275],"lawEnforcement":false}},{"type":"Feature","geometry":{"type":"Point","coordinates":[-79.73255555555556,34.05294444444444]},"properties":{"id":"fcc/KNGP420/34.05294,-79.73256","kind":"radio","brand":"Other","rawBrand":"FCC ULS","name":"FLORENCE COUNTY EMERGENCY MANAGEMENT (KNGP420)","operator":"FLORENCE COUNTY EMERGENCY MANAGEMENT","directions":[],"omni":true,"zone":null,"purpose":"Public-safety radio transmitter — FLORENCE COUNTY EMERGENCY MANAGEMENT, EFFINGHAM","imageUrl":null,"fovHalfAngle":180,"frequencies":[460.275,460.425],"lawEnforcement":false}},{"type":"Feature","geometry":{"type":"Point","coordinates":[-80.0931111111111,34.721555555555554]},"properties":{"id":"fcc/KOM723/34.72156,-80.09311","kind":"radio","brand":"Other","rawBrand":"FCC ULS","name":"CHESTERFIELD, CITY OF (KOM723)","operator":"CHESTERFIELD, CITY OF","directions":[],"omni":true,"zone":null,"purpose":"Public-safety radio transmitter — CHESTERFIELD, CITY OF, CHESTERFIELD","imageUrl":null,"fovHalfAngle":180,"frequencies":[460.175],"lawEnforcement":false}},{"type":"Feature","geometry":{"type":"Point","coordinates":[-82.30816666666666,34.787055555555554]},"properties":{"id":"fcc/KVD568/34.78706,-82.30817","kind":"radio","brand":"Other","rawBrand":"FCC ULS","name":"MAULDIN, CITY OF (KVD568)","operator":"MAULDIN, CITY OF","directions":[],"omni":true,"zone":null,"purpose":"Public-safety radio transmitter — MAULDIN, CITY OF, MAULDIN","imageUrl":null,"fovHalfAngle":180,"frequencies":[460.275,465.275],"lawEnforcement":false}},{"type":"Feature","geometry":{"type":"Point","coordinates":[-82.30761111111111,34.781777777777776]},"properties":{"id":"fcc/KVD568/34.78178,-82.30761","kind":"radio","brand":"Other","rawBrand":"FCC ULS","name":"MAULDIN, CITY OF (KVD568)","operator":"MAULDIN, CITY OF","directions":[],"omni":true,"zone":null,"purpose":"Public-safety radio transmitter — MAULDIN, CITY OF, MAULDIN","imageUrl":null,"fovHalfAngle":180,"frequencies":[460.275,465.275],"lawEnforcement":false}},{"type":"Feature","geometry":{"type":"Point","coordinates":[-81.68066666666667,33.589305555555555]},"properties":{"id":"fcc/KWF716/33.58931,-81.68067","kind":"radio","brand":"Other","rawBrand":"FCC ULS","name":"SOUTH CAROLINA, STATE OF (KWF716)","operator":"SOUTH CAROLINA, STATE OF","directions":[],"omni":true,"zone":null,"purpose":"Public-safety radio transmitter — SOUTH CAROLINA, STATE OF, AIKEN","imageUrl":null,"fovHalfAngle":180,"frequencies":[155.64],"lawEnforcement":false}},{"type":"Feature","geometry":{"type":"Point","coordinates":[-82.65930555555556,34.90094444444444]},"properties":{"id":"fcc/KWI877/34.90094,-82.65931","kind":"radio","brand":"Other","rawBrand":"FCC ULS","name":"PICKENS, COUNTY OF (KWI877)","operator":"PICKENS, COUNTY OF","directions":[],"omni":true,"zone":null,"purpose":"Public-safety radio transmitter — PICKENS, COUNTY OF, PICKENS","imageUrl":null,"fovHalfAngle":180,"frequencies":[453.8875,460.1375,460.45],"lawEnforcement":false}},{"type":"Feature","geometry":{"type":"Point","coordinates":[-81.63594444444445,34.759027777777774]},"properties":{"id":"fcc/KWQ562/34.75903,-81.63594","kind":"radio","brand":"Other","rawBrand":"FCC ULS","name":"UNION, CITY OF (KWQ562)","operator":"UNION, CITY OF","directions":[],"omni":true,"zone":null,"purpose":"Public-safety radio transmitter — UNION, CITY OF, UNION","imageUrl":null,"fovHalfAngle":180,"frequencies":[151.055,154.145,155.01,158.9625],"lawEnforcement":false}},{"type":"Feature","geometry":{"type":"Point","coordinates":[-81.62733333333333,34.71597222222223]},"properties":{"id":"fcc/KWQ562/34.71597,-81.62733","kind":"radio","brand":"Other","rawBrand":"FCC ULS","name":"UNION, CITY OF (KWQ562)","operator":"UNION, CITY OF","directions":[],"omni":true,"zone":null,"purpose":"Public-safety radio transmitter — UNION, CITY OF, UNION","imageUrl":null,"fovHalfAngle":180,"frequencies":[151.055,154.145,155.01,158.9625],"lawEnforcement":false}},{"type":"Feature","geometry":{"type":"Point","coordinates":[-82.98458333333333,34.69788888888888]},"properties":{"id":"fcc/KYG564/34.69789,-82.98458","kind":"radio","brand":"Other","rawBrand":"FCC ULS","name":"OCONEE, COUNTY OF (KYG564)","operator":"OCONEE, COUNTY OF","directions":[],"omni":true,"zone":null,"purpose":"Public-safety radio transmitter — OCONEE, COUNTY OF, SENECA","imageUrl":null,"fovHalfAngle":180,"frequencies":[460.275],"lawEnforcement":false}},{"type":"Feature","geometry":{"type":"Point","coordinates":[-81.64841666666668,35.07263888888889]},"properties":{"id":"fcc/WAE620/35.07264,-81.64842","kind":"radio","brand":"Other","rawBrand":"FCC ULS","name":"CHEROKEE, COUNTY OF (WAE620)","operator":"CHEROKEE, COUNTY OF","directions":[],"omni":true,"zone":null,"purpose":"Public-safety radio transmitter — CHEROKEE, COUNTY OF, GAFFNEY","imageUrl":null,"fovHalfAngle":180,"frequencies":[453.0375,453.1375,453.9875,460.475,465.25,465.275,465.475],"lawEnforcement":false}},{"type":"Feature","geometry":{"type":"Point","coordinates":[-79.33005555555555,34.36488888888889]},"properties":{"id":"fcc/WAX529/34.36489,-79.33006","kind":"radio","brand":"Other","rawBrand":"FCC ULS","name":"DILLON, COUNTY OF (WAX529)","operator":"DILLON, COUNTY OF","directions":[],"omni":true,"zone":null,"purpose":"Public-safety radio transmitter — DILLON, COUNTY OF, DILLON","imageUrl":null,"fovHalfAngle":180,"frequencies":[460.225,460.25,460.475,465.225,465.475],"lawEnforcement":false}},{"type":"Feature","geometry":{"type":"Point","coordinates":[-79.31922222222222,34.4035]},"properties":{"id":"fcc/WAX529/34.40350,-79.31922","kind":"radio","brand":"Other","rawBrand":"FCC ULS","name":"DILLON, COUNTY OF (WAX529)","operator":"DILLON, COUNTY OF","directions":[],"omni":true,"zone":null,"purpose":"Public-safety radio transmitter — DILLON, COUNTY OF, DILLON","imageUrl":null,"fovHalfAngle":180,"frequencies":[460.225,460.25,460.475,465.225,465.475],"lawEnforcement":false}},{"type":"Feature","geometry":{"type":"Point","coordinates":[-81.93733333333334,34.95177777777778]},"properties":{"id":"fcc/WNKP741/34.95178,-81.93733","kind":"radio","brand":"Other","rawBrand":"FCC ULS","name":"Spartanburg County Communications / 9-1-1 (WNKP741)","operator":"Spartanburg County Communications / 9-1-1","directions":[],"omni":true,"zone":null,"purpose":"Public-safety radio transmitter — Spartanburg County Communications / 9-1-1, SPARTANBURG","imageUrl":null,"fovHalfAngle":180,"frequencies":[465.3],"lawEnforcement":false}},{"type":"Feature","geometry":{"type":"Point","coordinates":[-82.81125,34.89066666666667]},"properties":{"id":"fcc/KIH272/34.89067,-82.81125","kind":"radio","brand":"Other","rawBrand":"FCC ULS","name":"PICKENS, COUNTY OF (KIH272)","operator":"PICKENS, COUNTY OF","directions":[],"omni":true,"zone":null,"purpose":"Public-safety radio transmitter — PICKENS, COUNTY OF, PICKENS","imageUrl":null,"fovHalfAngle":180,"frequencies":[460.15],"lawEnforcement":false}},{"type":"Feature","geometry":{"type":"Point","coordinates":[-81.10536111111111,35.01208333333334]},"properties":{"id":"fcc/WNDT990/35.01208,-81.10536","kind":"radio","brand":"Other","rawBrand":"FCC ULS","name":"YORK, COUNTY OF (WNDT990)","operator":"YORK, COUNTY OF","directions":[],"omni":true,"zone":null,"purpose":"Public-safety radio transmitter — YORK, COUNTY OF, ROCK HILL","imageUrl":null,"fovHalfAngle":180,"frequencies":[155.205],"lawEnforcement":false}},{"type":"Feature","geometry":{"type":"Point","coordinates":[-81.46872222222223,34.13652777777778]},"properties":{"id":"fcc/KCZ501/34.13653,-81.46872","kind":"radio","brand":"Other","rawBrand":"FCC ULS","name":"NEWBERRY, COUNTY OF (KCZ501)","operator":"NEWBERRY, COUNTY OF","directions":[],"omni":true,"zone":null,"purpose":"Public-safety radio transmitter — NEWBERRY, COUNTY OF, PROSPERITY","imageUrl":null,"fovHalfAngle":180,"frequencies":[154.22,159.0525],"lawEnforcement":false}},{"type":"Feature","geometry":{"type":"Point","coordinates":[-81.87038888888888,34.18736111111111]},"properties":{"id":"fcc/KCZ501/34.18736,-81.87039","kind":"radio","brand":"Other","rawBrand":"FCC ULS","name":"NEWBERRY, COUNTY OF (KCZ501)","operator":"NEWBERRY, COUNTY OF","directions":[],"omni":true,"zone":null,"purpose":"Public-safety radio transmitter — NEWBERRY, COUNTY OF, CHAPPELLS","imageUrl":null,"fovHalfAngle":180,"frequencies":[154.22,159.0525],"lawEnforcement":false}},{"type":"Feature","geometry":{"type":"Point","coordinates":[-81.40461111111112,34.188805555555554]},"properties":{"id":"fcc/KCZ501/34.18881,-81.40461","kind":"radio","brand":"Other","rawBrand":"FCC ULS","name":"NEWBERRY, COUNTY OF (KCZ501)","operator":"NEWBERRY, COUNTY OF","directions":[],"omni":true,"zone":null,"purpose":"Public-safety radio transmitter — NEWBERRY, COUNTY OF, LITTLE MOUNTAIN","imageUrl":null,"fovHalfAngle":180,"frequencies":[154.22,159.0525],"lawEnforcement":false}},{"type":"Feature","geometry":{"type":"Point","coordinates":[-81.71594444444445,34.21902777777778]},"properties":{"id":"fcc/KCZ501/34.21903,-81.71594","kind":"radio","brand":"Other","rawBrand":"FCC ULS","name":"NEWBERRY, COUNTY OF (KCZ501)","operator":"NEWBERRY, COUNTY OF","directions":[],"omni":true,"zone":null,"purpose":"Public-safety radio transmitter — NEWBERRY, COUNTY OF, SILVERSTREET","imageUrl":null,"fovHalfAngle":180,"frequencies":[154.22,159.0525],"lawEnforcement":false}},{"type":"Feature","geometry":{"type":"Point","coordinates":[-81.62316666666666,34.27625]},"properties":{"id":"fcc/KCZ501/34.27625,-81.62317","kind":"radio","brand":"Other","rawBrand":"FCC ULS","name":"NEWBERRY, COUNTY OF (KCZ501)","operator":"NEWBERRY, COUNTY OF","directions":[],"omni":true,"zone":null,"purpose":"Public-safety radio transmitter — NEWBERRY, COUNTY OF, NEWBERRY","imageUrl":null,"fovHalfAngle":180,"frequencies":[154.22,159.0525],"lawEnforcement":false}},{"type":"Feature","geometry":{"type":"Point","coordinates":[-81.70955555555555,34.32680555555556]},"properties":{"id":"fcc/KCZ501/34.32681,-81.70956","kind":"radio","brand":"Other","rawBrand":"FCC ULS","name":"NEWBERRY, COUNTY OF (KCZ501)","operator":"NEWBERRY, COUNTY OF","directions":[],"omni":true,"zone":null,"purpose":"Public-safety radio transmitter — NEWBERRY, COUNTY OF, NEWBERRY","imageUrl":null,"fovHalfAngle":180,"frequencies":[154.22,159.0525],"lawEnforcement":false}},{"type":"Feature","geometry":{"type":"Point","coordinates":[-81.51508333333334,35.120694444444446]},"properties":{"id":"fcc/KIY221/35.12069,-81.51508","kind":"radio","brand":"Other","rawBrand":"FCC ULS","name":"Town Of Blacksburg (KIY221)","operator":"Town Of Blacksburg","directions":[],"omni":true,"zone":null,"purpose":"Public-safety radio transmitter — Town Of Blacksburg, BLACKSBURG","imageUrl":null,"fovHalfAngle":180,"frequencies":[158.82],"lawEnforcement":false}},{"type":"Feature","geometry":{"type":"Point","coordinates":[-81.56480555555555,35.08625]},"properties":{"id":"fcc/KIY221/35.08625,-81.56481","kind":"radio","brand":"Other","rawBrand":"FCC ULS","name":"Town Of Blacksburg (KIY221)","operator":"Town Of Blacksburg","directions":[],"omni":true,"zone":null,"purpose":"Public-safety radio transmitter — Town Of Blacksburg, CHEROKEE","imageUrl":null,"fovHalfAngle":180,"frequencies":[158.82],"lawEnforcement":false}},{"type":"Feature","geometry":{"type":"Point","coordinates":[-82.65930555555556,34.90011111111111]},"properties":{"id":"fcc/KNBW371/34.90011,-82.65931","kind":"radio","brand":"Other","rawBrand":"FCC ULS","name":"PICKENS, COUNTY OF (KNBW371)","operator":"PICKENS, COUNTY OF","directions":[],"omni":true,"zone":null,"purpose":"Public-safety radio transmitter — PICKENS, COUNTY OF, PICKENS","imageUrl":null,"fovHalfAngle":180,"frequencies":[150.79,151.34,154.07,155.25],"lawEnforcement":false}},{"type":"Feature","geometry":{"type":"Point","coordinates":[-80.03416666666666,33.00222222222222]},"properties":{"id":"fcc/KVT863/33.00222,-80.03417","kind":"radio","brand":"Other","rawBrand":"FCC ULS","name":"GOOSE CREEK, CITY OF (KVT863)","operator":"GOOSE CREEK, CITY OF","directions":[],"omni":true,"zone":null,"purpose":"Public-safety radio transmitter — GOOSE CREEK, CITY OF, GOOSE CREEK","imageUrl":null,"fovHalfAngle":180,"frequencies":[155.07,155.13,155.67,156.03,156.09,159.03],"lawEnforcement":false}},{"type":"Feature","geometry":{"type":"Point","coordinates":[-82.08991666666667,34.19577777777778]},"properties":{"id":"fcc/KWL644/34.19578,-82.08992","kind":"radio","brand":"Other","rawBrand":"FCC ULS","name":"GREENWOOD, COUNTY OF (KWL644)","operator":"GREENWOOD, COUNTY OF","directions":[],"omni":true,"zone":null,"purpose":"Public-safety radio transmitter — GREENWOOD, COUNTY OF, GREENWOOD","imageUrl":null,"fovHalfAngle":180,"frequencies":[453.1,453.45],"lawEnforcement":false}},{"type":"Feature","geometry":{"type":"Point","coordinates":[-82.86333333333333,34.96805555555556]},"properties":{"id":"fcc/KNBW371/34.96806,-82.86333","kind":"radio","brand":"Other","rawBrand":"FCC ULS","name":"PICKENS, COUNTY OF (KNBW371)","operator":"PICKENS, COUNTY OF","directions":[],"omni":true,"zone":null,"purpose":"Public-safety radio transmitter — PICKENS, COUNTY OF, SUNSET","imageUrl":null,"fovHalfAngle":180,"frequencies":[150.79,151.34,154.07,155.25],"lawEnforcement":false}},{"type":"Feature","geometry":{"type":"Point","coordinates":[-81.91277777777778,34.85722222222223]},"properties":{"id":"fcc/KFM437/34.85722,-81.91278","kind":"radio","brand":"Other","rawBrand":"FCC ULS","name":"Spartanburg County Communications / 9-1-1 (KFM437)","operator":"Spartanburg County Communications / 9-1-1","directions":[],"omni":true,"zone":null,"purpose":"Public-safety radio transmitter — Spartanburg County Communications / 9-1-1, SPARTANBURG","imageUrl":null,"fovHalfAngle":180,"frequencies":[153.905,154.025,155.145,155.895],"lawEnforcement":false}},{"type":"Feature","geometry":{"type":"Point","coordinates":[-80.75980555555556,32.60427777777778]},"properties":{"id":"fcc/WZJ345/32.60428,-80.75981","kind":"radio","brand":"Other","rawBrand":"FCC ULS","name":"BEAUFORT, COUNTY OF (WZJ345)","operator":"BEAUFORT, COUNTY OF","directions":[],"omni":true,"zone":null,"purpose":"Public-safety radio transmitter — BEAUFORT, COUNTY OF, Yemassee","imageUrl":null,"fovHalfAngle":180,"frequencies":[154.355],"lawEnforcement":false}},{"type":"Feature","geometry":{"type":"Point","coordinates":[-82.14416666666668,34.2525]},"properties":{"id":"fcc/WYR833/34.25250,-82.14417","kind":"radio","brand":"Other","rawBrand":"FCC ULS","name":"SOUTH CAROLINA, STATE OF (WYR833)","operator":"SOUTH CAROLINA, STATE OF","directions":[],"omni":true,"zone":null,"purpose":"Public-safety radio transmitter — SOUTH CAROLINA, STATE OF, GREENWOOD","imageUrl":null,"fovHalfAngle":180,"frequencies":[155.64],"lawEnforcement":false}},{"type":"Feature","geometry":{"type":"Point","coordinates":[-81.61866666666666,34.72325]},"properties":{"id":"fcc/KWQ562/34.72325,-81.61867","kind":"radio","brand":"Other","rawBrand":"FCC ULS","name":"UNION, CITY OF (KWQ562)","operator":"UNION, CITY OF","directions":[],"omni":true,"zone":null,"purpose":"Public-safety radio transmitter — UNION, CITY OF, UNION","imageUrl":null,"fovHalfAngle":180,"frequencies":[151.055,154.145,155.01,158.9625],"lawEnforcement":false}},{"type":"Feature","geometry":{"type":"Point","coordinates":[-81.58941666666666,35.046388888888885]},"properties":{"id":"fcc/WZJ526/35.04639,-81.58942","kind":"radio","brand":"Other","rawBrand":"FCC ULS","name":"CHEROKEE, COUNTY OF (WZJ526)","operator":"CHEROKEE, COUNTY OF","directions":[],"omni":true,"zone":null,"purpose":"Public-safety radio transmitter — CHEROKEE, COUNTY OF, GAFFNEY","imageUrl":null,"fovHalfAngle":180,"frequencies":[150.79,154.28,154.4,458.0625,458.1125,465.5125],"lawEnforcement":false}},{"type":"Feature","geometry":{"type":"Point","coordinates":[-80.80397222222221,34.83347222222223]},"properties":{"id":"fcc/WRUS801/34.83347,-80.80397","kind":"radio","brand":"Other","rawBrand":"FCC ULS","name":"SC PARKS, RECREATION AND TOURISM (WRUS801)","operator":"SC PARKS, RECREATION AND TOURISM","directions":[],"omni":true,"zone":null,"purpose":"Public-safety radio transmitter — SC PARKS, RECREATION AND TOURISM, LANCASTER","imageUrl":null,"fovHalfAngle":180,"frequencies":[453.2125,458.2125],"lawEnforcement":false}},{"type":"Feature","geometry":{"type":"Point","coordinates":[-80.57388888888889,33.17388888888889]},"properties":{"id":"fcc/KFR583/33.17389,-80.57389","kind":"radio","brand":"Other","rawBrand":"FCC ULS","name":"SOUTH CAROLINA DEPARTMENT OF TRANSPORTATION (KFR583)","operator":"SOUTH CAROLINA DEPARTMENT OF TRANSPORTATION","directions":[],"omni":true,"zone":null,"purpose":"Public-safety radio transmitter — SOUTH CAROLINA DEPARTMENT OF TRANSPORTATION, ST. GEORGE","imageUrl":null,"fovHalfAngle":180,"frequencies":[45.44,47.04,47.34],"lawEnforcement":false}},{"type":"Feature","geometry":{"type":"Point","coordinates":[-80.06063888888889,33.03488888888889]},"properties":{"id":"fcc/KVT863/33.03489,-80.06064","kind":"radio","brand":"Other","rawBrand":"FCC ULS","name":"GOOSE CREEK, CITY OF (KVT863)","operator":"GOOSE CREEK, CITY OF","directions":[],"omni":true,"zone":null,"purpose":"Public-safety radio transmitter — GOOSE CREEK, CITY OF, GOOSE CREEK","imageUrl":null,"fovHalfAngle":180,"frequencies":[155.07,155.13,155.67,156.03,156.09,159.03],"lawEnforcement":false}},{"type":"Feature","geometry":{"type":"Point","coordinates":[-83.09905555555555,34.881]},"properties":{"id":"fcc/WRXF645/34.88100,-83.09906","kind":"radio","brand":"Other","rawBrand":"FCC ULS","name":"OCONEE, COUNTY OF (WRXF645)","operator":"OCONEE, COUNTY OF","directions":[],"omni":true,"zone":null,"purpose":"Public-safety radio transmitter — OCONEE, COUNTY OF, Mountain Rest","imageUrl":null,"fovHalfAngle":180,"frequencies":[460.225,465.225],"lawEnforcement":false}},{"type":"Feature","geometry":{"type":"Point","coordinates":[-79.31875,33.31375]},"properties":{"id":"fcc/WRXI653/33.31375,-79.31875","kind":"radio","brand":"Other","rawBrand":"FCC ULS","name":"S.C. AERONAUTICS COMMISSION (WRXI653)","operator":"S.C. AERONAUTICS COMMISSION","directions":[],"omni":true,"zone":null,"purpose":"Public-safety radio transmitter — S.C. AERONAUTICS COMMISSION, GEORGETOWN","imageUrl":null,"fovHalfAngle":180,"frequencies":[453.9375],"lawEnforcement":false}},{"type":"Feature","geometry":{"type":"Point","coordinates":[-79.32280555555555,33.31616666666666]},"properties":{"id":"fcc/WRXI653/33.31617,-79.32281","kind":"radio","brand":"Other","rawBrand":"FCC ULS","name":"S.C. AERONAUTICS COMMISSION (WRXI653)","operator":"S.C. AERONAUTICS COMMISSION","directions":[],"omni":true,"zone":null,"purpose":"Public-safety radio transmitter — S.C. AERONAUTICS COMMISSION, GEORGETOWN","imageUrl":null,"fovHalfAngle":180,"frequencies":[453.9375],"lawEnforcement":false}},{"type":"Feature","geometry":{"type":"Point","coordinates":[-83.02088888888889,35.022999999999996]},"properties":{"id":"fcc/WSBB943/35.02300,-83.02089","kind":"radio","brand":"Other","rawBrand":"FCC ULS","name":"COUNTY OF OCONEE (WSBB943)","operator":"COUNTY OF OCONEE","directions":[],"omni":true,"zone":null,"purpose":"Public-safety radio transmitter — COUNTY OF OCONEE, Salem","imageUrl":null,"fovHalfAngle":180,"frequencies":[460.0625,465.0625],"lawEnforcement":false}},{"type":"Feature","geometry":{"type":"Point","coordinates":[-80.36027777777777,33.99458333333333]},"properties":{"id":"fcc/WSDT402/33.99458,-80.36028","kind":"radio","brand":"Other","rawBrand":"FCC ULS","name":"SOUTH CAROLINA AERONAUTICS COMMISSION (WSDT402)","operator":"SOUTH CAROLINA AERONAUTICS COMMISSION","directions":[],"omni":true,"zone":null,"purpose":"Public-safety radio transmitter — SOUTH CAROLINA AERONAUTICS COMMISSION, SUMTER","imageUrl":null,"fovHalfAngle":180,"frequencies":[453.0375],"lawEnforcement":false}},{"type":"Feature","geometry":{"type":"Point","coordinates":[-80.36208333333333,33.992000000000004]},"properties":{"id":"fcc/WSDT402/33.99200,-80.36208","kind":"radio","brand":"Other","rawBrand":"FCC ULS","name":"SOUTH CAROLINA AERONAUTICS COMMISSION (WSDT402)","operator":"SOUTH CAROLINA AERONAUTICS COMMISSION","directions":[],"omni":true,"zone":null,"purpose":"Public-safety radio transmitter — SOUTH CAROLINA AERONAUTICS COMMISSION, SUMTER","imageUrl":null,"fovHalfAngle":180,"frequencies":[453.0375],"lawEnforcement":false}},{"type":"Feature","geometry":{"type":"Point","coordinates":[-79.92500000000001,34.29888888888889]},"properties":{"id":"fcc/WSGH955/34.29889,-79.92500","kind":"radio","brand":"Other","rawBrand":"FCC ULS","name":"DARLINGTON, COUNTY OF (WSGH955)","operator":"DARLINGTON, COUNTY OF","directions":[],"omni":true,"zone":null,"purpose":"Public-safety radio transmitter — DARLINGTON, COUNTY OF, DARLIINGTON","imageUrl":null,"fovHalfAngle":180,"frequencies":[156.075,159.105],"lawEnforcement":false}},{"type":"Feature","geometry":{"type":"Point","coordinates":[-81.76872222222222,35.11336111111111]},"properties":{"id":"fcc/WAE620/35.11336,-81.76872","kind":"radio","brand":"Other","rawBrand":"FCC ULS","name":"CHEROKEE, COUNTY OF (WAE620)","operator":"CHEROKEE, COUNTY OF","directions":[],"omni":true,"zone":null,"purpose":"Public-safety radio transmitter — CHEROKEE, COUNTY OF, GAFFNEY","imageUrl":null,"fovHalfAngle":180,"frequencies":[453.0375,453.1375,453.9875,460.475,465.25,465.275,465.475],"lawEnforcement":false}},{"type":"Feature","geometry":{"type":"Point","coordinates":[-81.52508333333333,35.08027777777778]},"properties":{"id":"fcc/WAE620/35.08028,-81.52508","kind":"radio","brand":"Other","rawBrand":"FCC ULS","name":"CHEROKEE, COUNTY OF (WAE620)","operator":"CHEROKEE, COUNTY OF","directions":[],"omni":true,"zone":null,"purpose":"Public-safety radio transmitter — CHEROKEE, COUNTY OF, BLACKSBURG","imageUrl":null,"fovHalfAngle":180,"frequencies":[453.0375,453.1375,453.9875,460.475,465.25,465.275,465.475],"lawEnforcement":false}},{"type":"Feature","geometry":{"type":"Point","coordinates":[-81.58941666666666,35.046388888888885]},"properties":{"id":"fcc/WAE620/35.04639,-81.58942","kind":"radio","brand":"Other","rawBrand":"FCC ULS","name":"CHEROKEE, COUNTY OF (WAE620)","operator":"CHEROKEE, COUNTY OF","directions":[],"omni":true,"zone":null,"purpose":"Public-safety radio transmitter — CHEROKEE, COUNTY OF, GAFFNEY","imageUrl":null,"fovHalfAngle":180,"frequencies":[453.0375,453.1375,453.9875,460.475,465.25,465.275,465.475],"lawEnforcement":false}},{"type":"Feature","geometry":{"type":"Point","coordinates":[-81.64283333333334,35.069388888888895]},"properties":{"id":"fcc/WAE620/35.06939,-81.64283","kind":"radio","brand":"Other","rawBrand":"FCC ULS","name":"CHEROKEE, COUNTY OF (WAE620)","operator":"CHEROKEE, COUNTY OF","directions":[],"omni":true,"zone":null,"purpose":"Public-safety radio transmitter — CHEROKEE, COUNTY OF, GAFFNEY","imageUrl":null,"fovHalfAngle":180,"frequencies":[453.0375,453.1375,453.9875,460.475,465.25,465.275,465.475],"lawEnforcement":false}},{"type":"Feature","geometry":{"type":"Point","coordinates":[-81.82852777777778,34.71152777777778]},"properties":{"id":"fcc/WSKT266/34.71153,-81.82853","kind":"radio","brand":"Other","rawBrand":"FCC ULS","name":"South Carolina, State of (WSKT266)","operator":"South Carolina, State of","directions":[],"omni":true,"zone":null,"purpose":"Public-safety radio transmitter — South Carolina, State of, Enoree","imageUrl":null,"fovHalfAngle":180,"frequencies":[153.7625,153.9275,155.1075,453.4375,458.4375],"lawEnforcement":false}},{"type":"Feature","geometry":{"type":"Point","coordinates":[-81.82716666666666,34.71286111111112]},"properties":{"id":"fcc/WSKT266/34.71286,-81.82717","kind":"radio","brand":"Other","rawBrand":"FCC ULS","name":"South Carolina, State of (WSKT266)","operator":"South Carolina, State of","directions":[],"omni":true,"zone":null,"purpose":"Public-safety radio transmitter — South Carolina, State of, Enoree","imageUrl":null,"fovHalfAngle":180,"frequencies":[153.7625,153.9275,155.1075,453.4375,458.4375],"lawEnforcement":false}},{"type":"Feature","geometry":{"type":"Point","coordinates":[-82.03463888888889,34.73919444444444]},"properties":{"id":"fcc/WSLL226/34.73919,-82.03464","kind":"radio","brand":"Other","rawBrand":"FCC ULS","name":"WOODRUFF POLICE DEPARTMENT (WSLL226)","operator":"WOODRUFF POLICE DEPARTMENT","directions":[],"omni":true,"zone":null,"purpose":"Law-enforcement radio transmitter — WOODRUFF POLICE DEPARTMENT, WOODRUFF","imageUrl":null,"fovHalfAngle":180,"frequencies":[453.1,458.1],"lawEnforcement":true}},{"type":"Feature","geometry":{"type":"Point","coordinates":[-82.09261111111111,35.04677777777778]},"properties":{"id":"fcc/WPKH491/35.04678,-82.09261","kind":"radio","brand":"Other","rawBrand":"FCC ULS","name":"INMAN, CITY OF (WPKH491)","operator":"INMAN, CITY OF","directions":[],"omni":true,"zone":null,"purpose":"Public-safety radio transmitter — INMAN, CITY OF, INMAN","imageUrl":null,"fovHalfAngle":180,"frequencies":[154.355],"lawEnforcement":false}},{"type":"Feature","geometry":{"type":"Point","coordinates":[-82.16261111111112,34.18872222222222]},"properties":{"id":"fcc/WPBX402/34.18872,-82.16261","kind":"radio","brand":"Other","rawBrand":"FCC ULS","name":"South Carolina Emergency Management Division (WPBX402)","operator":"South Carolina Emergency Management Division","directions":[],"omni":true,"zone":null,"purpose":"Public-safety radio transmitter — South Carolina Emergency Management Division, GREENWOOD","imageUrl":null,"fovHalfAngle":180,"frequencies":[2.3274,2.4234,2.5124,5.1364,7.4814,7.9334],"lawEnforcement":false}},{"type":"Feature","geometry":{"type":"Point","coordinates":[-80.0081388888889,32.85322222222222]},"properties":{"id":"fcc/WPBX405/32.85322,-80.00814","kind":"radio","brand":"Other","rawBrand":"FCC ULS","name":"South Carolina Emergency Management Division (WPBX405)","operator":"South Carolina Emergency Management Division","directions":[],"omni":true,"zone":null,"purpose":"Public-safety radio transmitter — South Carolina Emergency Management Division, CHARLESTON","imageUrl":null,"fovHalfAngle":180,"frequencies":[2.3274,2.4234,2.5124,5.1364,7.4814,7.9334],"lawEnforcement":false}},{"type":"Feature","geometry":{"type":"Point","coordinates":[-79.29727777777778,33.387388888888886]},"properties":{"id":"fcc/WPFD302/33.38739,-79.29728","kind":"radio","brand":"Other","rawBrand":"FCC ULS","name":"GEORGETOWN, CITY OF (WPFD302)","operator":"GEORGETOWN, CITY OF","directions":[],"omni":true,"zone":null,"purpose":"Public-safety radio transmitter — GEORGETOWN, CITY OF, GEORGETOWN","imageUrl":null,"fovHalfAngle":180,"frequencies":[173.2625],"lawEnforcement":false}},{"type":"Feature","geometry":{"type":"Point","coordinates":[-79.29616666666666,33.34238888888889]},"properties":{"id":"fcc/WPFD302/33.34239,-79.29617","kind":"radio","brand":"Other","rawBrand":"FCC ULS","name":"GEORGETOWN, CITY OF (WPFD302)","operator":"GEORGETOWN, CITY OF","directions":[],"omni":true,"zone":null,"purpose":"Public-safety radio transmitter — GEORGETOWN, CITY OF, GEORGETOWN","imageUrl":null,"fovHalfAngle":180,"frequencies":[173.2625],"lawEnforcement":false}},{"type":"Feature","geometry":{"type":"Point","coordinates":[-81.03063888888889,34.000166666666665]},"properties":{"id":"fcc/WPFJ585/34.00017,-81.03064","kind":"radio","brand":"Other","rawBrand":"FCC ULS","name":"SC Emergency Management Division (WPFJ585)","operator":"SC Emergency Management Division","directions":[],"omni":true,"zone":null,"purpose":"Public-safety radio transmitter — SC Emergency Management Division, RICHLAND","imageUrl":null,"fovHalfAngle":180,"frequencies":[2.3274,2.4234,2.5124,5.1364,7.4814,7.9334],"lawEnforcement":false}},{"type":"Feature","geometry":{"type":"Point","coordinates":[-81.03063888888889,34.000166666666665]},"properties":{"id":"fcc/WPFJ586/34.00017,-81.03064","kind":"radio","brand":"Other","rawBrand":"FCC ULS","name":"SC Emergency Management Division (WPFJ586)","operator":"SC Emergency Management Division","directions":[],"omni":true,"zone":null,"purpose":"Public-safety radio transmitter — SC Emergency Management Division, RICHLAND","imageUrl":null,"fovHalfAngle":180,"frequencies":[2.3274,2.4234,2.5124,5.1364,7.4814,7.9334],"lawEnforcement":false}},{"type":"Feature","geometry":{"type":"Point","coordinates":[-79.10836111111111,33.95155555555556]},"properties":{"id":"fcc/WPJR516/33.95156,-79.10836","kind":"radio","brand":"Other","rawBrand":"FCC ULS","name":"Aynor Rescue Squad (WPJR516)","operator":"Aynor Rescue Squad","directions":[],"omni":true,"zone":null,"purpose":"Public-safety radio transmitter — Aynor Rescue Squad, AYNOR","imageUrl":null,"fovHalfAngle":180,"frequencies":[155.775,158.94],"lawEnforcement":false}},{"type":"Feature","geometry":{"type":"Point","coordinates":[-81.72761111111112,33.57180555555556]},"properties":{"id":"fcc/WPKV437/33.57181,-81.72761","kind":"radio","brand":"Other","rawBrand":"FCC ULS","name":"AIKEN, COUNTY OF (WPKV437)","operator":"AIKEN, COUNTY OF","directions":[],"omni":true,"zone":null,"purpose":"Public-safety radio transmitter — AIKEN, COUNTY OF, AIKEN","imageUrl":null,"fovHalfAngle":180,"frequencies":[453.975,458.975],"lawEnforcement":false}},{"type":"Feature","geometry":{"type":"Point","coordinates":[-81.13730555555556,34.08625]},"properties":{"id":"fcc/WNYS832/34.08625,-81.13731","kind":"radio","brand":"Other","rawBrand":"FCC ULS","name":"South Carolina Forestry Commission (WNYS832)","operator":"South Carolina Forestry Commission","directions":[],"omni":true,"zone":null,"purpose":"Public-safety radio transmitter — South Carolina Forestry Commission, COLUMBIA","imageUrl":null,"fovHalfAngle":180,"frequencies":[154.265,154.28,154.295],"lawEnforcement":false}},{"type":"Feature","geometry":{"type":"Point","coordinates":[-81.10536111111111,35.01208333333334]},"properties":{"id":"fcc/WPBR530/35.01208,-81.10536","kind":"radio","brand":"Other","rawBrand":"FCC ULS","name":"YORK, COUNTY OF (WPBR530)","operator":"YORK, COUNTY OF","directions":[],"omni":true,"zone":null,"purpose":"Public-safety radio transmitter — YORK, COUNTY OF, ROCK HILL","imageUrl":null,"fovHalfAngle":180,"frequencies":[153.935,155.805],"lawEnforcement":false}},{"type":"Feature","geometry":{"type":"Point","coordinates":[-81.64786111111111,35.07180555555556]},"properties":{"id":"fcc/WPCD502/35.07181,-81.64786","kind":"radio","brand":"Other","rawBrand":"FCC ULS","name":"CHEROKEE, COUNTY OF (WPCD502)","operator":"CHEROKEE, COUNTY OF","directions":[],"omni":true,"zone":null,"purpose":"Public-safety radio transmitter — CHEROKEE, COUNTY OF, GAFFNEY","imageUrl":null,"fovHalfAngle":180,"frequencies":[460.35,465.35],"lawEnforcement":false}},{"type":"Feature","geometry":{"type":"Point","coordinates":[-81.60372222222222,34.504583333333336]},"properties":{"id":"fcc/WNYE811/34.50458,-81.60372","kind":"radio","brand":"Other","rawBrand":"FCC ULS","name":"WHITMIRE RESCUE SQUAD (WNYE811)","operator":"WHITMIRE RESCUE SQUAD","directions":[],"omni":true,"zone":null,"purpose":"Public-safety radio transmitter — WHITMIRE RESCUE SQUAD, NEWBERRY","imageUrl":null,"fovHalfAngle":180,"frequencies":[155.235],"lawEnforcement":false}},{"type":"Feature","geometry":{"type":"Point","coordinates":[-81.72344444444445,33.573750000000004]},"properties":{"id":"fcc/WPLH447/33.57375,-81.72344","kind":"radio","brand":"Other","rawBrand":"FCC ULS","name":"AIKEN, CITY OF-PUBLIC SAFETY DEPT. (WPLH447)","operator":"AIKEN, CITY OF-PUBLIC SAFETY DEPT.","directions":[],"omni":true,"zone":null,"purpose":"Law-enforcement radio transmitter — AIKEN, CITY OF-PUBLIC SAFETY DEPT., AIKEN","imageUrl":null,"fovHalfAngle":180,"frequencies":[460.525,465.525],"lawEnforcement":true}},{"type":"Feature","geometry":{"type":"Point","coordinates":[-81.73788888888889,33.99402777777778]},"properties":{"id":"fcc/WPMI523/33.99403,-81.73789","kind":"radio","brand":"Other","rawBrand":"FCC ULS","name":"SALUDA, COUNTY OF (WPMI523)","operator":"SALUDA, COUNTY OF","directions":[],"omni":true,"zone":null,"purpose":"Public-safety radio transmitter — SALUDA, COUNTY OF, SALUDA","imageUrl":null,"fovHalfAngle":180,"frequencies":[154.265,154.995,158.895],"lawEnforcement":false}},{"type":"Feature","geometry":{"type":"Point","coordinates":[-82.65361111111112,34.50611111111111]},"properties":{"id":"fcc/WPRX723/34.50611,-82.65361","kind":"radio","brand":"Other","rawBrand":"FCC ULS","name":"ANDERSON COUNTY (WPRX723)","operator":"ANDERSON COUNTY","directions":[],"omni":true,"zone":null,"purpose":"Public-safety radio transmitter — ANDERSON COUNTY, ANDERSON","imageUrl":null,"fovHalfAngle":180,"frequencies":[453.975,458.975],"lawEnforcement":false}},{"type":"Feature","geometry":{"type":"Point","coordinates":[-82.18777777777778,34.41416666666667]},"properties":{"id":"fcc/WPRX723/34.41417,-82.18778","kind":"radio","brand":"Other","rawBrand":"FCC ULS","name":"ANDERSON COUNTY (WPRX723)","operator":"ANDERSON COUNTY","directions":[],"omni":true,"zone":null,"purpose":"Public-safety radio transmitter — ANDERSON COUNTY, STARR","imageUrl":null,"fovHalfAngle":180,"frequencies":[453.975,458.975],"lawEnforcement":false}},{"type":"Feature","geometry":{"type":"Point","coordinates":[-81.07427777777778,33.918]},"properties":{"id":"fcc/WPTQ833/33.91800,-81.07428","kind":"radio","brand":"Other","rawBrand":"FCC ULS","name":"CAYCE, CITY OF (WPTQ833)","operator":"CAYCE, CITY OF","directions":[],"omni":true,"zone":null,"purpose":"Public-safety radio transmitter — CAYCE, CITY OF, CAYCE","imageUrl":null,"fovHalfAngle":180,"frequencies":[460.2625],"lawEnforcement":false}},{"type":"Feature","geometry":{"type":"Point","coordinates":[-81.14030555555556,33.96036111111111]},"properties":{"id":"fcc/WPTQ833/33.96036,-81.14031","kind":"radio","brand":"Other","rawBrand":"FCC ULS","name":"CAYCE, CITY OF (WPTQ833)","operator":"CAYCE, CITY OF","directions":[],"omni":true,"zone":null,"purpose":"Public-safety radio transmitter — CAYCE, CITY OF, CAYCE","imageUrl":null,"fovHalfAngle":180,"frequencies":[460.2625],"lawEnforcement":false}},{"type":"Feature","geometry":{"type":"Point","coordinates":[-81.02961111111111,33.94413888888889]},"properties":{"id":"fcc/WPTQ833/33.94414,-81.02961","kind":"radio","brand":"Other","rawBrand":"FCC ULS","name":"CAYCE, CITY OF (WPTQ833)","operator":"CAYCE, CITY OF","directions":[],"omni":true,"zone":null,"purpose":"Public-safety radio transmitter — CAYCE, CITY OF, CAYCE","imageUrl":null,"fovHalfAngle":180,"frequencies":[460.2625],"lawEnforcement":false}},{"type":"Feature","geometry":{"type":"Point","coordinates":[-81.07772222222222,33.94108333333333]},"properties":{"id":"fcc/WPTQ833/33.94108,-81.07772","kind":"radio","brand":"Other","rawBrand":"FCC ULS","name":"CAYCE, CITY OF (WPTQ833)","operator":"CAYCE, CITY OF","directions":[],"omni":true,"zone":null,"purpose":"Public-safety radio transmitter — CAYCE, CITY OF, CAYCE","imageUrl":null,"fovHalfAngle":180,"frequencies":[460.2625],"lawEnforcement":false}},{"type":"Feature","geometry":{"type":"Point","coordinates":[-81.0355,33.959361111111114]},"properties":{"id":"fcc/WPTQ833/33.95936,-81.03550","kind":"radio","brand":"Other","rawBrand":"FCC ULS","name":"CAYCE, CITY OF (WPTQ833)","operator":"CAYCE, CITY OF","directions":[],"omni":true,"zone":null,"purpose":"Public-safety radio transmitter — CAYCE, CITY OF, CAYCE","imageUrl":null,"fovHalfAngle":180,"frequencies":[460.2625],"lawEnforcement":false}},{"type":"Feature","geometry":{"type":"Point","coordinates":[-80.53408333333333,33.82252777777778]},"properties":{"id":"fcc/WPUF374/33.82253,-80.53408","kind":"radio","brand":"Other","rawBrand":"FCC ULS","name":"SOUTH CAROLINA FORESTRY COMMISSION (WPUF374)","operator":"SOUTH CAROLINA FORESTRY COMMISSION","directions":[],"omni":true,"zone":null,"purpose":"Public-safety radio transmitter — SOUTH CAROLINA FORESTRY COMMISSION, WEDGEFIELD","imageUrl":null,"fovHalfAngle":180,"frequencies":[151.175,159.27],"lawEnforcement":false}},{"type":"Feature","geometry":{"type":"Point","coordinates":[-79.44705555555556,33.75311111111111]},"properties":{"id":"fcc/WPUV614/33.75311,-79.44706","kind":"radio","brand":"Other","rawBrand":"FCC ULS","name":"HEMINGWAY, TOWN OF (WPUV614)","operator":"HEMINGWAY, TOWN OF","directions":[],"omni":true,"zone":null,"purpose":"Public-safety radio transmitter — HEMINGWAY, TOWN OF, HEMINGWAY","imageUrl":null,"fovHalfAngle":180,"frequencies":[153.995,155.97,158.775],"lawEnforcement":false}},{"type":"Feature","geometry":{"type":"Point","coordinates":[-81.36361111111111,33.24236111111111]},"properties":{"id":"fcc/WPUW769/33.24236,-81.36361","kind":"radio","brand":"Other","rawBrand":"FCC ULS","name":"BARNWELL CITY OF (WPUW769)","operator":"BARNWELL CITY OF","directions":[],"omni":true,"zone":null,"purpose":"Public-safety radio transmitter — BARNWELL CITY OF, BARNWELL","imageUrl":null,"fovHalfAngle":180,"frequencies":[153.83,153.89],"lawEnforcement":false}},{"type":"Feature","geometry":{"type":"Point","coordinates":[-80.72305555555556,32.88972222222222]},"properties":{"id":"fcc/WPWB618/32.88972,-80.72306","kind":"radio","brand":"Other","rawBrand":"FCC ULS","name":"COLLETON COUNTY OF (WPWB618)","operator":"COLLETON COUNTY OF","directions":[],"omni":true,"zone":null,"purpose":"Public-safety radio transmitter — COLLETON COUNTY OF, WALTERBORO","imageUrl":null,"fovHalfAngle":180,"frequencies":[153.77,154.01,154.145,154.385],"lawEnforcement":false}},{"type":"Feature","geometry":{"type":"Point","coordinates":[-80.33483333333332,32.48130555555556]},"properties":{"id":"fcc/WPWB618/32.48131,-80.33483","kind":"radio","brand":"Other","rawBrand":"FCC ULS","name":"COLLETON COUNTY OF (WPWB618)","operator":"COLLETON COUNTY OF","directions":[],"omni":true,"zone":null,"purpose":"Public-safety radio transmitter — COLLETON COUNTY OF, EDISTO BEACH","imageUrl":null,"fovHalfAngle":180,"frequencies":[153.77,154.01,154.145,154.385],"lawEnforcement":false}},{"type":"Feature","geometry":{"type":"Point","coordinates":[-81.39361111111111,33.339444444444446]},"properties":{"id":"fcc/WPWI605/33.33944,-81.39361","kind":"radio","brand":"Other","rawBrand":"FCC ULS","name":"BARNWELL COUNTY OF (WPWI605)","operator":"BARNWELL COUNTY OF","directions":[],"omni":true,"zone":null,"purpose":"Public-safety radio transmitter — BARNWELL COUNTY OF, BARNWELL","imageUrl":null,"fovHalfAngle":180,"frequencies":[150.79,153.86,154.4,158.8125],"lawEnforcement":false}},{"type":"Feature","geometry":{"type":"Point","coordinates":[-79.9081388888889,32.79738888888889]},"properties":{"id":"fcc/WPWW567/32.79739,-79.90814","kind":"radio","brand":"Other","rawBrand":"FCC ULS","name":"Patriots Point Fire/Life Safety (WPWW567)","operator":"Patriots Point Fire/Life Safety","directions":[],"omni":true,"zone":null,"purpose":"Public-safety radio transmitter — Patriots Point Fire/Life Safety, MOUNT PLEASANT","imageUrl":null,"fovHalfAngle":180,"frequencies":[155.115,453.3,458.3],"lawEnforcement":false}},{"type":"Feature","geometry":{"type":"Point","coordinates":[-82.94777777777779,34.656666666666666]},"properties":{"id":"fcc/WPXA801/34.65667,-82.94778","kind":"radio","brand":"Other","rawBrand":"FCC ULS","name":"OCONEE, COUNTY OF (WPXA801)","operator":"OCONEE, COUNTY OF","directions":[],"omni":true,"zone":null,"purpose":"Public-safety radio transmitter — OCONEE, COUNTY OF, SENECA","imageUrl":null,"fovHalfAngle":180,"frequencies":[453.0875,453.2625,453.6875,453.7875,453.9625,458.0875,458.2625,458.6875,458.7875,458.9625],"lawEnforcement":false}},{"type":"Feature","geometry":{"type":"Point","coordinates":[-82.94777777777779,34.656388888888884]},"properties":{"id":"fcc/WPXA801/34.65639,-82.94778","kind":"radio","brand":"Other","rawBrand":"FCC ULS","name":"OCONEE, COUNTY OF (WPXA801)","operator":"OCONEE, COUNTY OF","directions":[],"omni":true,"zone":null,"purpose":"Public-safety radio transmitter — OCONEE, COUNTY OF, SENECA","imageUrl":null,"fovHalfAngle":180,"frequencies":[453.0875,453.2625,453.6875,453.7875,453.9625,458.0875,458.2625,458.6875,458.7875,458.9625],"lawEnforcement":false}},{"type":"Feature","geometry":{"type":"Point","coordinates":[-83.09166666666667,34.72888888888889]},"properties":{"id":"fcc/WPXA801/34.72889,-83.09167","kind":"radio","brand":"Other","rawBrand":"FCC ULS","name":"OCONEE, COUNTY OF (WPXA801)","operator":"OCONEE, COUNTY OF","directions":[],"omni":true,"zone":null,"purpose":"Public-safety radio transmitter — OCONEE, COUNTY OF, WALHALLA","imageUrl":null,"fovHalfAngle":180,"frequencies":[453.0875,453.2625,453.6875,453.7875,453.9625,458.0875,458.2625,458.6875,458.7875,458.9625],"lawEnforcement":false}},{"type":"Feature","geometry":{"type":"Point","coordinates":[-83.11833333333333,34.725]},"properties":{"id":"fcc/WPXA801/34.72500,-83.11833","kind":"radio","brand":"Other","rawBrand":"FCC ULS","name":"OCONEE, COUNTY OF (WPXA801)","operator":"OCONEE, COUNTY OF","directions":[],"omni":true,"zone":null,"purpose":"Public-safety radio transmitter — OCONEE, COUNTY OF, WALHALLA","imageUrl":null,"fovHalfAngle":180,"frequencies":[453.0875,453.2625,453.6875,453.7875,453.9625,458.0875,458.2625,458.6875,458.7875,458.9625],"lawEnforcement":false}},{"type":"Feature","geometry":{"type":"Point","coordinates":[-83.06911111111111,34.76438888888889]},"properties":{"id":"fcc/WPXA801/34.76439,-83.06911","kind":"radio","brand":"Other","rawBrand":"FCC ULS","name":"OCONEE, COUNTY OF (WPXA801)","operator":"OCONEE, COUNTY OF","directions":[],"omni":true,"zone":null,"purpose":"Public-safety radio transmitter — OCONEE, COUNTY OF, WALHALLA","imageUrl":null,"fovHalfAngle":180,"frequencies":[453.0875,453.2625,453.6875,453.7875,453.9625,458.0875,458.2625,458.6875,458.7875,458.9625],"lawEnforcement":false}},{"type":"Feature","geometry":{"type":"Point","coordinates":[-83.09847222222221,34.881194444444446]},"properties":{"id":"fcc/WPXA801/34.88119,-83.09847","kind":"radio","brand":"Other","rawBrand":"FCC ULS","name":"OCONEE, COUNTY OF (WPXA801)","operator":"OCONEE, COUNTY OF","directions":[],"omni":true,"zone":null,"purpose":"Public-safety radio transmitter — OCONEE, COUNTY OF, WALHALLA","imageUrl":null,"fovHalfAngle":180,"frequencies":[453.0875,453.2625,453.6875,453.7875,453.9625,458.0875,458.2625,458.6875,458.7875,458.9625],"lawEnforcement":false}},{"type":"Feature","geometry":{"type":"Point","coordinates":[-83.01527777777778,34.75694444444444]},"properties":{"id":"fcc/WPXA801/34.75694,-83.01528","kind":"radio","brand":"Other","rawBrand":"FCC ULS","name":"OCONEE, COUNTY OF (WPXA801)","operator":"OCONEE, COUNTY OF","directions":[],"omni":true,"zone":null,"purpose":"Public-safety radio transmitter — OCONEE, COUNTY OF, WEST UNION","imageUrl":null,"fovHalfAngle":180,"frequencies":[453.0875,453.2625,453.6875,453.7875,453.9625,458.0875,458.2625,458.6875,458.7875,458.9625],"lawEnforcement":false}},{"type":"Feature","geometry":{"type":"Point","coordinates":[-82.84277777777777,34.67805555555555]},"properties":{"id":"fcc/WPXP359/34.67806,-82.84278","kind":"radio","brand":"Other","rawBrand":"FCC ULS","name":"CLEMSON UNIVERSITY POLICE DEPARTMENT (WPXP359)","operator":"CLEMSON UNIVERSITY POLICE DEPARTMENT","directions":[],"omni":true,"zone":null,"purpose":"Law-enforcement radio transmitter — CLEMSON UNIVERSITY POLICE DEPARTMENT, CLEMSON","imageUrl":null,"fovHalfAngle":180,"frequencies":[453.05,458.05],"lawEnforcement":true}},{"type":"Feature","geometry":{"type":"Point","coordinates":[-81.28399999999999,33.97069444444445]},"properties":{"id":"fcc/WPXX594/33.97069,-81.28400","kind":"radio","brand":"Other","rawBrand":"FCC ULS","name":"COUNTY OF LEXINGTON (WPXX594)","operator":"COUNTY OF LEXINGTON","directions":[],"omni":true,"zone":null,"purpose":"Public-safety radio transmitter — COUNTY OF LEXINGTON, LEXINGTON","imageUrl":null,"fovHalfAngle":180,"frequencies":[460.05,460.1,460.15,460.2,460.45,465.05,465.1,465.15,465.2,465.45],"lawEnforcement":false}},{"type":"Feature","geometry":{"type":"Point","coordinates":[-82.23125,34.93694444444444]},"properties":{"id":"fcc/WPZL630/34.93694,-82.23125","kind":"radio","brand":"Other","rawBrand":"FCC ULS","name":"GREER COMMISSION OF PUBLIC WORKS (WPZL630)","operator":"GREER COMMISSION OF PUBLIC WORKS","directions":[],"omni":true,"zone":null,"purpose":"Public-safety radio transmitter — GREER COMMISSION OF PUBLIC WORKS, GREER","imageUrl":null,"fovHalfAngle":180,"frequencies":[453.05,453.15],"lawEnforcement":false}},{"type":"Feature","geometry":{"type":"Point","coordinates":[-80.84777777777778,32.22694444444445]},"properties":{"id":"fcc/WQAD892/32.22694,-80.84778","kind":"radio","brand":"Other","rawBrand":"FCC ULS","name":"HILTON HEAD ISLAND TOWN OF (WQAD892)","operator":"HILTON HEAD ISLAND TOWN OF","directions":[],"omni":true,"zone":null,"purpose":"Public-safety radio transmitter — HILTON HEAD ISLAND TOWN OF, BLUFFTON","imageUrl":null,"fovHalfAngle":180,"frequencies":[453.075,458.075],"lawEnforcement":false}},{"type":"Feature","geometry":{"type":"Point","coordinates":[-80.76666666666667,32.166666666666664]},"properties":{"id":"fcc/WQAD892/32.16667,-80.76667","kind":"radio","brand":"Other","rawBrand":"FCC ULS","name":"HILTON HEAD ISLAND TOWN OF (WQAD892)","operator":"HILTON HEAD ISLAND TOWN OF","directions":[],"omni":true,"zone":null,"purpose":"Public-safety radio transmitter — HILTON HEAD ISLAND TOWN OF, HILTON HEAD ISLAND","imageUrl":null,"fovHalfAngle":180,"frequencies":[453.075,458.075],"lawEnforcement":false}},{"type":"Feature","geometry":{"type":"Point","coordinates":[-82.11555555555555,34.864444444444445]},"properties":{"id":"fcc/WQAF257/34.86444,-82.11556","kind":"radio","brand":"Other","rawBrand":"FCC ULS","name":"REIDVILLE FIRE AND RESCUE DEPARTMENT (WQAF257)","operator":"REIDVILLE FIRE AND RESCUE DEPARTMENT","directions":[],"omni":true,"zone":null,"purpose":"Public-safety radio transmitter — REIDVILLE FIRE AND RESCUE DEPARTMENT, REIDVILLE","imageUrl":null,"fovHalfAngle":180,"frequencies":[155.205],"lawEnforcement":false}},{"type":"Feature","geometry":{"type":"Point","coordinates":[-80.00580555555555,32.702444444444446]},"properties":{"id":"fcc/WQAX969/32.70244,-80.00581","kind":"radio","brand":"Other","rawBrand":"FCC ULS","name":"CHARLESTON COUNTY AVIATION AUTHORITY (WQAX969)","operator":"CHARLESTON COUNTY AVIATION AUTHORITY","directions":[],"omni":true,"zone":null,"purpose":"Public-safety radio transmitter — CHARLESTON COUNTY AVIATION AUTHORITY, JOHNS ISLAND","imageUrl":null,"fovHalfAngle":180,"frequencies":[458.6125],"lawEnforcement":false}},{"type":"Feature","geometry":{"type":"Point","coordinates":[-80.00780555555555,32.702333333333335]},"properties":{"id":"fcc/WQAX969/32.70233,-80.00781","kind":"radio","brand":"Other","rawBrand":"FCC ULS","name":"CHARLESTON COUNTY AVIATION AUTHORITY (WQAX969)","operator":"CHARLESTON COUNTY AVIATION AUTHORITY","directions":[],"omni":true,"zone":null,"purpose":"Public-safety radio transmitter — CHARLESTON COUNTY AVIATION AUTHORITY, JOHNS ISLAND","imageUrl":null,"fovHalfAngle":180,"frequencies":[458.6125],"lawEnforcement":false}},{"type":"Feature","geometry":{"type":"Point","coordinates":[-81.732,33.99047222222222]},"properties":{"id":"fcc/WPMI523/33.99047,-81.73200","kind":"radio","brand":"Other","rawBrand":"FCC ULS","name":"SALUDA, COUNTY OF (WPMI523)","operator":"SALUDA, COUNTY OF","directions":[],"omni":true,"zone":null,"purpose":"Public-safety radio transmitter — SALUDA, COUNTY OF, SALUDA","imageUrl":null,"fovHalfAngle":180,"frequencies":[154.265,154.995,158.895],"lawEnforcement":false}},{"type":"Feature","geometry":{"type":"Point","coordinates":[-79.76638888888888,33.89416666666666]},"properties":{"id":"fcc/WQBV875/33.89417,-79.76639","kind":"radio","brand":"Other","rawBrand":"FCC ULS","name":"LAKE CITY, CITY OF (WQBV875)","operator":"LAKE CITY, CITY OF","directions":[],"omni":true,"zone":null,"purpose":"Public-safety radio transmitter — LAKE CITY, CITY OF, LAKE CITY","imageUrl":null,"fovHalfAngle":180,"frequencies":[154.725,159.045],"lawEnforcement":false}},{"type":"Feature","geometry":{"type":"Point","coordinates":[-81.93094444444445,33.78930555555555]},"properties":{"id":"fcc/WQCY532/33.78931,-81.93094","kind":"radio","brand":"Other","rawBrand":"FCC ULS","name":"EDGEFIELD COUNTY SHERIFF'S DEPT (WQCY532)","operator":"EDGEFIELD COUNTY SHERIFF'S DEPT","directions":[],"omni":true,"zone":null,"purpose":"Law-enforcement radio transmitter — EDGEFIELD COUNTY SHERIFF'S DEPT, EDGEFIELD","imageUrl":null,"fovHalfAngle":180,"frequencies":[460.3,465.3],"lawEnforcement":true}},{"type":"Feature","geometry":{"type":"Point","coordinates":[-80.09561111111111,34.72016666666667]},"properties":{"id":"fcc/WQDW403/34.72017,-80.09561","kind":"radio","brand":"Other","rawBrand":"FCC ULS","name":"CHESTERFIELD, COUNTY OF (WQDW403)","operator":"CHESTERFIELD, COUNTY OF","directions":[],"omni":true,"zone":null,"purpose":"Public-safety radio transmitter — CHESTERFIELD, COUNTY OF, Chesterfield","imageUrl":null,"fovHalfAngle":180,"frequencies":[151.07,151.085,155.145,156.24],"lawEnforcement":false}},{"type":"Feature","geometry":{"type":"Point","coordinates":[-80.17397222222223,33.019888888888886]},"properties":{"id":"fcc/WQFQ873/33.01989,-80.17397","kind":"radio","brand":"Other","rawBrand":"FCC ULS","name":"Dorchester County (WQFQ873)","operator":"Dorchester County","directions":[],"omni":true,"zone":null,"purpose":"Public-safety radio transmitter — Dorchester County, RIDGEVILLE","imageUrl":null,"fovHalfAngle":180,"frequencies":[453.4],"lawEnforcement":false}},{"type":"Feature","geometry":{"type":"Point","coordinates":[-80.10425,32.89822222222222]},"properties":{"id":"fcc/WQFQ873/32.89822,-80.10425","kind":"radio","brand":"Other","rawBrand":"FCC ULS","name":"Dorchester County (WQFQ873)","operator":"Dorchester County","directions":[],"omni":true,"zone":null,"purpose":"Public-safety radio transmitter — Dorchester County, N. CHARLESTON","imageUrl":null,"fovHalfAngle":180,"frequencies":[453.4],"lawEnforcement":false}},{"type":"Feature","geometry":{"type":"Point","coordinates":[-80.37705555555554,33.06488888888889]},"properties":{"id":"fcc/WQFQ873/33.06489,-80.37706","kind":"radio","brand":"Other","rawBrand":"FCC ULS","name":"Dorchester County (WQFQ873)","operator":"Dorchester County","directions":[],"omni":true,"zone":null,"purpose":"Public-safety radio transmitter — Dorchester County, RIDGEVILLE","imageUrl":null,"fovHalfAngle":180,"frequencies":[453.4],"lawEnforcement":false}},{"type":"Feature","geometry":{"type":"Point","coordinates":[-80.18341666666667,32.977111111111114]},"properties":{"id":"fcc/WQFQ873/32.97711,-80.18342","kind":"radio","brand":"Other","rawBrand":"FCC ULS","name":"Dorchester County (WQFQ873)","operator":"Dorchester County","directions":[],"omni":true,"zone":null,"purpose":"Public-safety radio transmitter — Dorchester County, RIDGEVILLE","imageUrl":null,"fovHalfAngle":180,"frequencies":[453.4],"lawEnforcement":false}},{"type":"Feature","geometry":{"type":"Point","coordinates":[-80.33344444444444,33.031277777777774]},"properties":{"id":"fcc/WQFQ873/33.03128,-80.33344","kind":"radio","brand":"Other","rawBrand":"FCC ULS","name":"Dorchester County (WQFQ873)","operator":"Dorchester County","directions":[],"omni":true,"zone":null,"purpose":"Public-safety radio transmitter — Dorchester County, RIDGEVILLE","imageUrl":null,"fovHalfAngle":180,"frequencies":[453.4],"lawEnforcement":false}},{"type":"Feature","geometry":{"type":"Point","coordinates":[-80.47955555555556,33.17461111111111]},"properties":{"id":"fcc/WQFQ873/33.17461,-80.47956","kind":"radio","brand":"Other","rawBrand":"FCC ULS","name":"Dorchester County (WQFQ873)","operator":"Dorchester County","directions":[],"omni":true,"zone":null,"purpose":"Public-safety radio transmitter — Dorchester County, HARLEYVILLE","imageUrl":null,"fovHalfAngle":180,"frequencies":[453.4],"lawEnforcement":false}},{"type":"Feature","geometry":{"type":"Point","coordinates":[-80.28536111111111,33.09016666666667]},"properties":{"id":"fcc/WQFQ874/33.09017,-80.28536","kind":"radio","brand":"Other","rawBrand":"FCC ULS","name":"Dorchester County (WQFQ874)","operator":"Dorchester County","directions":[],"omni":true,"zone":null,"purpose":"Public-safety radio transmitter — Dorchester County, RIDGEVILLE","imageUrl":null,"fovHalfAngle":180,"frequencies":[453.4],"lawEnforcement":false}},{"type":"Feature","geometry":{"type":"Point","coordinates":[-80.56480555555555,33.26961111111111]},"properties":{"id":"fcc/WQFQ874/33.26961,-80.56481","kind":"radio","brand":"Other","rawBrand":"FCC ULS","name":"Dorchester County (WQFQ874)","operator":"Dorchester County","directions":[],"omni":true,"zone":null,"purpose":"Public-safety radio transmitter — Dorchester County, ST. GEORGE","imageUrl":null,"fovHalfAngle":180,"frequencies":[453.4],"lawEnforcement":false}},{"type":"Feature","geometry":{"type":"Point","coordinates":[-80.23036111111111,32.94433333333333]},"properties":{"id":"fcc/WQFQ874/32.94433,-80.23036","kind":"radio","brand":"Other","rawBrand":"FCC ULS","name":"Dorchester County (WQFQ874)","operator":"Dorchester County","directions":[],"omni":true,"zone":null,"purpose":"Public-safety radio transmitter — Dorchester County, SUMMERVILLE","imageUrl":null,"fovHalfAngle":180,"frequencies":[453.4],"lawEnforcement":false}},{"type":"Feature","geometry":{"type":"Point","coordinates":[-80.23480555555555,32.95461111111111]},"properties":{"id":"fcc/WQFQ874/32.95461,-80.23481","kind":"radio","brand":"Other","rawBrand":"FCC ULS","name":"Dorchester County (WQFQ874)","operator":"Dorchester County","directions":[],"omni":true,"zone":null,"purpose":"Public-safety radio transmitter — Dorchester County, SUMMERVILLE","imageUrl":null,"fovHalfAngle":180,"frequencies":[453.4],"lawEnforcement":false}},{"type":"Feature","geometry":{"type":"Point","coordinates":[-80.03286111111112,33.025444444444446]},"properties":{"id":"fcc/WQFQ874/33.02544,-80.03286","kind":"radio","brand":"Other","rawBrand":"FCC ULS","name":"Dorchester County (WQFQ874)","operator":"Dorchester County","directions":[],"omni":true,"zone":null,"purpose":"Public-safety radio transmitter — Dorchester County, SUMMERVILLE","imageUrl":null,"fovHalfAngle":180,"frequencies":[453.4],"lawEnforcement":false}},{"type":"Feature","geometry":{"type":"Point","coordinates":[-80.22425,32.967666666666666]},"properties":{"id":"fcc/WQFQ874/32.96767,-80.22425","kind":"radio","brand":"Other","rawBrand":"FCC ULS","name":"Dorchester County (WQFQ874)","operator":"Dorchester County","directions":[],"omni":true,"zone":null,"purpose":"Public-safety radio transmitter — Dorchester County, SUMMERVILLE","imageUrl":null,"fovHalfAngle":180,"frequencies":[453.4],"lawEnforcement":false}},{"type":"Feature","geometry":{"type":"Point","coordinates":[-82.70138888888889,34.80916666666666]},"properties":{"id":"fcc/WQFX811/34.80917,-82.70139","kind":"radio","brand":"Other","rawBrand":"FCC ULS","name":"PICKENS, COUNTY OF (WQFX811)","operator":"PICKENS, COUNTY OF","directions":[],"omni":true,"zone":null,"purpose":"Public-safety radio transmitter — PICKENS, COUNTY OF, LIBERTY","imageUrl":null,"fovHalfAngle":180,"frequencies":[453.7625],"lawEnforcement":false}},{"type":"Feature","geometry":{"type":"Point","coordinates":[-81.10341666666666,34.07208333333334]},"properties":{"id":"fcc/WQGY456/34.07208,-81.10342","kind":"radio","brand":"Other","rawBrand":"FCC ULS","name":"SOUTH CAROLINA, STATE OF (WQGY456)","operator":"SOUTH CAROLINA, STATE OF","directions":[],"omni":true,"zone":null,"purpose":"Public-safety radio transmitter — SOUTH CAROLINA, STATE OF, COLUMBIA","imageUrl":null,"fovHalfAngle":180,"frequencies":[153.98,154.86,154.89,155.565,155.655,158.94],"lawEnforcement":false}},{"type":"Feature","geometry":{"type":"Point","coordinates":[-81.28427777777777,32.972388888888894]},"properties":{"id":"fcc/WQGY456/32.97239,-81.28428","kind":"radio","brand":"Other","rawBrand":"FCC ULS","name":"SOUTH CAROLINA, STATE OF (WQGY456)","operator":"SOUTH CAROLINA, STATE OF","directions":[],"omni":true,"zone":null,"purpose":"Public-safety radio transmitter — SOUTH CAROLINA, STATE OF, ALLENDALE","imageUrl":null,"fovHalfAngle":180,"frequencies":[153.98,154.86,154.89,155.565,155.655,158.94],"lawEnforcement":false}},{"type":"Feature","geometry":{"type":"Point","coordinates":[-80.28869444444445,33.08766666666667]},"properties":{"id":"fcc/WQGY456/33.08767,-80.28869","kind":"radio","brand":"Other","rawBrand":"FCC ULS","name":"SOUTH CAROLINA, STATE OF (WQGY456)","operator":"SOUTH CAROLINA, STATE OF","directions":[],"omni":true,"zone":null,"purpose":"Public-safety radio transmitter — SOUTH CAROLINA, STATE OF, RIDGEVILLE","imageUrl":null,"fovHalfAngle":180,"frequencies":[153.98,154.86,154.89,155.565,155.655,158.94],"lawEnforcement":false}},{"type":"Feature","geometry":{"type":"Point","coordinates":[-80.96927777777778,32.49047222222222]},"properties":{"id":"fcc/WQGY456/32.49047,-80.96928","kind":"radio","brand":"Other","rawBrand":"FCC ULS","name":"SOUTH CAROLINA, STATE OF (WQGY456)","operator":"SOUTH CAROLINA, STATE OF","directions":[],"omni":true,"zone":null,"purpose":"Public-safety radio transmitter — SOUTH CAROLINA, STATE OF, RIDGELAND","imageUrl":null,"fovHalfAngle":180,"frequencies":[153.98,154.86,154.89,155.565,155.655,158.94],"lawEnforcement":false}},{"type":"Feature","geometry":{"type":"Point","coordinates":[-79.72533333333334,34.656277777777774]},"properties":{"id":"fcc/WQGY456/34.65628,-79.72533","kind":"radio","brand":"Other","rawBrand":"FCC ULS","name":"SOUTH CAROLINA, STATE OF (WQGY456)","operator":"SOUTH CAROLINA, STATE OF","directions":[],"omni":true,"zone":null,"purpose":"Public-safety radio transmitter — SOUTH CAROLINA, STATE OF, BENNETSVILLE","imageUrl":null,"fovHalfAngle":180,"frequencies":[153.98,154.86,154.89,155.565,155.655,158.94],"lawEnforcement":false}},{"type":"Feature","geometry":{"type":"Point","coordinates":[-81.09925,34.069027777777784]},"properties":{"id":"fcc/WQGY456/34.06903,-81.09925","kind":"radio","brand":"Other","rawBrand":"FCC ULS","name":"SOUTH CAROLINA, STATE OF (WQGY456)","operator":"SOUTH CAROLINA, STATE OF","directions":[],"omni":true,"zone":null,"purpose":"Public-safety radio transmitter — SOUTH CAROLINA, STATE OF, COLUMBIA","imageUrl":null,"fovHalfAngle":180,"frequencies":[153.98,154.86,154.89,155.565,155.655,158.94],"lawEnforcement":false}},{"type":"Feature","geometry":{"type":"Point","coordinates":[-79.85666666666665,33.718611111111116]},"properties":{"id":"fcc/WQHH266/33.71861,-79.85667","kind":"radio","brand":"Other","rawBrand":"FCC ULS","name":"South Carolina Aeronautics Commission (WQHH266)","operator":"South Carolina Aeronautics Commission","directions":[],"omni":true,"zone":null,"purpose":"Public-safety radio transmitter — South Carolina Aeronautics Commission, KINGSTREE","imageUrl":null,"fovHalfAngle":180,"frequencies":[451.2],"lawEnforcement":false}},{"type":"Feature","geometry":{"type":"Point","coordinates":[-79.8536111111111,33.71666666666667]},"properties":{"id":"fcc/WQHH266/33.71667,-79.85361","kind":"radio","brand":"Other","rawBrand":"FCC ULS","name":"South Carolina Aeronautics Commission (WQHH266)","operator":"South Carolina Aeronautics Commission","directions":[],"omni":true,"zone":null,"purpose":"Public-safety radio transmitter — South Carolina Aeronautics Commission, KINGSTREE","imageUrl":null,"fovHalfAngle":180,"frequencies":[451.2],"lawEnforcement":false}},{"type":"Feature","geometry":{"type":"Point","coordinates":[-80.03694444444444,33.18666666666666]},"properties":{"id":"fcc/WQHI696/33.18667,-80.03694","kind":"radio","brand":"Other","rawBrand":"FCC ULS","name":"South Carolina Aeronautics Commission (WQHI696)","operator":"South Carolina Aeronautics Commission","directions":[],"omni":true,"zone":null,"purpose":"Public-safety radio transmitter — South Carolina Aeronautics Commission, MONCKS CORNER","imageUrl":null,"fovHalfAngle":180,"frequencies":[451.85],"lawEnforcement":false}},{"type":"Feature","geometry":{"type":"Point","coordinates":[-80.03444444444445,33.19]},"properties":{"id":"fcc/WQHI696/33.19000,-80.03444","kind":"radio","brand":"Other","rawBrand":"FCC ULS","name":"South Carolina Aeronautics Commission (WQHI696)","operator":"South Carolina Aeronautics Commission","directions":[],"omni":true,"zone":null,"purpose":"Public-safety radio transmitter — South Carolina Aeronautics Commission, MONCKS CORNER","imageUrl":null,"fovHalfAngle":180,"frequencies":[451.85],"lawEnforcement":false}},{"type":"Feature","geometry":{"type":"Point","coordinates":[-82.23927777777777,34.718333333333334]},"properties":{"id":"fcc/WQJL912/34.71833,-82.23928","kind":"radio","brand":"Other","rawBrand":"FCC ULS","name":"SIMPSONVILLE, CITY OF (WQJL912)","operator":"SIMPSONVILLE, CITY OF","directions":[],"omni":true,"zone":null,"purpose":"Public-safety radio transmitter — SIMPSONVILLE, CITY OF, SIMPSONVILLE","imageUrl":null,"fovHalfAngle":180,"frequencies":[155.025,453.075,458.075],"lawEnforcement":false}},{"type":"Feature","geometry":{"type":"Point","coordinates":[-79.28183333333334,33.365833333333335]},"properties":{"id":"fcc/WQJR227/33.36583,-79.28183","kind":"radio","brand":"Other","rawBrand":"FCC ULS","name":"AMERICAN NATIONAL RED CROSS (WQJR227)","operator":"AMERICAN NATIONAL RED CROSS","directions":[],"omni":true,"zone":null,"purpose":"Public-safety radio transmitter — AMERICAN NATIONAL RED CROSS, GEORGETOWN","imageUrl":null,"fovHalfAngle":180,"frequencies":[47.42],"lawEnforcement":false}},{"type":"Feature","geometry":{"type":"Point","coordinates":[-79.86305555555555,34.17861111111111]},"properties":{"id":"fcc/WQKB554/34.17861,-79.86306","kind":"radio","brand":"Other","rawBrand":"FCC ULS","name":"WEST FLORENCE FIRE DEPARTMENT (WQKB554)","operator":"WEST FLORENCE FIRE DEPARTMENT","directions":[],"omni":true,"zone":null,"purpose":"Public-safety radio transmitter — WEST FLORENCE FIRE DEPARTMENT, FLORENCE","imageUrl":null,"fovHalfAngle":180,"frequencies":[151.0925,158.8125],"lawEnforcement":false}},{"type":"Feature","geometry":{"type":"Point","coordinates":[-80.42630555555556,34.75522222222222]},"properties":{"id":"fcc/WQKC486/34.75522,-80.42631","kind":"radio","brand":"Other","rawBrand":"FCC ULS","name":"CHESTERFIELD, COUNTY OF (WQKC486)","operator":"CHESTERFIELD, COUNTY OF","directions":[],"omni":true,"zone":null,"purpose":"Public-safety radio transmitter — CHESTERFIELD, COUNTY OF, PAGELAND","imageUrl":null,"fovHalfAngle":180,"frequencies":[151.3025,154.04,155.9625,156.045],"lawEnforcement":false}},{"type":"Feature","geometry":{"type":"Point","coordinates":[-80.94508333333334,35.07822222222222]},"properties":{"id":"fcc/WQLN263/35.07822,-80.94508","kind":"radio","brand":"Other","rawBrand":"FCC ULS","name":"YORK, COUNTY OF (WQLN263)","operator":"YORK, COUNTY OF","directions":[],"omni":true,"zone":null,"purpose":"Public-safety radio transmitter — YORK, COUNTY OF, FORT MILL","imageUrl":null,"fovHalfAngle":180,"frequencies":[154.755,155.97],"lawEnforcement":false}},{"type":"Feature","geometry":{"type":"Point","coordinates":[-81.41241666666667,34.97394444444445]},"properties":{"id":"fcc/WQLN263/34.97394,-81.41242","kind":"radio","brand":"Other","rawBrand":"FCC ULS","name":"YORK, COUNTY OF (WQLN263)","operator":"YORK, COUNTY OF","directions":[],"omni":true,"zone":null,"purpose":"Public-safety radio transmitter — YORK, COUNTY OF, ROCK HILL","imageUrl":null,"fovHalfAngle":180,"frequencies":[154.755,155.97],"lawEnforcement":false}},{"type":"Feature","geometry":{"type":"Point","coordinates":[-81.15,35.08719444444445]},"properties":{"id":"fcc/WQLN263/35.08719,-81.15000","kind":"radio","brand":"Other","rawBrand":"FCC ULS","name":"YORK, COUNTY OF (WQLN263)","operator":"YORK, COUNTY OF","directions":[],"omni":true,"zone":null,"purpose":"Public-safety radio transmitter — YORK, COUNTY OF, CLOVER","imageUrl":null,"fovHalfAngle":180,"frequencies":[154.755,155.97],"lawEnforcement":false}},{"type":"Feature","geometry":{"type":"Point","coordinates":[-78.88194444444444,33.69797222222222]},"properties":{"id":"fcc/WRCE521/33.69797,-78.88194","kind":"radio","brand":"Other","rawBrand":"FCC ULS","name":"City Of Myrtle Beach - Police Department (WRCE521)","operator":"City Of Myrtle Beach - Police Department","directions":[],"omni":true,"zone":null,"purpose":"Law-enforcement radio transmitter — City Of Myrtle Beach - Police Department, Myrtle Beach","imageUrl":null,"fovHalfAngle":180,"frequencies":[4940],"lawEnforcement":true}},{"type":"Feature","geometry":{"type":"Point","coordinates":[-81.02788888888888,33.97577777777778]},"properties":{"id":"fcc/WQMX941/33.97578,-81.02789","kind":"radio","brand":"Other","rawBrand":"FCC ULS","name":"SOUTH CAROLINA STATE GUARD (WQMX941)","operator":"SOUTH CAROLINA STATE GUARD","directions":[],"omni":true,"zone":null,"purpose":"Public-safety radio transmitter — SOUTH CAROLINA STATE GUARD, COLUMBIA","imageUrl":null,"fovHalfAngle":180,"frequencies":[151.1225,155.7075,453.3875,453.4125,453.8625,458.3875,458.8625,460.1125,460.1875,460.3375,465.3375],"lawEnforcement":false}},{"type":"Feature","geometry":{"type":"Point","coordinates":[-81.72344444444445,33.573750000000004]},"properties":{"id":"fcc/WQPM660/33.57375,-81.72344","kind":"radio","brand":"Other","rawBrand":"FCC ULS","name":"AIKEN, CITY OF  -  DEPT OF PUBLIC SAFETY (WQPM660)","operator":"AIKEN, CITY OF  -  DEPT OF PUBLIC SAFETY","directions":[],"omni":true,"zone":null,"purpose":"Law-enforcement radio transmitter — AIKEN, CITY OF  -  DEPT OF PUBLIC SAFETY, AIKEN","imageUrl":null,"fovHalfAngle":180,"frequencies":[458.925],"lawEnforcement":true}},{"type":"Feature","geometry":{"type":"Point","coordinates":[-81.64833333333334,35.07694444444445]},"properties":{"id":"fcc/WQQC682/35.07694,-81.64833","kind":"radio","brand":"Other","rawBrand":"FCC ULS","name":"GAFFNEY, CITY OF -  FIRE DEPARTMENT (WQQC682)","operator":"GAFFNEY, CITY OF -  FIRE DEPARTMENT","directions":[],"omni":true,"zone":null,"purpose":"Public-safety radio transmitter — GAFFNEY, CITY OF -  FIRE DEPARTMENT, GAFFNEY","imageUrl":null,"fovHalfAngle":180,"frequencies":[151.4225,155.4225,156.0975,158.7975,453.0625],"lawEnforcement":false}},{"type":"Feature","geometry":{"type":"Point","coordinates":[-82.60041666666666,34.81916666666667]},"properties":{"id":"fcc/WQQJ879/34.81917,-82.60042","kind":"radio","brand":"Other","rawBrand":"FCC ULS","name":"EASLEY, CITY OF (WQQJ879)","operator":"EASLEY, CITY OF","directions":[],"omni":true,"zone":null,"purpose":"Public-safety radio transmitter — EASLEY, CITY OF, EASLEY","imageUrl":null,"fovHalfAngle":180,"frequencies":[154.145,158.775],"lawEnforcement":false}},{"type":"Feature","geometry":{"type":"Point","coordinates":[-82.43794444444445,34.96438888888889]},"properties":{"id":"fcc/WQTF212/34.96439,-82.43794","kind":"radio","brand":"Other","rawBrand":"FCC ULS","name":"CITY OF TRAVELERS REST (WQTF212)","operator":"CITY OF TRAVELERS REST","directions":[],"omni":true,"zone":null,"purpose":"Public-safety radio transmitter — CITY OF TRAVELERS REST, TRAVELERS REST","imageUrl":null,"fovHalfAngle":180,"frequencies":[453.4,458.4],"lawEnforcement":false}},{"type":"Feature","geometry":{"type":"Point","coordinates":[-81.35425,33.248472222222226]},"properties":{"id":"fcc/WPWI605/33.24847,-81.35425","kind":"radio","brand":"Other","rawBrand":"FCC ULS","name":"BARNWELL COUNTY OF (WPWI605)","operator":"BARNWELL COUNTY OF","directions":[],"omni":true,"zone":null,"purpose":"Public-safety radio transmitter — BARNWELL COUNTY OF, Barnwell","imageUrl":null,"fovHalfAngle":180,"frequencies":[150.79,153.86,154.4,158.8125],"lawEnforcement":false}},{"type":"Feature","geometry":{"type":"Point","coordinates":[-81.66102777777779,35.07016666666667]},"properties":{"id":"fcc/WQQC682/35.07017,-81.66103","kind":"radio","brand":"Other","rawBrand":"FCC ULS","name":"GAFFNEY, CITY OF -  FIRE DEPARTMENT (WQQC682)","operator":"GAFFNEY, CITY OF -  FIRE DEPARTMENT","directions":[],"omni":true,"zone":null,"purpose":"Public-safety radio transmitter — GAFFNEY, CITY OF -  FIRE DEPARTMENT, GAFFNEY","imageUrl":null,"fovHalfAngle":180,"frequencies":[151.4225,155.4225,156.0975,158.7975,453.0625],"lawEnforcement":false}},{"type":"Feature","geometry":{"type":"Point","coordinates":[-81.02302777777777,34.69616666666666]},"properties":{"id":"fcc/WQWQ353/34.69617,-81.02303","kind":"radio","brand":"Other","rawBrand":"FCC ULS","name":"CHESTER, COUNTY OF (WQWQ353)","operator":"CHESTER, COUNTY OF","directions":[],"omni":true,"zone":null,"purpose":"Public-safety radio transmitter — CHESTER, COUNTY OF, RICHBURG","imageUrl":null,"fovHalfAngle":180,"frequencies":[460.1625],"lawEnforcement":false}},{"type":"Feature","geometry":{"type":"Point","coordinates":[-81.99722222222222,34.974722222222226]},"properties":{"id":"fcc/WQZE809/34.97472,-81.99722","kind":"radio","brand":"Other","rawBrand":"FCC ULS","name":"Westview Fairforest Fire Department (WQZE809)","operator":"Westview Fairforest Fire Department","directions":[],"omni":true,"zone":null,"purpose":"Public-safety radio transmitter — Westview Fairforest Fire Department, SPARTANBURG","imageUrl":null,"fovHalfAngle":180,"frequencies":[154.13,154.71],"lawEnforcement":false}},{"type":"Feature","geometry":{"type":"Point","coordinates":[-82.00455555555556,34.9065]},"properties":{"id":"fcc/WQZE809/34.90650,-82.00456","kind":"radio","brand":"Other","rawBrand":"FCC ULS","name":"Westview Fairforest Fire Department (WQZE809)","operator":"Westview Fairforest Fire Department","directions":[],"omni":true,"zone":null,"purpose":"Public-safety radio transmitter — Westview Fairforest Fire Department, Moore","imageUrl":null,"fovHalfAngle":180,"frequencies":[154.13,154.71],"lawEnforcement":false}},{"type":"Feature","geometry":{"type":"Point","coordinates":[-81.9568888888889,34.92016666666667]},"properties":{"id":"fcc/WQZP562/34.92017,-81.95689","kind":"radio","brand":"Other","rawBrand":"FCC ULS","name":"SPARTANBURG, CITY OF- DOWNTOWN AIRPORT (WQZP562)","operator":"SPARTANBURG, CITY OF- DOWNTOWN AIRPORT","directions":[],"omni":true,"zone":null,"purpose":"Public-safety radio transmitter — SPARTANBURG, CITY OF- DOWNTOWN AIRPORT, SPARTANBURG","imageUrl":null,"fovHalfAngle":180,"frequencies":[465.1375],"lawEnforcement":false}},{"type":"Feature","geometry":{"type":"Point","coordinates":[-81.95886111111112,34.91052777777777]},"properties":{"id":"fcc/WQZP562/34.91053,-81.95886","kind":"radio","brand":"Other","rawBrand":"FCC ULS","name":"SPARTANBURG, CITY OF- DOWNTOWN AIRPORT (WQZP562)","operator":"SPARTANBURG, CITY OF- DOWNTOWN AIRPORT","directions":[],"omni":true,"zone":null,"purpose":"Public-safety radio transmitter — SPARTANBURG, CITY OF- DOWNTOWN AIRPORT, SPARTANBURG","imageUrl":null,"fovHalfAngle":180,"frequencies":[465.1375],"lawEnforcement":false}},{"type":"Feature","geometry":{"type":"Point","coordinates":[-80.68275,32.4345]},"properties":{"id":"fcc/WRBM617/32.43450,-80.68275","kind":"radio","brand":"Other","rawBrand":"FCC ULS","name":"BEAUFORT COUNTY ECONOMIC OPPORTUNITY COMMISSION (WRBM617)","operator":"BEAUFORT COUNTY ECONOMIC OPPORTUNITY COMMISSION","directions":[],"omni":true,"zone":null,"purpose":"Public-safety radio transmitter — BEAUFORT COUNTY ECONOMIC OPPORTUNITY COMMISSION, BEAUFORT","imageUrl":null,"fovHalfAngle":180,"frequencies":[458.0375],"lawEnforcement":false}},{"type":"Feature","geometry":{"type":"Point","coordinates":[-79.98702777777778,33.208194444444445]},"properties":{"id":"fcc/WRCT356/33.20819,-79.98703","kind":"radio","brand":"Other","rawBrand":"FCC ULS","name":"BERKELEY, COUNTY OF (WRCT356)","operator":"BERKELEY, COUNTY OF","directions":[],"omni":true,"zone":null,"purpose":"Public-safety radio transmitter — BERKELEY, COUNTY OF, MONCKS CORNER","imageUrl":null,"fovHalfAngle":180,"frequencies":[153.7775,158.7525],"lawEnforcement":false}},{"type":"Feature","geometry":{"type":"Point","coordinates":[-80.25758333333333,33.16555555555556]},"properties":{"id":"fcc/WRCT356/33.16556,-80.25758","kind":"radio","brand":"Other","rawBrand":"FCC ULS","name":"BERKELEY, COUNTY OF (WRCT356)","operator":"BERKELEY, COUNTY OF","directions":[],"omni":true,"zone":null,"purpose":"Public-safety radio transmitter — BERKELEY, COUNTY OF, RIDGEVILLE","imageUrl":null,"fovHalfAngle":180,"frequencies":[153.7775,158.7525],"lawEnforcement":false}},{"type":"Feature","geometry":{"type":"Point","coordinates":[-79.95802777777779,33.39561111111111]},"properties":{"id":"fcc/WRCT356/33.39561,-79.95803","kind":"radio","brand":"Other","rawBrand":"FCC ULS","name":"BERKELEY, COUNTY OF (WRCT356)","operator":"BERKELEY, COUNTY OF","directions":[],"omni":true,"zone":null,"purpose":"Public-safety radio transmitter — BERKELEY, COUNTY OF, St. Stephens","imageUrl":null,"fovHalfAngle":180,"frequencies":[153.7775,158.7525],"lawEnforcement":false}},{"type":"Feature","geometry":{"type":"Point","coordinates":[-79.62633333333332,33.20316666666667]},"properties":{"id":"fcc/WRCT356/33.20317,-79.62633","kind":"radio","brand":"Other","rawBrand":"FCC ULS","name":"BERKELEY, COUNTY OF (WRCT356)","operator":"BERKELEY, COUNTY OF","directions":[],"omni":true,"zone":null,"purpose":"Public-safety radio transmitter — BERKELEY, COUNTY OF, JAMESTOWN","imageUrl":null,"fovHalfAngle":180,"frequencies":[153.7775,158.7525],"lawEnforcement":false}},{"type":"Feature","geometry":{"type":"Point","coordinates":[-79.74975,33.11683333333333]},"properties":{"id":"fcc/WRCT356/33.11683,-79.74975","kind":"radio","brand":"Other","rawBrand":"FCC ULS","name":"BERKELEY, COUNTY OF (WRCT356)","operator":"BERKELEY, COUNTY OF","directions":[],"omni":true,"zone":null,"purpose":"Public-safety radio transmitter — BERKELEY, COUNTY OF, HUGER","imageUrl":null,"fovHalfAngle":180,"frequencies":[153.7775,158.7525],"lawEnforcement":false}},{"type":"Feature","geometry":{"type":"Point","coordinates":[-80.1228611111111,33.02338888888889]},"properties":{"id":"fcc/WRCT356/33.02339,-80.12286","kind":"radio","brand":"Other","rawBrand":"FCC ULS","name":"BERKELEY, COUNTY OF (WRCT356)","operator":"BERKELEY, COUNTY OF","directions":[],"omni":true,"zone":null,"purpose":"Public-safety radio transmitter — BERKELEY, COUNTY OF, SUMMERVILLE","imageUrl":null,"fovHalfAngle":180,"frequencies":[153.7775,158.7525],"lawEnforcement":false}},{"type":"Feature","geometry":{"type":"Point","coordinates":[-82.03988888888888,34.51736111111111]},"properties":{"id":"fcc/WRDI569/34.51736,-82.03989","kind":"radio","brand":"Other","rawBrand":"FCC ULS","name":"LAURENS COUNTY DEPARTMENT OF PUBLIC WORKS (WRDI569)","operator":"LAURENS COUNTY DEPARTMENT OF PUBLIC WORKS","directions":[],"omni":true,"zone":null,"purpose":"Public-safety radio transmitter — LAURENS COUNTY DEPARTMENT OF PUBLIC WORKS, Laurens","imageUrl":null,"fovHalfAngle":180,"frequencies":[453.675,458.675],"lawEnforcement":false}},{"type":"Feature","geometry":{"type":"Point","coordinates":[-81.16033333333334,34.05083333333333]},"properties":{"id":"fcc/WRHV773/34.05083,-81.16033","kind":"radio","brand":"Other","rawBrand":"FCC ULS","name":"Irmo Fire District (WRHV773)","operator":"Irmo Fire District","directions":[],"omni":true,"zone":null,"purpose":"Public-safety radio transmitter — Irmo Fire District, Irmo","imageUrl":null,"fovHalfAngle":180,"frequencies":[151.4675,156.1425],"lawEnforcement":false}},{"type":"Feature","geometry":{"type":"Point","coordinates":[-81.58944444444444,35.04666666666667]},"properties":{"id":"fcc/WROC507/35.04667,-81.58944","kind":"radio","brand":"Other","rawBrand":"FCC ULS","name":"CHEROKEE, COUNTY OF (WROC507)","operator":"CHEROKEE, COUNTY OF","directions":[],"omni":true,"zone":null,"purpose":"Public-safety radio transmitter — CHEROKEE, COUNTY OF, GAFFNEY","imageUrl":null,"fovHalfAngle":180,"frequencies":[155.595,155.73,158.7975,158.82,159.0675],"lawEnforcement":false}},{"type":"Feature","geometry":{"type":"Point","coordinates":[-80.27597222222222,34.701]},"properties":{"id":"fcc/WQDW403/34.70100,-80.27597","kind":"radio","brand":"Other","rawBrand":"FCC ULS","name":"CHESTERFIELD, COUNTY OF (WQDW403)","operator":"CHESTERFIELD, COUNTY OF","directions":[],"omni":true,"zone":null,"purpose":"Public-safety radio transmitter — CHESTERFIELD, COUNTY OF, Mt. Croghan","imageUrl":null,"fovHalfAngle":180,"frequencies":[151.07,151.085,155.145,156.24],"lawEnforcement":false}},{"type":"Feature","geometry":{"type":"Point","coordinates":[-80.9593888888889,34.89125]},"properties":{"id":"fcc/WRVV618/34.89125,-80.95939","kind":"radio","brand":"Other","rawBrand":"FCC ULS","name":"YORK COUNTY DEPT OF PUBLIC SAFETY COMMS (WRVV618)","operator":"YORK COUNTY DEPT OF PUBLIC SAFETY COMMS","directions":[],"omni":true,"zone":null,"purpose":"Law-enforcement radio transmitter — YORK COUNTY DEPT OF PUBLIC SAFETY COMMS, Rock Hill","imageUrl":null,"fovHalfAngle":180,"frequencies":[809.2625,854.2625],"lawEnforcement":true}},{"type":"Feature","geometry":{"type":"Point","coordinates":[-81.63094444444444,34.29597222222222]},"properties":{"id":"fcc/KCZ500/34.29597,-81.63094","kind":"radio","brand":"Other","rawBrand":"FCC ULS","name":"NEWBERRY, COUNTY OF (KCZ500)","operator":"NEWBERRY, COUNTY OF","directions":[],"omni":true,"zone":null,"purpose":"Public-safety radio transmitter — NEWBERRY, COUNTY OF, NEWBERRY","imageUrl":null,"fovHalfAngle":180,"frequencies":[154.22],"lawEnforcement":false}},{"type":"Feature","geometry":{"type":"Point","coordinates":[-81.62233333333333,34.27513888888889]},"properties":{"id":"fcc/KCZ500/34.27514,-81.62233","kind":"radio","brand":"Other","rawBrand":"FCC ULS","name":"NEWBERRY, COUNTY OF (KCZ500)","operator":"NEWBERRY, COUNTY OF","directions":[],"omni":true,"zone":null,"purpose":"Public-safety radio transmitter — NEWBERRY, COUNTY OF, NEWBERRY","imageUrl":null,"fovHalfAngle":180,"frequencies":[154.22],"lawEnforcement":false}},{"type":"Feature","geometry":{"type":"Point","coordinates":[-81.53427777777777,34.208194444444445]},"properties":{"id":"fcc/KCZ500/34.20819,-81.53428","kind":"radio","brand":"Other","rawBrand":"FCC ULS","name":"NEWBERRY, COUNTY OF (KCZ500)","operator":"NEWBERRY, COUNTY OF","directions":[],"omni":true,"zone":null,"purpose":"Public-safety radio transmitter — NEWBERRY, COUNTY OF, PROSPERITY","imageUrl":null,"fovHalfAngle":180,"frequencies":[154.22],"lawEnforcement":false}},{"type":"Feature","geometry":{"type":"Point","coordinates":[-81.61483333333332,34.502916666666664]},"properties":{"id":"fcc/KCZ500/34.50292,-81.61483","kind":"radio","brand":"Other","rawBrand":"FCC ULS","name":"NEWBERRY, COUNTY OF (KCZ500)","operator":"NEWBERRY, COUNTY OF","directions":[],"omni":true,"zone":null,"purpose":"Public-safety radio transmitter — NEWBERRY, COUNTY OF, WHITMORE","imageUrl":null,"fovHalfAngle":180,"frequencies":[154.22],"lawEnforcement":false}},{"type":"Feature","geometry":{"type":"Point","coordinates":[-81.41511111111112,34.263194444444444]},"properties":{"id":"fcc/KCZ500/34.26319,-81.41511","kind":"radio","brand":"Other","rawBrand":"FCC ULS","name":"NEWBERRY, COUNTY OF (KCZ500)","operator":"NEWBERRY, COUNTY OF","directions":[],"omni":true,"zone":null,"purpose":"Public-safety radio transmitter — NEWBERRY, COUNTY OF, POMARIA","imageUrl":null,"fovHalfAngle":180,"frequencies":[154.22],"lawEnforcement":false}},{"type":"Feature","geometry":{"type":"Point","coordinates":[-81.44733333333333,34.370416666666664]},"properties":{"id":"fcc/KCZ500/34.37042,-81.44733","kind":"radio","brand":"Other","rawBrand":"FCC ULS","name":"NEWBERRY, COUNTY OF (KCZ500)","operator":"NEWBERRY, COUNTY OF","directions":[],"omni":true,"zone":null,"purpose":"Public-safety radio transmitter — NEWBERRY, COUNTY OF, POMARIA","imageUrl":null,"fovHalfAngle":180,"frequencies":[154.22],"lawEnforcement":false}},{"type":"Feature","geometry":{"type":"Point","coordinates":[-82.68652777777778,34.40233333333333]},"properties":{"id":"fcc/KDX443/34.40233,-82.68653","kind":"radio","brand":"Other","rawBrand":"FCC ULS","name":"ANDERSON, COUNTY OF (KDX443)","operator":"ANDERSON, COUNTY OF","directions":[],"omni":true,"zone":null,"purpose":"Public-safety radio transmitter — ANDERSON, COUNTY OF, STARR","imageUrl":null,"fovHalfAngle":180,"frequencies":[153.95],"lawEnforcement":false}},{"type":"Feature","geometry":{"type":"Point","coordinates":[-79.30055555555555,33.44499999999999]},"properties":{"id":"fcc/KNDU335/33.44500,-79.30056","kind":"radio","brand":"Other","rawBrand":"FCC ULS","name":"GEORGETOWN, COUNTY OF (KNDU335)","operator":"GEORGETOWN, COUNTY OF","directions":[],"omni":true,"zone":null,"purpose":"Public-safety radio transmitter — GEORGETOWN, COUNTY OF, GEORGETOWN","imageUrl":null,"fovHalfAngle":180,"frequencies":[153.77,154.16],"lawEnforcement":false}},{"type":"Feature","geometry":{"type":"Point","coordinates":[-82.41344444444445,34.846222222222224]},"properties":{"id":"fcc/KNGT907/34.84622,-82.41344","kind":"radio","brand":"Other","rawBrand":"FCC ULS","name":"GREENVILLE, CITY OF (KNGT907)","operator":"GREENVILLE, CITY OF","directions":[],"omni":true,"zone":null,"purpose":"Public-safety radio transmitter — GREENVILLE, CITY OF, GREENVILLE","imageUrl":null,"fovHalfAngle":180,"frequencies":[453.65,453.9,458.65,458.9],"lawEnforcement":false}},{"type":"Feature","geometry":{"type":"Point","coordinates":[-82.34011111111111,34.859]},"properties":{"id":"fcc/KNGT907/34.85900,-82.34011","kind":"radio","brand":"Other","rawBrand":"FCC ULS","name":"GREENVILLE, CITY OF (KNGT907)","operator":"GREENVILLE, CITY OF","directions":[],"omni":true,"zone":null,"purpose":"Public-safety radio transmitter — GREENVILLE, CITY OF, GREENVILLE","imageUrl":null,"fovHalfAngle":180,"frequencies":[453.65,453.9,458.65,458.9],"lawEnforcement":false}},{"type":"Feature","geometry":{"type":"Point","coordinates":[-81.10313888888888,34.40125]},"properties":{"id":"fcc/KYE212/34.40125,-81.10314","kind":"radio","brand":"Other","rawBrand":"FCC ULS","name":"Fairfield County Emergency Management Department (KYE212)","operator":"Fairfield County Emergency Management Department","directions":[],"omni":true,"zone":null,"purpose":"Public-safety radio transmitter — Fairfield County Emergency Management Department, WINNSBORO","imageUrl":null,"fovHalfAngle":180,"frequencies":[153.89,154.16,158.955],"lawEnforcement":false}},{"type":"Feature","geometry":{"type":"Point","coordinates":[-81.35066666666665,34.16708333333333]},"properties":{"id":"fcc/KYG752/34.16708,-81.35067","kind":"radio","brand":"Other","rawBrand":"FCC ULS","name":"COUNTY OF LEXINGTON (KYG752)","operator":"COUNTY OF LEXINGTON","directions":[],"omni":true,"zone":null,"purpose":"Public-safety radio transmitter — COUNTY OF LEXINGTON, CHAPIN","imageUrl":null,"fovHalfAngle":180,"frequencies":[154.43],"lawEnforcement":false}},{"type":"Feature","geometry":{"type":"Point","coordinates":[-82.23927777777777,34.714555555555556]},"properties":{"id":"fcc/WNHV721/34.71456,-82.23928","kind":"radio","brand":"Other","rawBrand":"FCC ULS","name":"FOUNTAIN INN, CITY OF (WNHV721)","operator":"FOUNTAIN INN, CITY OF","directions":[],"omni":true,"zone":null,"purpose":"Public-safety radio transmitter — FOUNTAIN INN, CITY OF, FOUNTAIN INN","imageUrl":null,"fovHalfAngle":180,"frequencies":[460.6,465.6],"lawEnforcement":false}},{"type":"Feature","geometry":{"type":"Point","coordinates":[-82.20233333333334,34.69733333333333]},"properties":{"id":"fcc/WNHV721/34.69733,-82.20233","kind":"radio","brand":"Other","rawBrand":"FCC ULS","name":"FOUNTAIN INN, CITY OF (WNHV721)","operator":"FOUNTAIN INN, CITY OF","directions":[],"omni":true,"zone":null,"purpose":"Public-safety radio transmitter — FOUNTAIN INN, CITY OF, FOUNTAIN INN","imageUrl":null,"fovHalfAngle":180,"frequencies":[460.6,465.6],"lawEnforcement":false}},{"type":"Feature","geometry":{"type":"Point","coordinates":[-82.68322222222223,34.59702777777778]},"properties":{"id":"fcc/KBF382/34.59703,-82.68322","kind":"radio","brand":"Other","rawBrand":"FCC ULS","name":"SOUTH CAROLINA DEPARTMENT OF TRANSPORTATION (KBF382)","operator":"SOUTH CAROLINA DEPARTMENT OF TRANSPORTATION","directions":[],"omni":true,"zone":null,"purpose":"Public-safety radio transmitter — SOUTH CAROLINA DEPARTMENT OF TRANSPORTATION, ANDERSON","imageUrl":null,"fovHalfAngle":180,"frequencies":[45.12,47.22,47.34],"lawEnforcement":false}},{"type":"Feature","geometry":{"type":"Point","coordinates":[-79.67783333333334,34.60425]},"properties":{"id":"fcc/KFR585/34.60425,-79.67783","kind":"radio","brand":"Other","rawBrand":"FCC ULS","name":"SOUTH CAROLINA DEPARTMENT OF TRANSPORTATION (KFR585)","operator":"SOUTH CAROLINA DEPARTMENT OF TRANSPORTATION","directions":[],"omni":true,"zone":null,"purpose":"Public-safety radio transmitter — SOUTH CAROLINA DEPARTMENT OF TRANSPORTATION, BENNETTSVILLE","imageUrl":null,"fovHalfAngle":180,"frequencies":[45.16,47.22,47.34,47.36],"lawEnforcement":false}},{"type":"Feature","geometry":{"type":"Point","coordinates":[-80.73733333333334,32.41602777777778]},"properties":{"id":"fcc/KFR590/32.41603,-80.73733","kind":"radio","brand":"Other","rawBrand":"FCC ULS","name":"SOUTH CAROLINA DEPARTMENT OF TRANSPORTATION (KFR590)","operator":"SOUTH CAROLINA DEPARTMENT OF TRANSPORTATION","directions":[],"omni":true,"zone":null,"purpose":"Public-safety radio transmitter — SOUTH CAROLINA DEPARTMENT OF TRANSPORTATION, BEAUFORT","imageUrl":null,"fovHalfAngle":180,"frequencies":[45.12,47.22,47.34,47.36],"lawEnforcement":false}},{"type":"Feature","geometry":{"type":"Point","coordinates":[-81.10544444444444,34.371138888888886]},"properties":{"id":"fcc/KFR591/34.37114,-81.10544","kind":"radio","brand":"Other","rawBrand":"FCC ULS","name":"SOUTH CAROLINA DEPARTMENT OF TRANSPORTATION (KFR591)","operator":"SOUTH CAROLINA DEPARTMENT OF TRANSPORTATION","directions":[],"omni":true,"zone":null,"purpose":"Public-safety radio transmitter — SOUTH CAROLINA DEPARTMENT OF TRANSPORTATION, WINNSBORO","imageUrl":null,"fovHalfAngle":180,"frequencies":[45.4,47.22,47.34,47.36],"lawEnforcement":false}},{"type":"Feature","geometry":{"type":"Point","coordinates":[-82.39358333333334,34.180527777777776]},"properties":{"id":"fcc/KFR592/34.18053,-82.39358","kind":"radio","brand":"Other","rawBrand":"FCC ULS","name":"SOUTH CAROLINA DEPARTMENT OF TRANSPORTATION (KFR592)","operator":"SOUTH CAROLINA DEPARTMENT OF TRANSPORTATION","directions":[],"omni":true,"zone":null,"purpose":"Public-safety radio transmitter — SOUTH CAROLINA DEPARTMENT OF TRANSPORTATION, ABBEVILLE","imageUrl":null,"fovHalfAngle":180,"frequencies":[45.28,47.22,47.28,47.34],"lawEnforcement":false}},{"type":"Feature","geometry":{"type":"Point","coordinates":[-80.95675,33.45269444444445]},"properties":{"id":"fcc/KIF948/33.45269,-80.95675","kind":"radio","brand":"Other","rawBrand":"FCC ULS","name":"SOUTH CAROLINA DEPARTMENT OF TRANSPORTATION (KIF948)","operator":"SOUTH CAROLINA DEPARTMENT OF TRANSPORTATION","directions":[],"omni":true,"zone":null,"purpose":"Public-safety radio transmitter — SOUTH CAROLINA DEPARTMENT OF TRANSPORTATION, ORANGEBURG","imageUrl":null,"fovHalfAngle":180,"frequencies":[45.28,47.18,47.22,47.34],"lawEnforcement":false}},{"type":"Feature","geometry":{"type":"Point","coordinates":[-80.84388888888888,33.47083333333334]},"properties":{"id":"fcc/KIF948/33.47083,-80.84389","kind":"radio","brand":"Other","rawBrand":"FCC ULS","name":"SOUTH CAROLINA DEPARTMENT OF TRANSPORTATION (KIF948)","operator":"SOUTH CAROLINA DEPARTMENT OF TRANSPORTATION","directions":[],"omni":true,"zone":null,"purpose":"Public-safety radio transmitter — SOUTH CAROLINA DEPARTMENT OF TRANSPORTATION, ORANGEBURG","imageUrl":null,"fovHalfAngle":180,"frequencies":[45.28,47.18,47.22,47.34],"lawEnforcement":false}},{"type":"Feature","geometry":{"type":"Point","coordinates":[-81.32038888888889,33.00266666666667]},"properties":{"id":"fcc/KIR713/33.00267,-81.32039","kind":"radio","brand":"Other","rawBrand":"FCC ULS","name":"SOUTH CAROLINA DEPARTMENT OF TRANSPORTATION (KIR713)","operator":"SOUTH CAROLINA DEPARTMENT OF TRANSPORTATION","directions":[],"omni":true,"zone":null,"purpose":"Public-safety radio transmitter — SOUTH CAROLINA DEPARTMENT OF TRANSPORTATION, ALLENDALE","imageUrl":null,"fovHalfAngle":180,"frequencies":[45.24,47.08,47.22,47.34],"lawEnforcement":false}},{"type":"Feature","geometry":{"type":"Point","coordinates":[-82.02761111111111,34.73513888888889]},"properties":{"id":"fcc/KRE283/34.73514,-82.02761","kind":"radio","brand":"Other","rawBrand":"FCC ULS","name":"SOUTH CAROLINA DEPARTMENT OF TRANSPORTATION (KRE283)","operator":"SOUTH CAROLINA DEPARTMENT OF TRANSPORTATION","directions":[],"omni":true,"zone":null,"purpose":"Public-safety radio transmitter — SOUTH CAROLINA DEPARTMENT OF TRANSPORTATION, WOODRUFF","imageUrl":null,"fovHalfAngle":180,"frequencies":[47.28,47.34],"lawEnforcement":false}},{"type":"Feature","geometry":{"type":"Point","coordinates":[-80.38727777777778,34.76877777777778]},"properties":{"id":"fcc/KRX450/34.76878,-80.38728","kind":"radio","brand":"Other","rawBrand":"FCC ULS","name":"SOUTH CAROLINA DEPARTMENT OF TRANSPORTATION (KRX450)","operator":"SOUTH CAROLINA DEPARTMENT OF TRANSPORTATION","directions":[],"omni":true,"zone":null,"purpose":"Public-safety radio transmitter — SOUTH CAROLINA DEPARTMENT OF TRANSPORTATION, PAGELAND","imageUrl":null,"fovHalfAngle":180,"frequencies":[47.08,47.22,47.34],"lawEnforcement":false}},{"type":"Feature","geometry":{"type":"Point","coordinates":[-81.73777777777778,33.99388888888889]},"properties":{"id":"fcc/WNDF812/33.99389,-81.73778","kind":"radio","brand":"Other","rawBrand":"FCC ULS","name":"SALUDA, COUNTY OF (WNDF812)","operator":"SALUDA, COUNTY OF","directions":[],"omni":true,"zone":null,"purpose":"Public-safety radio transmitter — SALUDA, COUNTY OF, SALUDA","imageUrl":null,"fovHalfAngle":180,"frequencies":[156.105,159.075],"lawEnforcement":false}},{"type":"Feature","geometry":{"type":"Point","coordinates":[-81.02869444444444,34.00183333333333]},"properties":{"id":"fcc/KAA864/34.00183,-81.02869","kind":"radio","brand":"Other","rawBrand":"FCC ULS","name":"SC Emergency Management Division (KAA864)","operator":"SC Emergency Management Division","directions":[],"omni":true,"zone":null,"purpose":"Public-safety radio transmitter — SC Emergency Management Division, COLUMBIA","imageUrl":null,"fovHalfAngle":180,"frequencies":[45.48],"lawEnforcement":false}},{"type":"Feature","geometry":{"type":"Point","coordinates":[-81.89019444444445,33.79391666666667]},"properties":{"id":"fcc/KII291/33.79392,-81.89019","kind":"radio","brand":"Other","rawBrand":"FCC ULS","name":"EDGEFIELD, COUNTY OF (KII291)","operator":"EDGEFIELD, COUNTY OF","directions":[],"omni":true,"zone":null,"purpose":"Public-safety radio transmitter — EDGEFIELD, COUNTY OF, EDGEFIELD","imageUrl":null,"fovHalfAngle":180,"frequencies":[155.835,158.955],"lawEnforcement":false}},{"type":"Feature","geometry":{"type":"Point","coordinates":[-81.93094444444445,33.78958333333333]},"properties":{"id":"fcc/KII291/33.78958,-81.93094","kind":"radio","brand":"Other","rawBrand":"FCC ULS","name":"EDGEFIELD, COUNTY OF (KII291)","operator":"EDGEFIELD, COUNTY OF","directions":[],"omni":true,"zone":null,"purpose":"Public-safety radio transmitter — EDGEFIELD, COUNTY OF, EDGEFIELD","imageUrl":null,"fovHalfAngle":180,"frequencies":[155.835,158.955],"lawEnforcement":false}},{"type":"Feature","geometry":{"type":"Point","coordinates":[-81.85094444444444,33.81513888888889]},"properties":{"id":"fcc/KII291/33.81514,-81.85094","kind":"radio","brand":"Other","rawBrand":"FCC ULS","name":"EDGEFIELD, COUNTY OF (KII291)","operator":"EDGEFIELD, COUNTY OF","directions":[],"omni":true,"zone":null,"purpose":"Public-safety radio transmitter — EDGEFIELD, COUNTY OF, EDGEFIELD","imageUrl":null,"fovHalfAngle":180,"frequencies":[155.835,158.955],"lawEnforcement":false}},{"type":"Feature","geometry":{"type":"Point","coordinates":[-81.93094444444445,33.78930555555555]},"properties":{"id":"fcc/KII291/33.78931,-81.93094","kind":"radio","brand":"Other","rawBrand":"FCC ULS","name":"EDGEFIELD, COUNTY OF (KII291)","operator":"EDGEFIELD, COUNTY OF","directions":[],"omni":true,"zone":null,"purpose":"Public-safety radio transmitter — EDGEFIELD, COUNTY OF, EDGEFIELD","imageUrl":null,"fovHalfAngle":180,"frequencies":[155.835,158.955],"lawEnforcement":false}},{"type":"Feature","geometry":{"type":"Point","coordinates":[-82.20233333333334,34.69733333333333]},"properties":{"id":"fcc/KIJ454/34.69733,-82.20233","kind":"radio","brand":"Other","rawBrand":"FCC ULS","name":"FOUNTAIN INN, CITY OF (KIJ454)","operator":"FOUNTAIN INN, CITY OF","directions":[],"omni":true,"zone":null,"purpose":"Public-safety radio transmitter — FOUNTAIN INN, CITY OF, FOUNTAIN INN","imageUrl":null,"fovHalfAngle":180,"frequencies":[37.1],"lawEnforcement":false}},{"type":"Feature","geometry":{"type":"Point","coordinates":[-80.21147222222223,33.68988888888889]},"properties":{"id":"fcc/KLK326/33.68989,-80.21147","kind":"radio","brand":"Other","rawBrand":"FCC ULS","name":"South Carolina Emergency Management Division (KLK326)","operator":"South Carolina Emergency Management Division","directions":[],"omni":true,"zone":null,"purpose":"Public-safety radio transmitter — South Carolina Emergency Management Division, MANNING","imageUrl":null,"fovHalfAngle":180,"frequencies":[45.08,45.48],"lawEnforcement":false}},{"type":"Feature","geometry":{"type":"Point","coordinates":[-79.37283333333333,34.41072222222222]},"properties":{"id":"fcc/KNED208/34.41072,-79.37283","kind":"radio","brand":"Other","rawBrand":"FCC ULS","name":"DILLON, COUNTY OF (KNED208)","operator":"DILLON, COUNTY OF","directions":[],"omni":true,"zone":null,"purpose":"Public-safety radio transmitter — DILLON, COUNTY OF, DILLON","imageUrl":null,"fovHalfAngle":180,"frequencies":[39.1,39.18],"lawEnforcement":false}},{"type":"Feature","geometry":{"type":"Point","coordinates":[-79.37255555555555,34.406277777777774]},"properties":{"id":"fcc/KNED208/34.40628,-79.37256","kind":"radio","brand":"Other","rawBrand":"FCC ULS","name":"DILLON, COUNTY OF (KNED208)","operator":"DILLON, COUNTY OF","directions":[],"omni":true,"zone":null,"purpose":"Public-safety radio transmitter — DILLON, COUNTY OF, DILLON","imageUrl":null,"fovHalfAngle":180,"frequencies":[39.1,39.18],"lawEnforcement":false}},{"type":"Feature","geometry":{"type":"Point","coordinates":[-80.06033333333333,34.73961111111111]},"properties":{"id":"fcc/KNGS262/34.73961,-80.06033","kind":"radio","brand":"Other","rawBrand":"FCC ULS","name":"CHESTERFIELD, TOWN OF (KNGS262)","operator":"CHESTERFIELD, TOWN OF","directions":[],"omni":true,"zone":null,"purpose":"Public-safety radio transmitter — CHESTERFIELD, TOWN OF, CHESTERFIELD","imageUrl":null,"fovHalfAngle":180,"frequencies":[155.82],"lawEnforcement":false}},{"type":"Feature","geometry":{"type":"Point","coordinates":[-80.86341666666667,33.49155555555556]},"properties":{"id":"fcc/KWM666/33.49156,-80.86342","kind":"radio","brand":"Other","rawBrand":"FCC ULS","name":"ORANGEBURG, COUNTY OF (KWM666)","operator":"ORANGEBURG, COUNTY OF","directions":[],"omni":true,"zone":null,"purpose":"Public-safety radio transmitter — ORANGEBURG, COUNTY OF, ORANGEBURG","imageUrl":null,"fovHalfAngle":180,"frequencies":[45.6],"lawEnforcement":false}},{"type":"Feature","geometry":{"type":"Point","coordinates":[-80.82480555555556,33.53988888888889]},"properties":{"id":"fcc/KWM666/33.53989,-80.82481","kind":"radio","brand":"Other","rawBrand":"FCC ULS","name":"ORANGEBURG, COUNTY OF (KWM666)","operator":"ORANGEBURG, COUNTY OF","directions":[],"omni":true,"zone":null,"purpose":"Public-safety radio transmitter — ORANGEBURG, COUNTY OF, ORANGEBURG","imageUrl":null,"fovHalfAngle":180,"frequencies":[45.6],"lawEnforcement":false}},{"type":"Feature","geometry":{"type":"Point","coordinates":[-81.02869444444444,34.00183333333333]},"properties":{"id":"fcc/KWV455/34.00183,-81.02869","kind":"radio","brand":"Other","rawBrand":"FCC ULS","name":"SC Emergency Management Division (KWV455)","operator":"SC Emergency Management Division","directions":[],"omni":true,"zone":null,"purpose":"Public-safety radio transmitter — SC Emergency Management Division, COLUMBIA","imageUrl":null,"fovHalfAngle":180,"frequencies":[45.48],"lawEnforcement":false}},{"type":"Feature","geometry":{"type":"Point","coordinates":[-81.6026111111111,34.25680555555556]},"properties":{"id":"fcc/KXA475/34.25681,-81.60261","kind":"radio","brand":"Other","rawBrand":"FCC ULS","name":"NEWBERRY, COUNTY OF (KXA475)","operator":"NEWBERRY, COUNTY OF","directions":[],"omni":true,"zone":null,"purpose":"Public-safety radio transmitter — NEWBERRY, COUNTY OF, NEWBERRY","imageUrl":null,"fovHalfAngle":180,"frequencies":[460.3625,465.3625],"lawEnforcement":false}},{"type":"Feature","geometry":{"type":"Point","coordinates":[-80.60813888888889,34.24180555555556]},"properties":{"id":"fcc/WGM593/34.24181,-80.60814","kind":"radio","brand":"Other","rawBrand":"FCC ULS","name":"CAMDEN, CITY OF (WGM593)","operator":"CAMDEN, CITY OF","directions":[],"omni":true,"zone":null,"purpose":"Public-safety radio transmitter — CAMDEN, CITY OF, CAMDEN","imageUrl":null,"fovHalfAngle":180,"frequencies":[158.775],"lawEnforcement":false}},{"type":"Feature","geometry":{"type":"Point","coordinates":[-79.37283333333333,34.41072222222222]},"properties":{"id":"fcc/WNBU992/34.41072,-79.37283","kind":"radio","brand":"Other","rawBrand":"FCC ULS","name":"SC Emergency Management Division (WNBU992)","operator":"SC Emergency Management Division","directions":[],"omni":true,"zone":null,"purpose":"Public-safety radio transmitter — SC Emergency Management Division, DILLON","imageUrl":null,"fovHalfAngle":180,"frequencies":[45.08,45.48],"lawEnforcement":false}},{"type":"Feature","geometry":{"type":"Point","coordinates":[-79.92477777777778,34.299055555555555]},"properties":{"id":"fcc/WNBU993/34.29906,-79.92478","kind":"radio","brand":"Other","rawBrand":"FCC ULS","name":"SC Emergency Management Division (WNBU993)","operator":"SC Emergency Management Division","directions":[],"omni":true,"zone":null,"purpose":"Public-safety radio transmitter — SC Emergency Management Division, DARLINGTON","imageUrl":null,"fovHalfAngle":180,"frequencies":[45.08,45.48],"lawEnforcement":false}},{"type":"Feature","geometry":{"type":"Point","coordinates":[-83.071,34.760083333333334]},"properties":{"id":"fcc/WNBV878/34.76008,-83.07100","kind":"radio","brand":"Other","rawBrand":"FCC ULS","name":"SC Emergency Management Division (WNBV878)","operator":"SC Emergency Management Division","directions":[],"omni":true,"zone":null,"purpose":"Public-safety radio transmitter — SC Emergency Management Division, WALHALLA","imageUrl":null,"fovHalfAngle":180,"frequencies":[45.08,45.48],"lawEnforcement":false}},{"type":"Feature","geometry":{"type":"Point","coordinates":[-82.42288888888889,34.853722222222224]},"properties":{"id":"fcc/WNBV881/34.85372,-82.42289","kind":"radio","brand":"Other","rawBrand":"FCC ULS","name":"SC Emergency Management Division (WNBV881)","operator":"SC Emergency Management Division","directions":[],"omni":true,"zone":null,"purpose":"Public-safety radio transmitter — SC Emergency Management Division, GREENVILLE","imageUrl":null,"fovHalfAngle":180,"frequencies":[45.08,45.48],"lawEnforcement":false}},{"type":"Feature","geometry":{"type":"Point","coordinates":[-80.00786111111111,33.19627777777777]},"properties":{"id":"fcc/WNFU599/33.19628,-80.00786","kind":"radio","brand":"Other","rawBrand":"FCC ULS","name":"MONCKS CORNER, CITY OF (WNFU599)","operator":"MONCKS CORNER, CITY OF","directions":[],"omni":true,"zone":null,"purpose":"Public-safety radio transmitter — MONCKS CORNER, CITY OF, MONCKS CORNER","imageUrl":null,"fovHalfAngle":180,"frequencies":[154.1],"lawEnforcement":false}},{"type":"Feature","geometry":{"type":"Point","coordinates":[-80.00675,33.19738888888889]},"properties":{"id":"fcc/WNFU599/33.19739,-80.00675","kind":"radio","brand":"Other","rawBrand":"FCC ULS","name":"MONCKS CORNER, CITY OF (WNFU599)","operator":"MONCKS CORNER, CITY OF","directions":[],"omni":true,"zone":null,"purpose":"Public-safety radio transmitter — MONCKS CORNER, CITY OF, MONCKS CORNER","imageUrl":null,"fovHalfAngle":180,"frequencies":[154.1],"lawEnforcement":false}},{"type":"Feature","geometry":{"type":"Point","coordinates":[-81.02869444444444,34.00183333333333]},"properties":{"id":"fcc/WNGF914/34.00183,-81.02869","kind":"radio","brand":"Other","rawBrand":"FCC ULS","name":"South Carolina Law Enforcement Division (SLED) (WNGF914)","operator":"South Carolina Law Enforcement Division (SLED)","directions":[],"omni":true,"zone":null,"purpose":"Law-enforcement radio transmitter — South Carolina Law Enforcement Division (SLED), COLUMBIA","imageUrl":null,"fovHalfAngle":180,"frequencies":[453.625,458.625],"lawEnforcement":true}},{"type":"Feature","geometry":{"type":"Point","coordinates":[-81.24841666666667,34.99875]},"properties":{"id":"fcc/WNKR865/34.99875,-81.24842","kind":"radio","brand":"Other","rawBrand":"FCC ULS","name":"South Carolina Emergency Management Division (WNKR865)","operator":"South Carolina Emergency Management Division","directions":[],"omni":true,"zone":null,"purpose":"Public-safety radio transmitter — South Carolina Emergency Management Division, YORK","imageUrl":null,"fovHalfAngle":180,"frequencies":[45.08,45.48],"lawEnforcement":false}},{"type":"Feature","geometry":{"type":"Point","coordinates":[-81.9565,34.94455555555555]},"properties":{"id":"fcc/WNNC525/34.94456,-81.95650","kind":"radio","brand":"Other","rawBrand":"FCC ULS","name":"Spartanburg County Communications / 9-1-1 (WNNC525)","operator":"Spartanburg County Communications / 9-1-1","directions":[],"omni":true,"zone":null,"purpose":"Public-safety radio transmitter — Spartanburg County Communications / 9-1-1, SPARTANBURG","imageUrl":null,"fovHalfAngle":180,"frequencies":[45.44],"lawEnforcement":false}},{"type":"Feature","geometry":{"type":"Point","coordinates":[-80.53925,33.822388888888895]},"properties":{"id":"fcc/KDK663/33.82239,-80.53925","kind":"radio","brand":"Other","rawBrand":"FCC ULS","name":"South Carolina Forestry Commission (KDK663)","operator":"South Carolina Forestry Commission","directions":[],"omni":true,"zone":null,"purpose":"Public-safety radio transmitter — South Carolina Forestry Commission, PINEWOOD","imageUrl":null,"fovHalfAngle":180,"frequencies":[151.19,151.235,151.265,159.27,159.285,159.3,159.345,159.375,159.405,159.45],"lawEnforcement":false}},{"type":"Feature","geometry":{"type":"Point","coordinates":[-81.30149999999999,33.98736111111111]},"properties":{"id":"fcc/KIB314/33.98736,-81.30150","kind":"radio","brand":"Other","rawBrand":"FCC ULS","name":"SOUTH CAROLINA FORESTRY COMMISSION (KIB314)","operator":"SOUTH CAROLINA FORESTRY COMMISSION","directions":[],"omni":true,"zone":null,"purpose":"Public-safety radio transmitter — SOUTH CAROLINA FORESTRY COMMISSION, LEXINGTON","imageUrl":null,"fovHalfAngle":180,"frequencies":[151.22,159.33],"lawEnforcement":false}},{"type":"Feature","geometry":{"type":"Point","coordinates":[-80.49425,34.0135]},"properties":{"id":"fcc/KIB321/34.01350,-80.49425","kind":"radio","brand":"Other","rawBrand":"FCC ULS","name":"South Carolina Forestry Commission (KIB321)","operator":"South Carolina Forestry Commission","directions":[],"omni":true,"zone":null,"purpose":"Public-safety radio transmitter — South Carolina Forestry Commission, SUMTER","imageUrl":null,"fovHalfAngle":180,"frequencies":[151.235,159.27,159.3,159.405],"lawEnforcement":false}},{"type":"Feature","geometry":{"type":"Point","coordinates":[-81.34094444444445,33.22347222222223]},"properties":{"id":"fcc/KIC402/33.22347,-81.34094","kind":"radio","brand":"Other","rawBrand":"FCC ULS","name":"South Carolina Forestry Commission (KIC402)","operator":"South Carolina Forestry Commission","directions":[],"omni":true,"zone":null,"purpose":"Public-safety radio transmitter — South Carolina Forestry Commission, BARNWELL","imageUrl":null,"fovHalfAngle":180,"frequencies":[31.78,151.175,151.19,151.235,151.265,151.385,151.4525,159.2625,159.27,159.3,159.315,159.375,159.405,159.45],"lawEnforcement":false}},{"type":"Feature","geometry":{"type":"Point","coordinates":[-79.79172222222222,33.725722222222224]},"properties":{"id":"fcc/KID386/33.72572,-79.79172","kind":"radio","brand":"Other","rawBrand":"FCC ULS","name":"South Carolina Forestry Commission (KID386)","operator":"South Carolina Forestry Commission","directions":[],"omni":true,"zone":null,"purpose":"Public-safety radio transmitter — South Carolina Forestry Commission, KINGSTREE","imageUrl":null,"fovHalfAngle":180,"frequencies":[31.78,151.175,151.19,151.235,151.265,151.385,159.27,159.3,159.375,159.405,159.45],"lawEnforcement":false}},{"type":"Feature","geometry":{"type":"Point","coordinates":[-81.78594444444444,33.355694444444445]},"properties":{"id":"fcc/KIF928/33.35569,-81.78594","kind":"radio","brand":"Other","rawBrand":"FCC ULS","name":"South Carolina Forestry Commission (KIF928)","operator":"South Carolina Forestry Commission","directions":[],"omni":true,"zone":null,"purpose":"Public-safety radio transmitter — South Carolina Forestry Commission, JACKSON","imageUrl":null,"fovHalfAngle":180,"frequencies":[151.385,159.255,159.27,159.45],"lawEnforcement":false}},{"type":"Feature","geometry":{"type":"Point","coordinates":[-82.60458333333332,35.111222222222224]},"properties":{"id":"fcc/WNLF902/35.11122,-82.60458","kind":"radio","brand":"Other","rawBrand":"FCC ULS","name":"SC Dept. of Natural Resources (WNLF902)","operator":"SC Dept. of Natural Resources","directions":[],"omni":true,"zone":null,"purpose":"Public-safety radio transmitter — SC Dept. of Natural Resources, GREENVILLE","imageUrl":null,"fovHalfAngle":180,"frequencies":[151.25,151.415,159.015],"lawEnforcement":false}},{"type":"Feature","geometry":{"type":"Point","coordinates":[-79.10836111111111,33.95155555555556]},"properties":{"id":"fcc/WNLF904/33.95156,-79.10836","kind":"radio","brand":"Other","rawBrand":"FCC ULS","name":"SC Dept. of Natural Resources (WNLF904)","operator":"SC Dept. of Natural Resources","directions":[],"omni":true,"zone":null,"purpose":"Public-safety radio transmitter — SC Dept. of Natural Resources, CONWAY","imageUrl":null,"fovHalfAngle":180,"frequencies":[151.25,151.43,158.985],"lawEnforcement":false}},{"type":"Feature","geometry":{"type":"Point","coordinates":[-82.71833333333333,34.385]},"properties":{"id":"fcc/WNMF772/34.38500,-82.71833","kind":"radio","brand":"Other","rawBrand":"FCC ULS","name":"SC Dept. of Natural Resources (WNMF772)","operator":"SC Dept. of Natural Resources","directions":[],"omni":true,"zone":null,"purpose":"Public-safety radio transmitter — SC Dept. of Natural Resources, ANDERSON","imageUrl":null,"fovHalfAngle":180,"frequencies":[151.43,159],"lawEnforcement":false}},{"type":"Feature","geometry":{"type":"Point","coordinates":[-80.92094444444444,32.35297222222222]},"properties":{"id":"fcc/WNMF773/32.35297,-80.92094","kind":"radio","brand":"Other","rawBrand":"FCC ULS","name":"SC Dept. of Natural Resources (WNMF773)","operator":"SC Dept. of Natural Resources","directions":[],"omni":true,"zone":null,"purpose":"Public-safety radio transmitter — SC Dept. of Natural Resources, RIDGELAND","imageUrl":null,"fovHalfAngle":180,"frequencies":[151.25,151.415,159.135],"lawEnforcement":false}},{"type":"Feature","geometry":{"type":"Point","coordinates":[-82.149,34.18622222222222]},"properties":{"id":"fcc/WNMN318/34.18622,-82.14900","kind":"radio","brand":"Other","rawBrand":"FCC ULS","name":"SC Dept. of Natural Resources (WNMN318)","operator":"SC Dept. of Natural Resources","directions":[],"omni":true,"zone":null,"purpose":"Public-safety radio transmitter — SC Dept. of Natural Resources, WARE SHOALS","imageUrl":null,"fovHalfAngle":180,"frequencies":[151.25,151.295,159.165],"lawEnforcement":false}},{"type":"Feature","geometry":{"type":"Point","coordinates":[-79.75166666666667,34.25666666666667]},"properties":{"id":"fcc/WNMN319/34.25667,-79.75167","kind":"radio","brand":"Other","rawBrand":"FCC ULS","name":"SC Dept. of Natural Resources (WNMN319)","operator":"SC Dept. of Natural Resources","directions":[],"omni":true,"zone":null,"purpose":"Public-safety radio transmitter — SC Dept. of Natural Resources, FLORENCE","imageUrl":null,"fovHalfAngle":180,"frequencies":[151.16,151.25,159.165],"lawEnforcement":false}},{"type":"Feature","geometry":{"type":"Point","coordinates":[-79.397,34.36183333333334]},"properties":{"id":"fcc/WNMN319/34.36183,-79.39700","kind":"radio","brand":"Other","rawBrand":"FCC ULS","name":"SC Dept. of Natural Resources (WNMN319)","operator":"SC Dept. of Natural Resources","directions":[],"omni":true,"zone":null,"purpose":"Public-safety radio transmitter — SC Dept. of Natural Resources, Latta","imageUrl":null,"fovHalfAngle":180,"frequencies":[151.16,151.25,159.165],"lawEnforcement":false}},{"type":"Feature","geometry":{"type":"Point","coordinates":[-82.88513888888889,34.672888888888885]},"properties":{"id":"fcc/WNNW368/34.67289,-82.88514","kind":"radio","brand":"Other","rawBrand":"FCC ULS","name":"CLEMSON UNIVERSITY (WNNW368)","operator":"CLEMSON UNIVERSITY","directions":[],"omni":true,"zone":null,"purpose":"Public-safety radio transmitter — CLEMSON UNIVERSITY, CLEMSON","imageUrl":null,"fovHalfAngle":180,"frequencies":[151.175,159.33],"lawEnforcement":false}},{"type":"Feature","geometry":{"type":"Point","coordinates":[-82.83874999999999,34.74316666666667]},"properties":{"id":"fcc/WNNW368/34.74317,-82.83875","kind":"radio","brand":"Other","rawBrand":"FCC ULS","name":"CLEMSON UNIVERSITY (WNNW368)","operator":"CLEMSON UNIVERSITY","directions":[],"omni":true,"zone":null,"purpose":"Public-safety radio transmitter — CLEMSON UNIVERSITY, CENTRAL","imageUrl":null,"fovHalfAngle":180,"frequencies":[151.175,159.33],"lawEnforcement":false}},{"type":"Feature","geometry":{"type":"Point","coordinates":[-81.92677777777779,33.787638888888885]},"properties":{"id":"fcc/KAN719/33.78764,-81.92678","kind":"radio","brand":"Other","rawBrand":"FCC ULS","name":"EDGEFIELD, CITY OF (KAN719)","operator":"EDGEFIELD, CITY OF","directions":[],"omni":true,"zone":null,"purpose":"Public-safety radio transmitter — EDGEFIELD, CITY OF, EDGEFIELD","imageUrl":null,"fovHalfAngle":180,"frequencies":[453.35,453.45],"lawEnforcement":false}},{"type":"Feature","geometry":{"type":"Point","coordinates":[-80.73844444444444,32.38713888888889]},"properties":{"id":"fcc/KID265/32.38714,-80.73844","kind":"radio","brand":"Other","rawBrand":"FCC ULS","name":"Beaufort, County of (KID265)","operator":"Beaufort, County of","directions":[],"omni":true,"zone":null,"purpose":"Public-safety radio transmitter — Beaufort, County of, BEAUFORT","imageUrl":null,"fovHalfAngle":180,"frequencies":[460.25,460.275,460.3,465.25],"lawEnforcement":false}},{"type":"Feature","geometry":{"type":"Point","coordinates":[-80.67761111111112,32.434638888888884]},"properties":{"id":"fcc/KID265/32.43464,-80.67761","kind":"radio","brand":"Other","rawBrand":"FCC ULS","name":"Beaufort, County of (KID265)","operator":"Beaufort, County of","directions":[],"omni":true,"zone":null,"purpose":"Public-safety radio transmitter — Beaufort, County of, BEAUFORT","imageUrl":null,"fovHalfAngle":180,"frequencies":[460.25,460.275,460.3,465.25],"lawEnforcement":false}},{"type":"Feature","geometry":{"type":"Point","coordinates":[-82.02175,34.50038888888889]},"properties":{"id":"fcc/KIT800/34.50039,-82.02175","kind":"radio","brand":"Other","rawBrand":"FCC ULS","name":"Laurens County 911 (KIT800)","operator":"Laurens County 911","directions":[],"omni":true,"zone":null,"purpose":"Public-safety radio transmitter — Laurens County 911, LAURENS","imageUrl":null,"fovHalfAngle":180,"frequencies":[453.25],"lawEnforcement":false}},{"type":"Feature","geometry":{"type":"Point","coordinates":[-81.10341666666666,34.07208333333334]},"properties":{"id":"fcc/KNBN598/34.07208,-81.10342","kind":"radio","brand":"Other","rawBrand":"FCC ULS","name":"SOUTH CAROLINA, STATE OF (KNBN598)","operator":"SOUTH CAROLINA, STATE OF","directions":[],"omni":true,"zone":null,"purpose":"Public-safety radio transmitter — SOUTH CAROLINA, STATE OF, COLUMBIA","imageUrl":null,"fovHalfAngle":180,"frequencies":[155.685,451.05,456.05],"lawEnforcement":false}},{"type":"Feature","geometry":{"type":"Point","coordinates":[-81.12202777777777,34.069583333333334]},"properties":{"id":"fcc/KNBN598/34.06958,-81.12203","kind":"radio","brand":"Other","rawBrand":"FCC ULS","name":"SOUTH CAROLINA, STATE OF (KNBN598)","operator":"SOUTH CAROLINA, STATE OF","directions":[],"omni":true,"zone":null,"purpose":"Public-safety radio transmitter — SOUTH CAROLINA, STATE OF, COLUMBIA","imageUrl":null,"fovHalfAngle":180,"frequencies":[155.685,451.05,456.05],"lawEnforcement":false}},{"type":"Feature","geometry":{"type":"Point","coordinates":[-81.05397222222221,33.99738888888889]},"properties":{"id":"fcc/KNBN598/33.99739,-81.05397","kind":"radio","brand":"Other","rawBrand":"FCC ULS","name":"SOUTH CAROLINA, STATE OF (KNBN598)","operator":"SOUTH CAROLINA, STATE OF","directions":[],"omni":true,"zone":null,"purpose":"Public-safety radio transmitter — SOUTH CAROLINA, STATE OF, COLUMBIA","imageUrl":null,"fovHalfAngle":180,"frequencies":[155.685,451.05,456.05],"lawEnforcement":false}},{"type":"Feature","geometry":{"type":"Point","coordinates":[-81.02869444444444,34.00183333333333]},"properties":{"id":"fcc/KNBW702/34.00183,-81.02869","kind":"radio","brand":"Other","rawBrand":"FCC ULS","name":"SC Emergency Management Division (KNBW702)","operator":"SC Emergency Management Division","directions":[],"omni":true,"zone":null,"purpose":"Public-safety radio transmitter — SC Emergency Management Division, COLUMBIA","imageUrl":null,"fovHalfAngle":180,"frequencies":[460.05,465.05],"lawEnforcement":false}},{"type":"Feature","geometry":{"type":"Point","coordinates":[-82.22622222222222,34.93761111111111]},"properties":{"id":"fcc/KNCJ829/34.93761,-82.22622","kind":"radio","brand":"Other","rawBrand":"FCC ULS","name":"City of Greer (KNCJ829)","operator":"City of Greer","directions":[],"omni":true,"zone":null,"purpose":"Public-safety radio transmitter — City of Greer, GREER","imageUrl":null,"fovHalfAngle":180,"frequencies":[460.25,460.4,465.25,465.3375,465.4],"lawEnforcement":false}},{"type":"Feature","geometry":{"type":"Point","coordinates":[-82.22677777777778,34.93844444444444]},"properties":{"id":"fcc/KNCJ829/34.93844,-82.22678","kind":"radio","brand":"Other","rawBrand":"FCC ULS","name":"City of Greer (KNCJ829)","operator":"City of Greer","directions":[],"omni":true,"zone":null,"purpose":"Public-safety radio transmitter — City of Greer, GREER","imageUrl":null,"fovHalfAngle":180,"frequencies":[460.25,460.4,465.25,465.3375,465.4],"lawEnforcement":false}},{"type":"Feature","geometry":{"type":"Point","coordinates":[-81.98066666666666,34.98094444444445]},"properties":{"id":"fcc/KNET717/34.98094,-81.98067","kind":"radio","brand":"Other","rawBrand":"FCC ULS","name":"SOUTH CAROLINA, STATE OF (KNET717)","operator":"SOUTH CAROLINA, STATE OF","directions":[],"omni":true,"zone":null,"purpose":"Public-safety radio transmitter — SOUTH CAROLINA, STATE OF, SPARTANBURG","imageUrl":null,"fovHalfAngle":180,"frequencies":[155.64],"lawEnforcement":false}},{"type":"Feature","geometry":{"type":"Point","coordinates":[-81.93733333333334,34.95177777777778]},"properties":{"id":"fcc/KNFR276/34.95178,-81.93733","kind":"radio","brand":"Other","rawBrand":"FCC ULS","name":"Spartanburg County Communications / 9-1-1 (KNFR276)","operator":"Spartanburg County Communications / 9-1-1","directions":[],"omni":true,"zone":null,"purpose":"Public-safety radio transmitter — Spartanburg County Communications / 9-1-1, SPARTANBURG","imageUrl":null,"fovHalfAngle":180,"frequencies":[465.425],"lawEnforcement":false}},{"type":"Feature","geometry":{"type":"Point","coordinates":[-80.29588888888888,34.67488888888889]},"properties":{"id":"fcc/KOM727/34.67489,-80.29589","kind":"radio","brand":"Other","rawBrand":"FCC ULS","name":"CHESTERFIELD, CITY OF (KOM727)","operator":"CHESTERFIELD, CITY OF","directions":[],"omni":true,"zone":null,"purpose":"Public-safety radio transmitter — CHESTERFIELD, CITY OF, JEFFERSON","imageUrl":null,"fovHalfAngle":180,"frequencies":[460.175],"lawEnforcement":false}},{"type":"Feature","geometry":{"type":"Point","coordinates":[-81.64786111111111,35.07180555555556]},"properties":{"id":"fcc/KWI871/35.07181,-81.64786","kind":"radio","brand":"Other","rawBrand":"FCC ULS","name":"County of Cherokee  Emergency Management (KWI871)","operator":"County of Cherokee  Emergency Management","directions":[],"omni":true,"zone":null,"purpose":"Public-safety radio transmitter — County of Cherokee  Emergency Management, GAFFNEY","imageUrl":null,"fovHalfAngle":180,"frequencies":[460.25,460.275,460.475,465.25,465.275,465.475],"lawEnforcement":false}},{"type":"Feature","geometry":{"type":"Point","coordinates":[-83.09847222222221,34.881194444444446]},"properties":{"id":"fcc/KYG563/34.88119,-83.09847","kind":"radio","brand":"Other","rawBrand":"FCC ULS","name":"OCONEE, COUNTY OF (KYG563)","operator":"OCONEE, COUNTY OF","directions":[],"omni":true,"zone":null,"purpose":"Public-safety radio transmitter — OCONEE, COUNTY OF, WALHALLA","imageUrl":null,"fovHalfAngle":180,"frequencies":[460.175,460.25,460.275,460.325,465.175,465.25,465.275,465.3,465.325,465.475],"lawEnforcement":false}},{"type":"Feature","geometry":{"type":"Point","coordinates":[-82.18622222222223,35.1765]},"properties":{"id":"fcc/WBP574/35.17650,-82.18622","kind":"radio","brand":"Other","rawBrand":"FCC ULS","name":"Spartanburg County Communications / 9-1-1 (WBP574)","operator":"Spartanburg County Communications / 9-1-1","directions":[],"omni":true,"zone":null,"purpose":"Public-safety radio transmitter — Spartanburg County Communications / 9-1-1, LANDRUM","imageUrl":null,"fovHalfAngle":180,"frequencies":[465.3],"lawEnforcement":false}},{"type":"Feature","geometry":{"type":"Point","coordinates":[-81.60677777777778,34.89263888888889]},"properties":{"id":"fcc/WBP576/34.89264,-81.60678","kind":"radio","brand":"Other","rawBrand":"FCC ULS","name":"Spartanburg County Communications / 9-1-1 (WBP576)","operator":"Spartanburg County Communications / 9-1-1","directions":[],"omni":true,"zone":null,"purpose":"Public-safety radio transmitter — Spartanburg County Communications / 9-1-1, PACOLET","imageUrl":null,"fovHalfAngle":180,"frequencies":[465.3],"lawEnforcement":false}},{"type":"Feature","geometry":{"type":"Point","coordinates":[-81.92677777777779,33.787638888888885]},"properties":{"id":"fcc/WBT835/33.78764,-81.92678","kind":"radio","brand":"Other","rawBrand":"FCC ULS","name":"Town of Edgefield (WBT835)","operator":"Town of Edgefield","directions":[],"omni":true,"zone":null,"purpose":"Public-safety radio transmitter — Town of Edgefield, EDGEFIELD","imageUrl":null,"fovHalfAngle":180,"frequencies":[458.35],"lawEnforcement":false}},{"type":"Feature","geometry":{"type":"Point","coordinates":[-82.02175,34.50038888888889]},"properties":{"id":"fcc/WCN998/34.50039,-82.02175","kind":"radio","brand":"Other","rawBrand":"FCC ULS","name":"Laurens County 911 (WCN998)","operator":"Laurens County 911","directions":[],"omni":true,"zone":null,"purpose":"Public-safety radio transmitter — Laurens County 911, LAURENS","imageUrl":null,"fovHalfAngle":180,"frequencies":[458.45],"lawEnforcement":false}},{"type":"Feature","geometry":{"type":"Point","coordinates":[-79.88811111111112,34.69905555555555]},"properties":{"id":"fcc/WDE655/34.69906,-79.88811","kind":"radio","brand":"Other","rawBrand":"FCC ULS","name":"Town of Cheraw (WDE655)","operator":"Town of Cheraw","directions":[],"omni":true,"zone":null,"purpose":"Public-safety radio transmitter — Town of Cheraw, CHERAW","imageUrl":null,"fovHalfAngle":180,"frequencies":[465.175],"lawEnforcement":false}},{"type":"Feature","geometry":{"type":"Point","coordinates":[-80.0931111111111,34.721555555555554]},"properties":{"id":"fcc/WDE790/34.72156,-80.09311","kind":"radio","brand":"Other","rawBrand":"FCC ULS","name":"CHESTERFIELD, CITY OF (WDE790)","operator":"CHESTERFIELD, CITY OF","directions":[],"omni":true,"zone":null,"purpose":"Public-safety radio transmitter — CHESTERFIELD, CITY OF, CHESTERFIELD","imageUrl":null,"fovHalfAngle":180,"frequencies":[465.175],"lawEnforcement":false}},{"type":"Feature","geometry":{"type":"Point","coordinates":[-81.03313888888889,34.93347222222222]},"properties":{"id":"fcc/WNAL591/34.93347,-81.03314","kind":"radio","brand":"Other","rawBrand":"FCC ULS","name":"YORK, COUNTY OF (WNAL591)","operator":"YORK, COUNTY OF","directions":[],"omni":true,"zone":null,"purpose":"Public-safety radio transmitter — YORK, COUNTY OF, ROCK HILL","imageUrl":null,"fovHalfAngle":180,"frequencies":[154.83,155.535],"lawEnforcement":false}},{"type":"Feature","geometry":{"type":"Point","coordinates":[-81.96455555555556,34.96483333333334]},"properties":{"id":"fcc/WNJP252/34.96483,-81.96456","kind":"radio","brand":"Other","rawBrand":"FCC ULS","name":"SOUTH CAROLINA, STATE OF (WNJP252)","operator":"SOUTH CAROLINA, STATE OF","directions":[],"omni":true,"zone":null,"purpose":"Public-safety radio transmitter — SOUTH CAROLINA, STATE OF, SPARTANBURG","imageUrl":null,"fovHalfAngle":180,"frequencies":[453.35,458.35],"lawEnforcement":false}},{"type":"Feature","geometry":{"type":"Point","coordinates":[-81.09313888888889,34.88902777777778]},"properties":{"id":"fcc/WNJP253/34.88903,-81.09314","kind":"radio","brand":"Other","rawBrand":"FCC ULS","name":"SOUTH CAROLINA, STATE OF (WNJP253)","operator":"SOUTH CAROLINA, STATE OF","directions":[],"omni":true,"zone":null,"purpose":"Public-safety radio transmitter — SOUTH CAROLINA, STATE OF, ROCK HILL","imageUrl":null,"fovHalfAngle":180,"frequencies":[453.05,458.05],"lawEnforcement":false}},{"type":"Feature","geometry":{"type":"Point","coordinates":[-81.03305555555555,34.00666666666667]},"properties":{"id":"fcc/KXC973/34.00667,-81.03306","kind":"radio","brand":"Other","rawBrand":"FCC ULS","name":"BAPTIST HOSPITAL (KXC973)","operator":"BAPTIST HOSPITAL","directions":[],"omni":true,"zone":null,"purpose":"Public-safety radio transmitter — BAPTIST HOSPITAL, COLUMBIA","imageUrl":null,"fovHalfAngle":180,"frequencies":[152.0075,155.235,155.28],"lawEnforcement":false}},{"type":"Feature","geometry":{"type":"Point","coordinates":[-81.29927777777777,32.8485]},"properties":{"id":"fcc/KXM836/32.84850,-81.29928","kind":"radio","brand":"Other","rawBrand":"FCC ULS","name":"ALLENDALE COUNTY RESCUE SQUAD (KXM836)","operator":"ALLENDALE COUNTY RESCUE SQUAD","directions":[],"omni":true,"zone":null,"purpose":"Public-safety radio transmitter — ALLENDALE COUNTY RESCUE SQUAD, ALLENDALE","imageUrl":null,"fovHalfAngle":180,"frequencies":[155.22],"lawEnforcement":false}},{"type":"Feature","geometry":{"type":"Point","coordinates":[-81.10397222222221,34.000416666666666]},"properties":{"id":"fcc/KYD870/34.00042,-81.10397","kind":"radio","brand":"Other","rawBrand":"FCC ULS","name":"COUNTY OF LEXINGTON (KYD870)","operator":"COUNTY OF LEXINGTON","directions":[],"omni":true,"zone":null,"purpose":"Public-safety radio transmitter — COUNTY OF LEXINGTON, WEST COLUMBIA","imageUrl":null,"fovHalfAngle":180,"frequencies":[155.28,155.34],"lawEnforcement":false}},{"type":"Feature","geometry":{"type":"Point","coordinates":[-81.03313888888889,34.93347222222222]},"properties":{"id":"fcc/WNCT984/34.93347,-81.03314","kind":"radio","brand":"Other","rawBrand":"FCC ULS","name":"YORK, COUNTY OF (WNCT984)","operator":"YORK, COUNTY OF","directions":[],"omni":true,"zone":null,"purpose":"Public-safety radio transmitter — YORK, COUNTY OF, ROCK HILL","imageUrl":null,"fovHalfAngle":180,"frequencies":[155.205],"lawEnforcement":false}},{"type":"Feature","geometry":{"type":"Point","coordinates":[-81.24463888888889,34.70847222222223]},"properties":{"id":"fcc/KDX504/34.70847,-81.24464","kind":"radio","brand":"Other","rawBrand":"FCC ULS","name":"CHESTER, COUNTY OF (KDX504)","operator":"CHESTER, COUNTY OF","directions":[],"omni":true,"zone":null,"purpose":"Public-safety radio transmitter — CHESTER, COUNTY OF, Chester","imageUrl":null,"fovHalfAngle":180,"frequencies":[150.995,155.115,158.895],"lawEnforcement":false}},{"type":"Feature","geometry":{"type":"Point","coordinates":[-81.23133333333334,34.70813888888889]},"properties":{"id":"fcc/KDX504/34.70814,-81.23133","kind":"radio","brand":"Other","rawBrand":"FCC ULS","name":"CHESTER, COUNTY OF (KDX504)","operator":"CHESTER, COUNTY OF","directions":[],"omni":true,"zone":null,"purpose":"Public-safety radio transmitter — CHESTER, COUNTY OF, CHESTER","imageUrl":null,"fovHalfAngle":180,"frequencies":[150.995,155.115,158.895],"lawEnforcement":false}},{"type":"Feature","geometry":{"type":"Point","coordinates":[-81.21016666666667,34.70127777777778]},"properties":{"id":"fcc/KDX504/34.70128,-81.21017","kind":"radio","brand":"Other","rawBrand":"FCC ULS","name":"CHESTER, COUNTY OF (KDX504)","operator":"CHESTER, COUNTY OF","directions":[],"omni":true,"zone":null,"purpose":"Public-safety radio transmitter — CHESTER, COUNTY OF, CHESTER","imageUrl":null,"fovHalfAngle":180,"frequencies":[150.995,155.115,158.895],"lawEnforcement":false}},{"type":"Feature","geometry":{"type":"Point","coordinates":[-81.03869444444445,34.02461111111111]},"properties":{"id":"fcc/KGJ670/34.02461,-81.03869","kind":"radio","brand":"Other","rawBrand":"FCC ULS","name":"AMERICAN NATIONAL RED CROSS (KGJ670)","operator":"AMERICAN NATIONAL RED CROSS","directions":[],"omni":true,"zone":null,"purpose":"Public-safety radio transmitter — AMERICAN NATIONAL RED CROSS, COLUMBIA","imageUrl":null,"fovHalfAngle":180,"frequencies":[47.42],"lawEnforcement":false}},{"type":"Feature","geometry":{"type":"Point","coordinates":[-79.76255555555555,33.858222222222224]},"properties":{"id":"fcc/KWQ705/33.85822,-79.76256","kind":"radio","brand":"Other","rawBrand":"FCC ULS","name":"LAKE CITY, CITY OF (KWQ705)","operator":"LAKE CITY, CITY OF","directions":[],"omni":true,"zone":null,"purpose":"Public-safety radio transmitter — LAKE CITY, CITY OF, LAKE CITY","imageUrl":null,"fovHalfAngle":180,"frequencies":[154.115],"lawEnforcement":false}},{"type":"Feature","geometry":{"type":"Point","coordinates":[-82.16427777777778,34.19011111111111]},"properties":{"id":"fcc/KYI859/34.19011,-82.16428","kind":"radio","brand":"Other","rawBrand":"FCC ULS","name":"GREENWOOD, CITY OF (KYI859)","operator":"GREENWOOD, CITY OF","directions":[],"omni":true,"zone":null,"purpose":"Public-safety radio transmitter — GREENWOOD, CITY OF, GREENWOOD","imageUrl":null,"fovHalfAngle":180,"frequencies":[453.025,453.8,458.025,458.8],"lawEnforcement":false}},{"type":"Feature","geometry":{"type":"Point","coordinates":[-79.80313888888888,33.704055555555556]},"properties":{"id":"fcc/WNJP781/33.70406,-79.80314","kind":"radio","brand":"Other","rawBrand":"FCC ULS","name":"WILLIAMSBURG, COUNTY OF (WNJP781)","operator":"WILLIAMSBURG, COUNTY OF","directions":[],"omni":true,"zone":null,"purpose":"Public-safety radio transmitter — WILLIAMSBURG, COUNTY OF, KINGSTREE","imageUrl":null,"fovHalfAngle":180,"frequencies":[155.175,155.34,158.97],"lawEnforcement":false}},{"type":"Feature","geometry":{"type":"Point","coordinates":[-82.98472222222222,34.69777777777777]},"properties":{"id":"fcc/KYG563/34.69778,-82.98472","kind":"radio","brand":"Other","rawBrand":"FCC ULS","name":"OCONEE, COUNTY OF (KYG563)","operator":"OCONEE, COUNTY OF","directions":[],"omni":true,"zone":null,"purpose":"Public-safety radio transmitter — OCONEE, COUNTY OF, SENECA","imageUrl":null,"fovHalfAngle":180,"frequencies":[460.175,460.25,460.275,460.325,465.175,465.25,465.275,465.3,465.325,465.475],"lawEnforcement":false}},{"type":"Feature","geometry":{"type":"Point","coordinates":[-81.39708333333334,33.187777777777775]},"properties":{"id":"fcc/KIC402/33.18778,-81.39708","kind":"radio","brand":"Other","rawBrand":"FCC ULS","name":"South Carolina Forestry Commission (KIC402)","operator":"South Carolina Forestry Commission","directions":[],"omni":true,"zone":null,"purpose":"Public-safety radio transmitter — South Carolina Forestry Commission, BARNWELL","imageUrl":null,"fovHalfAngle":180,"frequencies":[31.78,151.175,151.19,151.235,151.265,151.385,151.4525,159.2625,159.27,159.3,159.315,159.375,159.405,159.45],"lawEnforcement":false}},{"type":"Feature","geometry":{"type":"Point","coordinates":[-81.94075000000001,33.591972222222225]},"properties":{"id":"fcc/KII291/33.59197,-81.94075","kind":"radio","brand":"Other","rawBrand":"FCC ULS","name":"EDGEFIELD, COUNTY OF (KII291)","operator":"EDGEFIELD, COUNTY OF","directions":[],"omni":true,"zone":null,"purpose":"Public-safety radio transmitter — EDGEFIELD, COUNTY OF, EDGEFIELD","imageUrl":null,"fovHalfAngle":180,"frequencies":[155.835,158.955],"lawEnforcement":false}},{"type":"Feature","geometry":{"type":"Point","coordinates":[-81.21036111111111,34.69847222222222]},"properties":{"id":"fcc/KDX504/34.69847,-81.21036","kind":"radio","brand":"Other","rawBrand":"FCC ULS","name":"CHESTER, COUNTY OF (KDX504)","operator":"CHESTER, COUNTY OF","directions":[],"omni":true,"zone":null,"purpose":"Public-safety radio transmitter — CHESTER, COUNTY OF, CHESTER","imageUrl":null,"fovHalfAngle":180,"frequencies":[150.995,155.115,158.895],"lawEnforcement":false}},{"type":"Feature","geometry":{"type":"Point","coordinates":[-82.66000000000001,34.900277777777774]},"properties":{"id":"fcc/WSAF655/34.90028,-82.66000","kind":"radio","brand":"Other","rawBrand":"FCC ULS","name":"PICKENS, COUNTY OF (WSAF655)","operator":"PICKENS, COUNTY OF","directions":[],"omni":true,"zone":null,"purpose":"Public-safety radio transmitter — PICKENS, COUNTY OF, PICKENS","imageUrl":null,"fovHalfAngle":180,"frequencies":[453.15,453.275,458.15,458.275,460.025,460.075,460.125,460.1375,465.025,465.075,465.125,465.1375],"lawEnforcement":false}},{"type":"Feature","geometry":{"type":"Point","coordinates":[-82.59108333333333,34.83672222222223]},"properties":{"id":"fcc/WSAF655/34.83672,-82.59108","kind":"radio","brand":"Other","rawBrand":"FCC ULS","name":"PICKENS, COUNTY OF (WSAF655)","operator":"PICKENS, COUNTY OF","directions":[],"omni":true,"zone":null,"purpose":"Public-safety radio transmitter — PICKENS, COUNTY OF, EASLEY","imageUrl":null,"fovHalfAngle":180,"frequencies":[453.15,453.275,458.15,458.275,460.025,460.075,460.125,460.1375,465.025,465.075,465.125,465.1375],"lawEnforcement":false}},{"type":"Feature","geometry":{"type":"Point","coordinates":[-82.82036111111111,34.67869444444444]},"properties":{"id":"fcc/WSAF655/34.67869,-82.82036","kind":"radio","brand":"Other","rawBrand":"FCC ULS","name":"PICKENS, COUNTY OF (WSAF655)","operator":"PICKENS, COUNTY OF","directions":[],"omni":true,"zone":null,"purpose":"Public-safety radio transmitter — PICKENS, COUNTY OF, Clemson","imageUrl":null,"fovHalfAngle":180,"frequencies":[453.15,453.275,458.15,458.275,460.025,460.075,460.125,460.1375,465.025,465.075,465.125,465.1375],"lawEnforcement":false}},{"type":"Feature","geometry":{"type":"Point","coordinates":[-82.89158333333334,34.964111111111116]},"properties":{"id":"fcc/WSAF655/34.96411,-82.89158","kind":"radio","brand":"Other","rawBrand":"FCC ULS","name":"PICKENS, COUNTY OF (WSAF655)","operator":"PICKENS, COUNTY OF","directions":[],"omni":true,"zone":null,"purpose":"Public-safety radio transmitter — PICKENS, COUNTY OF, Sunset","imageUrl":null,"fovHalfAngle":180,"frequencies":[453.15,453.275,458.15,458.275,460.025,460.075,460.125,460.1375,465.025,465.075,465.125,465.1375],"lawEnforcement":false}},{"type":"Feature","geometry":{"type":"Point","coordinates":[-82.77497222222222,35.064499999999995]},"properties":{"id":"fcc/WSAF655/35.06450,-82.77497","kind":"radio","brand":"Other","rawBrand":"FCC ULS","name":"PICKENS, COUNTY OF (WSAF655)","operator":"PICKENS, COUNTY OF","directions":[],"omni":true,"zone":null,"purpose":"Public-safety radio transmitter — PICKENS, COUNTY OF, Sunset","imageUrl":null,"fovHalfAngle":180,"frequencies":[453.15,453.275,458.15,458.275,460.025,460.075,460.125,460.1375,465.025,465.075,465.125,465.1375],"lawEnforcement":false}},{"type":"Feature","geometry":{"type":"Point","coordinates":[-81.23511111111111,33.98013888888889]},"properties":{"id":"fcc/WXR310/33.98014,-81.23511","kind":"radio","brand":"Other","rawBrand":"FCC ULS","name":"County of Lexington (WXR310)","operator":"County of Lexington","directions":[],"omni":true,"zone":null,"purpose":"Public-safety radio transmitter — County of Lexington, LEXINGTON","imageUrl":null,"fovHalfAngle":180,"frequencies":[158.76],"lawEnforcement":false}},{"type":"Feature","geometry":{"type":"Point","coordinates":[-80.84313888888889,33.95433333333334]},"properties":{"id":"fcc/WXT672/33.95433,-80.84314","kind":"radio","brand":"Other","rawBrand":"FCC ULS","name":"COLUMBIA, CITY OF (WXT672)","operator":"COLUMBIA, CITY OF","directions":[],"omni":true,"zone":null,"purpose":"Public-safety radio transmitter — COLUMBIA, CITY OF, COLUMBIA","imageUrl":null,"fovHalfAngle":180,"frequencies":[453.975,458.975],"lawEnforcement":false}},{"type":"Feature","geometry":{"type":"Point","coordinates":[-81.19369444444445,34.08208333333334]},"properties":{"id":"fcc/WXT672/34.08208,-81.19369","kind":"radio","brand":"Other","rawBrand":"FCC ULS","name":"COLUMBIA, CITY OF (WXT672)","operator":"COLUMBIA, CITY OF","directions":[],"omni":true,"zone":null,"purpose":"Public-safety radio transmitter — COLUMBIA, CITY OF, IRMO","imageUrl":null,"fovHalfAngle":180,"frequencies":[453.975,458.975],"lawEnforcement":false}},{"type":"Feature","geometry":{"type":"Point","coordinates":[-80.95702777777778,34.16763888888889]},"properties":{"id":"fcc/WXT672/34.16764,-80.95703","kind":"radio","brand":"Other","rawBrand":"FCC ULS","name":"COLUMBIA, CITY OF (WXT672)","operator":"COLUMBIA, CITY OF","directions":[],"omni":true,"zone":null,"purpose":"Public-safety radio transmitter — COLUMBIA, CITY OF, BLYTHEWOOD","imageUrl":null,"fovHalfAngle":180,"frequencies":[453.975,458.975],"lawEnforcement":false}},{"type":"Feature","geometry":{"type":"Point","coordinates":[-81.02591666666666,33.99572222222222]},"properties":{"id":"fcc/WYU975/33.99572,-81.02592","kind":"radio","brand":"Other","rawBrand":"FCC ULS","name":"University of South Carolina Division of Law Enforcement and Safety (WYU975)","operator":"University of South Carolina Division of Law Enforcement and Safety","directions":[],"omni":true,"zone":null,"purpose":"Law-enforcement radio transmitter — University of South Carolina Division of Law Enforcement and Safety, COLUMBIA","imageUrl":null,"fovHalfAngle":180,"frequencies":[453.275,453.425,453.575,453.825,458.275,458.425,458.575,458.825,460.1375,460.3125,460.4375,460.625,465.1375,465.3125,465.4375,465.625],"lawEnforcement":true}},{"type":"Feature","geometry":{"type":"Point","coordinates":[-80.0081388888889,32.85322222222222]},"properties":{"id":"fcc/WZN664/32.85322,-80.00814","kind":"radio","brand":"Other","rawBrand":"FCC ULS","name":"SC Emergency Management Division (WZN664)","operator":"SC Emergency Management Division","directions":[],"omni":true,"zone":null,"purpose":"Public-safety radio transmitter — SC Emergency Management Division, CHARLESTON HEIGHTS","imageUrl":null,"fovHalfAngle":180,"frequencies":[45.08,45.48],"lawEnforcement":false}},{"type":"Feature","geometry":{"type":"Point","coordinates":[-81.23511111111111,33.98013888888889]},"properties":{"id":"fcc/WZN665/33.98014,-81.23511","kind":"radio","brand":"Other","rawBrand":"FCC ULS","name":"SC Emergency Management Division (WZN665)","operator":"SC Emergency Management Division","directions":[],"omni":true,"zone":null,"purpose":"Public-safety radio transmitter — SC Emergency Management Division, LEXINGTON","imageUrl":null,"fovHalfAngle":180,"frequencies":[45.08,45.48],"lawEnforcement":false}},{"type":"Feature","geometry":{"type":"Point","coordinates":[-81.29455555555555,33.93263888888889]},"properties":{"id":"fcc/WZT951/33.93264,-81.29456","kind":"radio","brand":"Other","rawBrand":"FCC ULS","name":"COUNTY OF LEXINGTON (WZT951)","operator":"COUNTY OF LEXINGTON","directions":[],"omni":true,"zone":null,"purpose":"Public-safety radio transmitter — COUNTY OF LEXINGTON, LEXINGTON","imageUrl":null,"fovHalfAngle":180,"frequencies":[155.22,155.34,155.355,452.4,457.4],"lawEnforcement":false}},{"type":"Feature","geometry":{"type":"Point","coordinates":[-81.28388888888888,33.97083333333334]},"properties":{"id":"fcc/WZT951/33.97083,-81.28389","kind":"radio","brand":"Other","rawBrand":"FCC ULS","name":"COUNTY OF LEXINGTON (WZT951)","operator":"COUNTY OF LEXINGTON","directions":[],"omni":true,"zone":null,"purpose":"Public-safety radio transmitter — COUNTY OF LEXINGTON, LEXINGTON","imageUrl":null,"fovHalfAngle":180,"frequencies":[155.22,155.34,155.355,452.4,457.4],"lawEnforcement":false}},{"type":"Feature","geometry":{"type":"Point","coordinates":[-81.10397222222221,34.000416666666666]},"properties":{"id":"fcc/WZT951/34.00042,-81.10397","kind":"radio","brand":"Other","rawBrand":"FCC ULS","name":"COUNTY OF LEXINGTON (WZT951)","operator":"COUNTY OF LEXINGTON","directions":[],"omni":true,"zone":null,"purpose":"Public-safety radio transmitter — COUNTY OF LEXINGTON, WEST COLUMBIA","imageUrl":null,"fovHalfAngle":180,"frequencies":[155.22,155.34,155.355,452.4,457.4],"lawEnforcement":false}},{"type":"Feature","geometry":{"type":"Point","coordinates":[-81.23511111111111,33.98013888888889]},"properties":{"id":"fcc/WZT951/33.98014,-81.23511","kind":"radio","brand":"Other","rawBrand":"FCC ULS","name":"COUNTY OF LEXINGTON (WZT951)","operator":"COUNTY OF LEXINGTON","directions":[],"omni":true,"zone":null,"purpose":"Public-safety radio transmitter — COUNTY OF LEXINGTON, LEXINGTON","imageUrl":null,"fovHalfAngle":180,"frequencies":[155.22,155.34,155.355,452.4,457.4],"lawEnforcement":false}},{"type":"Feature","geometry":{"type":"Point","coordinates":[-80.96508333333334,34.09155555555556]},"properties":{"id":"fcc/WNXW509/34.09156,-80.96508","kind":"radio","brand":"Other","rawBrand":"FCC ULS","name":"SC Dept of Mental Health - Public Safety (WNXW509)","operator":"SC Dept of Mental Health - Public Safety","directions":[],"omni":true,"zone":null,"purpose":"Law-enforcement radio transmitter — SC Dept of Mental Health - Public Safety, COLUMBIA","imageUrl":null,"fovHalfAngle":180,"frequencies":[809.1875,854.1875],"lawEnforcement":true}},{"type":"Feature","geometry":{"type":"Point","coordinates":[-79.87394444444443,34.30183333333333]},"properties":{"id":"fcc/WZN255/34.30183,-79.87394","kind":"radio","brand":"Other","rawBrand":"FCC ULS","name":"DARLINGTON, CITY OF (WZN255)","operator":"DARLINGTON, CITY OF","directions":[],"omni":true,"zone":null,"purpose":"Public-safety radio transmitter — DARLINGTON, CITY OF, DARLINGTON","imageUrl":null,"fovHalfAngle":180,"frequencies":[460.025,460.1,460.2,460.25,465.025,465.1,465.2,465.25],"lawEnforcement":false}},{"type":"Feature","geometry":{"type":"Point","coordinates":[-79.88811111111112,34.29238888888889]},"properties":{"id":"fcc/WZN255/34.29239,-79.88811","kind":"radio","brand":"Other","rawBrand":"FCC ULS","name":"DARLINGTON, CITY OF (WZN255)","operator":"DARLINGTON, CITY OF","directions":[],"omni":true,"zone":null,"purpose":"Public-safety radio transmitter — DARLINGTON, CITY OF, DARLINGTON","imageUrl":null,"fovHalfAngle":180,"frequencies":[460.025,460.1,460.2,460.25,465.025,465.1,465.2,465.25],"lawEnforcement":false}},{"type":"Feature","geometry":{"type":"Point","coordinates":[-80.27091666666666,33.881]},"properties":{"id":"fcc/WXB841/33.88100,-80.27092","kind":"radio","brand":"Other","rawBrand":"FCC ULS","name":"SC Emergency Management Division (WXB841)","operator":"SC Emergency Management Division","directions":[],"omni":true,"zone":null,"purpose":"Public-safety radio transmitter — SC Emergency Management Division, SUMTER","imageUrl":null,"fovHalfAngle":180,"frequencies":[45.08,45.48],"lawEnforcement":false}},{"type":"Feature","geometry":{"type":"Point","coordinates":[-80.06147222222222,32.98016666666667]},"properties":{"id":"fcc/WXB841/32.98017,-80.06147","kind":"radio","brand":"Other","rawBrand":"FCC ULS","name":"SC Emergency Management Division (WXB841)","operator":"SC Emergency Management Division","directions":[],"omni":true,"zone":null,"purpose":"Public-safety radio transmitter — SC Emergency Management Division, CHARLESTON","imageUrl":null,"fovHalfAngle":180,"frequencies":[45.08,45.48],"lawEnforcement":false}},{"type":"Feature","geometry":{"type":"Point","coordinates":[-82.03908333333334,34.874611111111115]},"properties":{"id":"fcc/WPBW834/34.87461,-82.03908","kind":"radio","brand":"Other","rawBrand":"FCC ULS","name":"POPLAR SPRINGS FIRE DEPARTMENT (WPBW834)","operator":"POPLAR SPRINGS FIRE DEPARTMENT","directions":[],"omni":true,"zone":null,"purpose":"Public-safety radio transmitter — POPLAR SPRINGS FIRE DEPARTMENT, MOORE","imageUrl":null,"fovHalfAngle":180,"frequencies":[153.98],"lawEnforcement":false}},{"type":"Feature","geometry":{"type":"Point","coordinates":[-82.04397222222222,34.52538888888889]},"properties":{"id":"fcc/WQF715/34.52539,-82.04397","kind":"radio","brand":"Other","rawBrand":"FCC ULS","name":"LAURENS, COUNTY OF (WQF715)","operator":"LAURENS, COUNTY OF","directions":[],"omni":true,"zone":null,"purpose":"Public-safety radio transmitter — LAURENS, COUNTY OF, LAURENS","imageUrl":null,"fovHalfAngle":180,"frequencies":[154.205],"lawEnforcement":false}},{"type":"Feature","geometry":{"type":"Point","coordinates":[-82.05233333333334,34.53066666666667]},"properties":{"id":"fcc/WQF715/34.53067,-82.05233","kind":"radio","brand":"Other","rawBrand":"FCC ULS","name":"LAURENS, COUNTY OF (WQF715)","operator":"LAURENS, COUNTY OF","directions":[],"omni":true,"zone":null,"purpose":"Public-safety radio transmitter — LAURENS, COUNTY OF, LAURENS","imageUrl":null,"fovHalfAngle":180,"frequencies":[154.205],"lawEnforcement":false}},{"type":"Feature","geometry":{"type":"Point","coordinates":[-81.624,33.50875]},"properties":{"id":"fcc/KIF928/33.50875,-81.62400","kind":"radio","brand":"Other","rawBrand":"FCC ULS","name":"South Carolina Forestry Commission (KIF928)","operator":"South Carolina Forestry Commission","directions":[],"omni":true,"zone":null,"purpose":"Public-safety radio transmitter — South Carolina Forestry Commission, MONTMORENCI","imageUrl":null,"fovHalfAngle":180,"frequencies":[151.385,159.255,159.27,159.45],"lawEnforcement":false}},{"type":"Feature","geometry":{"type":"Point","coordinates":[-82.46569444444445,34.449]},"properties":{"id":"fcc/KQL873/34.44900,-82.46569","kind":"radio","brand":"Other","rawBrand":"FCC ULS","name":"ANDERSON, COUNTY OF (KQL873)","operator":"ANDERSON, COUNTY OF","directions":[],"omni":true,"zone":null,"purpose":"Public-safety radio transmitter — ANDERSON, COUNTY OF, CRAYTONVILLE","imageUrl":null,"fovHalfAngle":180,"frequencies":[153.95],"lawEnforcement":false}},{"type":"Feature","geometry":{"type":"Point","coordinates":[-82.41038888888889,34.940666666666665]},"properties":{"id":"fcc/WNZN457/34.94067,-82.41039","kind":"radio","brand":"Other","rawBrand":"FCC ULS","name":"SOUTH CAROLINA, STATE OF (WNZN457)","operator":"SOUTH CAROLINA, STATE OF","directions":[],"omni":true,"zone":null,"purpose":"Public-safety radio transmitter — SOUTH CAROLINA, STATE OF, GREENVILLE","imageUrl":null,"fovHalfAngle":180,"frequencies":[453.875,458.875],"lawEnforcement":false}},{"type":"Feature","geometry":{"type":"Point","coordinates":[-82.16261111111112,34.18872222222222]},"properties":{"id":"fcc/KXB701/34.18872,-82.16261","kind":"radio","brand":"Other","rawBrand":"FCC ULS","name":"Greenwood County EMS (KXB701)","operator":"Greenwood County EMS","directions":[],"omni":true,"zone":null,"purpose":"Public-safety radio transmitter — Greenwood County EMS, GREENWOOD","imageUrl":null,"fovHalfAngle":180,"frequencies":[151.04,153.8375,153.98,155.6775],"lawEnforcement":false}},{"type":"Feature","geometry":{"type":"Point","coordinates":[-82.08991666666667,34.19577777777778]},"properties":{"id":"fcc/KXB701/34.19578,-82.08992","kind":"radio","brand":"Other","rawBrand":"FCC ULS","name":"Greenwood County EMS (KXB701)","operator":"Greenwood County EMS","directions":[],"omni":true,"zone":null,"purpose":"Public-safety radio transmitter — Greenwood County EMS, GREENWOOD","imageUrl":null,"fovHalfAngle":180,"frequencies":[151.04,153.8375,153.98,155.6775],"lawEnforcement":false}},{"type":"Feature","geometry":{"type":"Point","coordinates":[-82.68152777777779,34.549277777777775]},"properties":{"id":"fcc/WFF700/34.54928,-82.68153","kind":"radio","brand":"Other","rawBrand":"FCC ULS","name":"ANDERSON, COUNTY OF (WFF700)","operator":"ANDERSON, COUNTY OF","directions":[],"omni":true,"zone":null,"purpose":"Public-safety radio transmitter — ANDERSON, COUNTY OF, ANDERSON","imageUrl":null,"fovHalfAngle":180,"frequencies":[156.075],"lawEnforcement":false}},{"type":"Feature","geometry":{"type":"Point","coordinates":[-80.84313888888889,33.95433333333334]},"properties":{"id":"fcc/KRL281/33.95433,-80.84314","kind":"radio","brand":"Other","rawBrand":"FCC ULS","name":"COLUMBIA, CITY OF (KRL281)","operator":"COLUMBIA, CITY OF","directions":[],"omni":true,"zone":null,"purpose":"Public-safety radio transmitter — COLUMBIA, CITY OF, COLUMBIA","imageUrl":null,"fovHalfAngle":180,"frequencies":[453.925,458.925],"lawEnforcement":false}},{"type":"Feature","geometry":{"type":"Point","coordinates":[-82.38569444444445,34.17983333333333]},"properties":{"id":"fcc/WPLD245/34.17983,-82.38569","kind":"radio","brand":"Other","rawBrand":"FCC ULS","name":"ABBEVILLE, CITY OF (WPLD245)","operator":"ABBEVILLE, CITY OF","directions":[],"omni":true,"zone":null,"purpose":"Public-safety radio transmitter — ABBEVILLE, CITY OF, ABBEVILLE","imageUrl":null,"fovHalfAngle":180,"frequencies":[155.745],"lawEnforcement":false}},{"type":"Feature","geometry":{"type":"Point","coordinates":[-79.33533333333332,34.18572222222222]},"properties":{"id":"fcc/WPDG343/34.18572,-79.33533","kind":"radio","brand":"Other","rawBrand":"FCC ULS","name":"South Carolina Forestry Commission (WPDG343)","operator":"South Carolina Forestry Commission","directions":[],"omni":true,"zone":null,"purpose":"Public-safety radio transmitter — South Carolina Forestry Commission, MARION","imageUrl":null,"fovHalfAngle":180,"frequencies":[31.78,151.175,151.19,151.235,151.265,151.385,159.27,159.3,159.375,159.405,159.45],"lawEnforcement":false}},{"type":"Feature","geometry":{"type":"Point","coordinates":[-82.58661111111111,34.025555555555556]},"properties":{"id":"fcc/WPDT661/34.02556,-82.58661","kind":"radio","brand":"Other","rawBrand":"FCC ULS","name":"South Carolina Forestry Commission (WPDT661)","operator":"South Carolina Forestry Commission","directions":[],"omni":true,"zone":null,"purpose":"Public-safety radio transmitter — South Carolina Forestry Commission, CALHOUN FALLS","imageUrl":null,"fovHalfAngle":180,"frequencies":[151.235,151.445,159.315,159.3375],"lawEnforcement":false}},{"type":"Feature","geometry":{"type":"Point","coordinates":[-81.02869444444444,34.00183333333333]},"properties":{"id":"fcc/WBS264/34.00183,-81.02869","kind":"radio","brand":"Other","rawBrand":"FCC ULS","name":"SC Emergency Management Division (WBS264)","operator":"SC Emergency Management Division","directions":[],"omni":true,"zone":null,"purpose":"Public-safety radio transmitter — SC Emergency Management Division, COLUMBIA","imageUrl":null,"fovHalfAngle":180,"frequencies":[45.08],"lawEnforcement":false}},{"type":"Feature","geometry":{"type":"Point","coordinates":[-79.93905555555556,34.36705555555556]},"properties":{"id":"fcc/WNAW652/34.36706,-79.93906","kind":"radio","brand":"Other","rawBrand":"FCC ULS","name":"DARLINGTON, COUNTY OF (WNAW652)","operator":"DARLINGTON, COUNTY OF","directions":[],"omni":true,"zone":null,"purpose":"Public-safety radio transmitter — DARLINGTON, COUNTY OF, DARLINGTON","imageUrl":null,"fovHalfAngle":180,"frequencies":[154.055,158.865],"lawEnforcement":false}},{"type":"Feature","geometry":{"type":"Point","coordinates":[-80.00608333333334,34.48008333333333]},"properties":{"id":"fcc/WNAW652/34.48008,-80.00608","kind":"radio","brand":"Other","rawBrand":"FCC ULS","name":"DARLINGTON, COUNTY OF (WNAW652)","operator":"DARLINGTON, COUNTY OF","directions":[],"omni":true,"zone":null,"purpose":"Public-safety radio transmitter — DARLINGTON, COUNTY OF, HARTSVILLE","imageUrl":null,"fovHalfAngle":180,"frequencies":[154.055,158.865],"lawEnforcement":false}},{"type":"Feature","geometry":{"type":"Point","coordinates":[-79.92500000000001,34.29888888888889]},"properties":{"id":"fcc/WNAW652/34.29889,-79.92500","kind":"radio","brand":"Other","rawBrand":"FCC ULS","name":"DARLINGTON, COUNTY OF (WNAW652)","operator":"DARLINGTON, COUNTY OF","directions":[],"omni":true,"zone":null,"purpose":"Public-safety radio transmitter — DARLINGTON, COUNTY OF, DARLIINGTON","imageUrl":null,"fovHalfAngle":180,"frequencies":[154.055,158.865],"lawEnforcement":false}},{"type":"Feature","geometry":{"type":"Point","coordinates":[-81.35427777777777,33.248472222222226]},"properties":{"id":"fcc/WNBU996/33.24847,-81.35428","kind":"radio","brand":"Other","rawBrand":"FCC ULS","name":"SC Emergency Management Division (WNBU996)","operator":"SC Emergency Management Division","directions":[],"omni":true,"zone":null,"purpose":"Public-safety radio transmitter — SC Emergency Management Division, BARNWELL","imageUrl":null,"fovHalfAngle":180,"frequencies":[45.08,45.48],"lawEnforcement":false}},{"type":"Feature","geometry":{"type":"Point","coordinates":[-80.49647222222222,33.54933333333333]},"properties":{"id":"fcc/WNJZ369/33.54933,-80.49647","kind":"radio","brand":"Other","rawBrand":"FCC ULS","name":"SOUTH CAROLINA, STATE OF (WNJZ369)","operator":"SOUTH CAROLINA, STATE OF","directions":[],"omni":true,"zone":null,"purpose":"Public-safety radio transmitter — SOUTH CAROLINA, STATE OF, SANTEE","imageUrl":null,"fovHalfAngle":180,"frequencies":[453.725,453.775,453.875,458.725,458.775,458.875],"lawEnforcement":false}},{"type":"Feature","geometry":{"type":"Point","coordinates":[-81.33480555555555,35.14680555555555]},"properties":{"id":"fcc/WNJZ369/35.14681,-81.33481","kind":"radio","brand":"Other","rawBrand":"FCC ULS","name":"SOUTH CAROLINA, STATE OF (WNJZ369)","operator":"SOUTH CAROLINA, STATE OF","directions":[],"omni":true,"zone":null,"purpose":"Public-safety radio transmitter — SOUTH CAROLINA, STATE OF, BETHANY","imageUrl":null,"fovHalfAngle":180,"frequencies":[453.725,453.775,453.875,458.725,458.775,458.875],"lawEnforcement":false}},{"type":"Feature","geometry":{"type":"Point","coordinates":[-80.44594444444445,32.36713888888889]},"properties":{"id":"fcc/WNJZ369/32.36714,-80.44594","kind":"radio","brand":"Other","rawBrand":"FCC ULS","name":"SOUTH CAROLINA, STATE OF (WNJZ369)","operator":"SOUTH CAROLINA, STATE OF","directions":[],"omni":true,"zone":null,"purpose":"Public-safety radio transmitter — SOUTH CAROLINA, STATE OF, BEAUFORT","imageUrl":null,"fovHalfAngle":180,"frequencies":[453.725,453.775,453.875,458.725,458.775,458.875],"lawEnforcement":false}},{"type":"Feature","geometry":{"type":"Point","coordinates":[-82.49152777777778,34.52483333333333]},"properties":{"id":"fcc/WPKB934/34.52483,-82.49153","kind":"radio","brand":"Other","rawBrand":"FCC ULS","name":"BELTON, CITY OF (WPKB934)","operator":"BELTON, CITY OF","directions":[],"omni":true,"zone":null,"purpose":"Public-safety radio transmitter — BELTON, CITY OF, BELTON","imageUrl":null,"fovHalfAngle":180,"frequencies":[154.77,155.49],"lawEnforcement":false}},{"type":"Feature","geometry":{"type":"Point","coordinates":[-83.09819444444445,34.882305555555554]},"properties":{"id":"fcc/WNMN550/34.88231,-83.09819","kind":"radio","brand":"Other","rawBrand":"FCC ULS","name":"SC Dept. of Natural Resources (WNMN550)","operator":"SC Dept. of Natural Resources","directions":[],"omni":true,"zone":null,"purpose":"Public-safety radio transmitter — SC Dept. of Natural Resources, WALHALLA","imageUrl":null,"fovHalfAngle":180,"frequencies":[151.25,151.325,159.435],"lawEnforcement":false}},{"type":"Feature","geometry":{"type":"Point","coordinates":[-82.1503888888889,35.115944444444445]},"properties":{"id":"fcc/WPLW942/35.11594,-82.15039","kind":"radio","brand":"Other","rawBrand":"FCC ULS","name":"CAMPOBELLO, CITY OF (WPLW942)","operator":"CAMPOBELLO, CITY OF","directions":[],"omni":true,"zone":null,"purpose":"Public-safety radio transmitter — CAMPOBELLO, CITY OF, CAMPOBELLO","imageUrl":null,"fovHalfAngle":180,"frequencies":[151.43,155.7],"lawEnforcement":false}},{"type":"Feature","geometry":{"type":"Point","coordinates":[-81.20233333333334,34.983555555555554]},"properties":{"id":"fcc/KWL343/34.98356,-81.20233","kind":"radio","brand":"Other","rawBrand":"FCC ULS","name":"YORK, COUNTY OF (KWL343)","operator":"YORK, COUNTY OF","directions":[],"omni":true,"zone":null,"purpose":"Public-safety radio transmitter — YORK, COUNTY OF, YORK","imageUrl":null,"fovHalfAngle":180,"frequencies":[155.535],"lawEnforcement":false}},{"type":"Feature","geometry":{"type":"Point","coordinates":[-79.61255555555555,34.62683333333334]},"properties":{"id":"fcc/WPLZ526/34.62683,-79.61256","kind":"radio","brand":"Other","rawBrand":"FCC ULS","name":"MARLBORO, COUNTY OF (WPLZ526)","operator":"MARLBORO, COUNTY OF","directions":[],"omni":true,"zone":null,"purpose":"Public-safety radio transmitter — MARLBORO, COUNTY OF, TATUM","imageUrl":null,"fovHalfAngle":180,"frequencies":[453.55,458.55],"lawEnforcement":false}},{"type":"Feature","geometry":{"type":"Point","coordinates":[-79.94147222222223,32.788777777777774]},"properties":{"id":"fcc/KZG250/32.78878,-79.94147","kind":"radio","brand":"Other","rawBrand":"FCC ULS","name":"Charleton, City of (KZG250)","operator":"Charleton, City of","directions":[],"omni":true,"zone":null,"purpose":"Public-safety radio transmitter — Charleton, City of, CHARLESTON","imageUrl":null,"fovHalfAngle":180,"frequencies":[155.07],"lawEnforcement":false}},{"type":"Feature","geometry":{"type":"Point","coordinates":[-79.95536111111112,33.29183333333333]},"properties":{"id":"fcc/WCD308/33.29183,-79.95536","kind":"radio","brand":"Other","rawBrand":"FCC ULS","name":"SC Dept of Natural Resources (WCD308)","operator":"SC Dept of Natural Resources","directions":[],"omni":true,"zone":null,"purpose":"Public-safety radio transmitter — SC Dept of Natural Resources, BONNEAU","imageUrl":null,"fovHalfAngle":180,"frequencies":[156.09],"lawEnforcement":false}},{"type":"Feature","geometry":{"type":"Point","coordinates":[-81.28427777777777,32.972388888888894]},"properties":{"id":"fcc/WNNG300/32.97239,-81.28428","kind":"radio","brand":"Other","rawBrand":"FCC ULS","name":"SOUTH CAROLINA, STATE OF (WNNG300)","operator":"SOUTH CAROLINA, STATE OF","directions":[],"omni":true,"zone":null,"purpose":"Public-safety radio transmitter — SOUTH CAROLINA, STATE OF, ALLENDALE","imageUrl":null,"fovHalfAngle":180,"frequencies":[155.64],"lawEnforcement":false}},{"type":"Feature","geometry":{"type":"Point","coordinates":[-82.38455555555556,34.76566666666667]},"properties":{"id":"fcc/WPMM642/34.76567,-82.38456","kind":"radio","brand":"Other","rawBrand":"FCC ULS","name":"GREENVILLE, CITY OF (WPMM642)","operator":"GREENVILLE, CITY OF","directions":[],"omni":true,"zone":null,"purpose":"Public-safety radio transmitter — GREENVILLE, CITY OF, GREENVILLE","imageUrl":null,"fovHalfAngle":180,"frequencies":[453.175,458.175],"lawEnforcement":false}},{"type":"Feature","geometry":{"type":"Point","coordinates":[-81.64091666666667,35.075138888888894]},"properties":{"id":"fcc/KUG789/35.07514,-81.64092","kind":"radio","brand":"Other","rawBrand":"FCC ULS","name":"Spartanburg Regional Health Services District, Inc. (KUG789)","operator":"Spartanburg Regional Health Services District, Inc.","directions":[],"omni":true,"zone":null,"purpose":"Public-safety radio transmitter — Spartanburg Regional Health Services District, Inc., GAFFNEY","imageUrl":null,"fovHalfAngle":180,"frequencies":[155.22,155.28,155.34],"lawEnforcement":false}},{"type":"Feature","geometry":{"type":"Point","coordinates":[-82.64652777777779,34.5115]},"properties":{"id":"fcc/KUY340/34.51150,-82.64653","kind":"radio","brand":"Other","rawBrand":"FCC ULS","name":"AnMed Health (KUY340)","operator":"AnMed Health","directions":[],"omni":true,"zone":null,"purpose":"Public-safety radio transmitter — AnMed Health, ANDERSON","imageUrl":null,"fovHalfAngle":180,"frequencies":[155.265,155.34],"lawEnforcement":false}},{"type":"Feature","geometry":{"type":"Point","coordinates":[-79.37255555555555,34.409055555555554]},"properties":{"id":"fcc/KXM837/34.40906,-79.37256","kind":"radio","brand":"Other","rawBrand":"FCC ULS","name":"DILLON COUNTY AMBULANCE SERVICE (KXM837)","operator":"DILLON COUNTY AMBULANCE SERVICE","directions":[],"omni":true,"zone":null,"purpose":"Public-safety radio transmitter — DILLON COUNTY AMBULANCE SERVICE, DILLON","imageUrl":null,"fovHalfAngle":180,"frequencies":[155.22],"lawEnforcement":false}},{"type":"Feature","geometry":{"type":"Point","coordinates":[-81.03313888888889,34.93347222222222]},"properties":{"id":"fcc/WNAA363/34.93347,-81.03314","kind":"radio","brand":"Other","rawBrand":"FCC ULS","name":"YORK, COUNTY OF (WNAA363)","operator":"YORK, COUNTY OF","directions":[],"omni":true,"zone":null,"purpose":"Public-safety radio transmitter — YORK, COUNTY OF, ROCK HILL","imageUrl":null,"fovHalfAngle":180,"frequencies":[155.16,155.175,155.22,155.28,155.34,155.385],"lawEnforcement":false}},{"type":"Feature","geometry":{"type":"Point","coordinates":[-79.8863888888889,34.2925]},"properties":{"id":"fcc/WPQE685/34.29250,-79.88639","kind":"radio","brand":"Other","rawBrand":"FCC ULS","name":"Darlington City of (WPQE685)","operator":"Darlington City of","directions":[],"omni":true,"zone":null,"purpose":"Public-safety radio transmitter — Darlington City of, DARLINGTON","imageUrl":null,"fovHalfAngle":180,"frequencies":[150.805,153.875,154.175],"lawEnforcement":false}},{"type":"Feature","geometry":{"type":"Point","coordinates":[-79.87394444444443,34.30183333333333]},"properties":{"id":"fcc/WPQE685/34.30183,-79.87394","kind":"radio","brand":"Other","rawBrand":"FCC ULS","name":"Darlington City of (WPQE685)","operator":"Darlington City of","directions":[],"omni":true,"zone":null,"purpose":"Public-safety radio transmitter — Darlington City of, DARLINGTON","imageUrl":null,"fovHalfAngle":180,"frequencies":[150.805,153.875,154.175],"lawEnforcement":false}},{"type":"Feature","geometry":{"type":"Point","coordinates":[-79.92500000000001,34.29888888888889]},"properties":{"id":"fcc/WPQE685/34.29889,-79.92500","kind":"radio","brand":"Other","rawBrand":"FCC ULS","name":"Darlington City of (WPQE685)","operator":"Darlington City of","directions":[],"omni":true,"zone":null,"purpose":"Public-safety radio transmitter — Darlington City of, DARLIINGTON","imageUrl":null,"fovHalfAngle":180,"frequencies":[150.805,153.875,154.175],"lawEnforcement":false}},{"type":"Feature","geometry":{"type":"Point","coordinates":[-82.21805555555555,34.06361111111111]},"properties":{"id":"fcc/KXB701/34.06361,-82.21806","kind":"radio","brand":"Other","rawBrand":"FCC ULS","name":"Greenwood County EMS (KXB701)","operator":"Greenwood County EMS","directions":[],"omni":true,"zone":null,"purpose":"Public-safety radio transmitter — Greenwood County EMS, GREENWOOD","imageUrl":null,"fovHalfAngle":180,"frequencies":[151.04,153.8375,153.98,155.6775],"lawEnforcement":false}},{"type":"Feature","geometry":{"type":"Point","coordinates":[-81.33480555555555,35.14680555555555]},"properties":{"id":"fcc/WPQZ631/35.14681,-81.33481","kind":"radio","brand":"Other","rawBrand":"FCC ULS","name":"SOUTH CAROLINA, STATE OF (WPQZ631)","operator":"SOUTH CAROLINA, STATE OF","directions":[],"omni":true,"zone":null,"purpose":"Public-safety radio transmitter — SOUTH CAROLINA, STATE OF, BLACKSBURG","imageUrl":null,"fovHalfAngle":180,"frequencies":[155.7225,158.8425],"lawEnforcement":false}},{"type":"Feature","geometry":{"type":"Point","coordinates":[-81.04055555555556,33.26]},"properties":{"id":"fcc/WPSK716/33.26000,-81.04056","kind":"radio","brand":"Other","rawBrand":"FCC ULS","name":"Bamberg County (WPSK716)","operator":"Bamberg County","directions":[],"omni":true,"zone":null,"purpose":"Public-safety radio transmitter — Bamberg County, BAMBERG","imageUrl":null,"fovHalfAngle":180,"frequencies":[45.5],"lawEnforcement":false}},{"type":"Feature","geometry":{"type":"Point","coordinates":[-80.33944444444444,33.956944444444446]},"properties":{"id":"fcc/WPTE391/33.95694,-80.33944","kind":"radio","brand":"Other","rawBrand":"FCC ULS","name":"SUMTER, COUNTY OF, EMERGENCY MANAGEMENT (WPTE391)","operator":"SUMTER, COUNTY OF, EMERGENCY MANAGEMENT","directions":[],"omni":true,"zone":null,"purpose":"Public-safety radio transmitter — SUMTER, COUNTY OF, EMERGENCY MANAGEMENT, SUMTER","imageUrl":null,"fovHalfAngle":180,"frequencies":[460.4,465.4],"lawEnforcement":false}},{"type":"Feature","geometry":{"type":"Point","coordinates":[-82.229,34.93872222222222]},"properties":{"id":"fcc/WPTW303/34.93872,-82.22900","kind":"radio","brand":"Other","rawBrand":"FCC ULS","name":"GREER, CITY OF (WPTW303)","operator":"GREER, CITY OF","directions":[],"omni":true,"zone":null,"purpose":"Public-safety radio transmitter — GREER, CITY OF, GREER","imageUrl":null,"fovHalfAngle":180,"frequencies":[150.805,154.175,155.295],"lawEnforcement":false}},{"type":"Feature","geometry":{"type":"Point","coordinates":[-82.22788888888888,34.93983333333333]},"properties":{"id":"fcc/WPTW303/34.93983,-82.22789","kind":"radio","brand":"Other","rawBrand":"FCC ULS","name":"GREER, CITY OF (WPTW303)","operator":"GREER, CITY OF","directions":[],"omni":true,"zone":null,"purpose":"Public-safety radio transmitter — GREER, CITY OF, Greer","imageUrl":null,"fovHalfAngle":180,"frequencies":[150.805,154.175,155.295],"lawEnforcement":false}},{"type":"Feature","geometry":{"type":"Point","coordinates":[-82.24872222222223,34.92622222222222]},"properties":{"id":"fcc/WPTW303/34.92622,-82.24872","kind":"radio","brand":"Other","rawBrand":"FCC ULS","name":"GREER, CITY OF (WPTW303)","operator":"GREER, CITY OF","directions":[],"omni":true,"zone":null,"purpose":"Public-safety radio transmitter — GREER, CITY OF, GREER","imageUrl":null,"fovHalfAngle":180,"frequencies":[150.805,154.175,155.295],"lawEnforcement":false}},{"type":"Feature","geometry":{"type":"Point","coordinates":[-82.276,34.98594444444444]},"properties":{"id":"fcc/WPVS811/34.98594,-82.27600","kind":"radio","brand":"Other","rawBrand":"FCC ULS","name":"LAKE CUNNINGHAM FIRE DEPARTMENT (WPVS811)","operator":"LAKE CUNNINGHAM FIRE DEPARTMENT","directions":[],"omni":true,"zone":null,"purpose":"Public-safety radio transmitter — LAKE CUNNINGHAM FIRE DEPARTMENT, GREER","imageUrl":null,"fovHalfAngle":180,"frequencies":[153.92],"lawEnforcement":false}},{"type":"Feature","geometry":{"type":"Point","coordinates":[-80.16402777777779,34.18677777777778]},"properties":{"id":"fcc/WNAW652/34.18678,-80.16403","kind":"radio","brand":"Other","rawBrand":"FCC ULS","name":"DARLINGTON, COUNTY OF (WNAW652)","operator":"DARLINGTON, COUNTY OF","directions":[],"omni":true,"zone":null,"purpose":"Public-safety radio transmitter — DARLINGTON, COUNTY OF, DARLINGTON","imageUrl":null,"fovHalfAngle":180,"frequencies":[154.055,158.865],"lawEnforcement":false}},{"type":"Feature","geometry":{"type":"Point","coordinates":[-79.80772222222222,34.299638888888886]},"properties":{"id":"fcc/WNAW652/34.29964,-79.80772","kind":"radio","brand":"Other","rawBrand":"FCC ULS","name":"DARLINGTON, COUNTY OF (WNAW652)","operator":"DARLINGTON, COUNTY OF","directions":[],"omni":true,"zone":null,"purpose":"Public-safety radio transmitter — DARLINGTON, COUNTY OF, DARLINGTON","imageUrl":null,"fovHalfAngle":180,"frequencies":[154.055,158.865],"lawEnforcement":false}},{"type":"Feature","geometry":{"type":"Point","coordinates":[-80.01538888888889,32.84052777777778]},"properties":{"id":"fcc/WQBM229/32.84053,-80.01539","kind":"radio","brand":"Other","rawBrand":"FCC ULS","name":"CHARLESTON, COUNTY OF (WQBM229)","operator":"CHARLESTON, COUNTY OF","directions":[],"omni":true,"zone":null,"purpose":"Public-safety radio transmitter — CHARLESTON, COUNTY OF, NORTH CHARLESTON","imageUrl":null,"fovHalfAngle":180,"frequencies":[155.34],"lawEnforcement":false}},{"type":"Feature","geometry":{"type":"Point","coordinates":[-82.39433333333334,34.863083333333336]},"properties":{"id":"fcc/WQBR491/34.86308,-82.39433","kind":"radio","brand":"Other","rawBrand":"FCC ULS","name":"PRISMA HEALTH (WQBR491)","operator":"PRISMA HEALTH","directions":[],"omni":true,"zone":null,"purpose":"Public-safety radio transmitter — PRISMA HEALTH, TRAVELERS REST","imageUrl":null,"fovHalfAngle":180,"frequencies":[155.34],"lawEnforcement":false}},{"type":"Feature","geometry":{"type":"Point","coordinates":[-82.58661111111111,34.025555555555556]},"properties":{"id":"fcc/WQYZ294/34.02556,-82.58661","kind":"radio","brand":"Other","rawBrand":"FCC ULS","name":"McCormick County Government (WQYZ294)","operator":"McCormick County Government","directions":[],"omni":true,"zone":null,"purpose":"Public-safety radio transmitter — McCormick County Government, CALHOUN FALLS","imageUrl":null,"fovHalfAngle":180,"frequencies":[453.125,453.175,453.2,453.3125,453.4125,453.6875,458.125,458.175,458.2,458.3125,458.4125,458.6875],"lawEnforcement":false}},{"type":"Feature","geometry":{"type":"Point","coordinates":[-82.27916666666667,33.913888888888884]},"properties":{"id":"fcc/WQYZ294/33.91389,-82.27917","kind":"radio","brand":"Other","rawBrand":"FCC ULS","name":"McCormick County Government (WQYZ294)","operator":"McCormick County Government","directions":[],"omni":true,"zone":null,"purpose":"Public-safety radio transmitter — McCormick County Government, MCCORMICK","imageUrl":null,"fovHalfAngle":180,"frequencies":[453.125,453.175,453.2,453.3125,453.4125,453.6875,458.125,458.175,458.2,458.3125,458.4125,458.6875],"lawEnforcement":false}},{"type":"Feature","geometry":{"type":"Point","coordinates":[-82.17969444444445,33.661027777777775]},"properties":{"id":"fcc/WQYZ294/33.66103,-82.17969","kind":"radio","brand":"Other","rawBrand":"FCC ULS","name":"McCormick County Government (WQYZ294)","operator":"McCormick County Government","directions":[],"omni":true,"zone":null,"purpose":"Public-safety radio transmitter — McCormick County Government, CLARKSHILL","imageUrl":null,"fovHalfAngle":180,"frequencies":[453.125,453.175,453.2,453.3125,453.4125,453.6875,458.125,458.175,458.2,458.3125,458.4125,458.6875],"lawEnforcement":false}},{"type":"Feature","geometry":{"type":"Point","coordinates":[-82.95552777777777,34.69911111111111]},"properties":{"id":"fcc/WQFK652/34.69911,-82.95553","kind":"radio","brand":"Other","rawBrand":"FCC ULS","name":"SENECA CITY OF (WQFK652)","operator":"SENECA CITY OF","directions":[],"omni":true,"zone":null,"purpose":"Public-safety radio transmitter — SENECA CITY OF, SENECA","imageUrl":null,"fovHalfAngle":180,"frequencies":[151.04,154.815],"lawEnforcement":false}},{"type":"Feature","geometry":{"type":"Point","coordinates":[-80.23952777777778,33.00711111111111]},"properties":{"id":"fcc/WQFQ854/33.00711,-80.23953","kind":"radio","brand":"Other","rawBrand":"FCC ULS","name":"Dorchester County (WQFQ854)","operator":"Dorchester County","directions":[],"omni":true,"zone":null,"purpose":"Public-safety radio transmitter — Dorchester County, SUMMERVILLE","imageUrl":null,"fovHalfAngle":180,"frequencies":[453.4],"lawEnforcement":false}},{"type":"Feature","geometry":{"type":"Point","coordinates":[-80.26202777777777,33.027388888888886]},"properties":{"id":"fcc/WQFQ854/33.02739,-80.26203","kind":"radio","brand":"Other","rawBrand":"FCC ULS","name":"Dorchester County (WQFQ854)","operator":"Dorchester County","directions":[],"omni":true,"zone":null,"purpose":"Public-safety radio transmitter — Dorchester County, SUMMERVILLE","imageUrl":null,"fovHalfAngle":180,"frequencies":[453.4],"lawEnforcement":false}},{"type":"Feature","geometry":{"type":"Point","coordinates":[-80.21813888888889,33.044333333333334]},"properties":{"id":"fcc/WQFQ854/33.04433,-80.21814","kind":"radio","brand":"Other","rawBrand":"FCC ULS","name":"Dorchester County (WQFQ854)","operator":"Dorchester County","directions":[],"omni":true,"zone":null,"purpose":"Public-safety radio transmitter — Dorchester County, SUMMERVILLE","imageUrl":null,"fovHalfAngle":180,"frequencies":[453.4],"lawEnforcement":false}},{"type":"Feature","geometry":{"type":"Point","coordinates":[-80.20202777777779,32.966]},"properties":{"id":"fcc/WQFQ854/32.96600,-80.20203","kind":"radio","brand":"Other","rawBrand":"FCC ULS","name":"Dorchester County (WQFQ854)","operator":"Dorchester County","directions":[],"omni":true,"zone":null,"purpose":"Public-safety radio transmitter — Dorchester County, SUMMERVILLE","imageUrl":null,"fovHalfAngle":180,"frequencies":[453.4],"lawEnforcement":false}},{"type":"Feature","geometry":{"type":"Point","coordinates":[-80.21536111111111,32.94794444444444]},"properties":{"id":"fcc/WQFQ854/32.94794,-80.21536","kind":"radio","brand":"Other","rawBrand":"FCC ULS","name":"Dorchester County (WQFQ854)","operator":"Dorchester County","directions":[],"omni":true,"zone":null,"purpose":"Public-safety radio transmitter — Dorchester County, SUMMERVILLE","imageUrl":null,"fovHalfAngle":180,"frequencies":[453.4],"lawEnforcement":false}},{"type":"Feature","geometry":{"type":"Point","coordinates":[-80.12452777777777,32.98266666666667]},"properties":{"id":"fcc/WQFQ854/32.98267,-80.12453","kind":"radio","brand":"Other","rawBrand":"FCC ULS","name":"Dorchester County (WQFQ854)","operator":"Dorchester County","directions":[],"omni":true,"zone":null,"purpose":"Public-safety radio transmitter — Dorchester County, LADSON","imageUrl":null,"fovHalfAngle":180,"frequencies":[453.4],"lawEnforcement":false}},{"type":"Feature","geometry":{"type":"Point","coordinates":[-80.27955555555556,33.03825]},"properties":{"id":"fcc/WQFR638/33.03825,-80.27956","kind":"radio","brand":"Other","rawBrand":"FCC ULS","name":"Dorchester County (WQFR638)","operator":"Dorchester County","directions":[],"omni":true,"zone":null,"purpose":"Public-safety radio transmitter — Dorchester County, SUMMERVILLE","imageUrl":null,"fovHalfAngle":180,"frequencies":[453.4],"lawEnforcement":false}},{"type":"Feature","geometry":{"type":"Point","coordinates":[-80.17758333333333,33.10905555555556]},"properties":{"id":"fcc/WQFR638/33.10906,-80.17758","kind":"radio","brand":"Other","rawBrand":"FCC ULS","name":"Dorchester County (WQFR638)","operator":"Dorchester County","directions":[],"omni":true,"zone":null,"purpose":"Public-safety radio transmitter — Dorchester County, SUMMERVILLE","imageUrl":null,"fovHalfAngle":180,"frequencies":[453.4],"lawEnforcement":false}},{"type":"Feature","geometry":{"type":"Point","coordinates":[-80.09952777777778,32.92461111111111]},"properties":{"id":"fcc/WQFR638/32.92461,-80.09953","kind":"radio","brand":"Other","rawBrand":"FCC ULS","name":"Dorchester County (WQFR638)","operator":"Dorchester County","directions":[],"omni":true,"zone":null,"purpose":"Public-safety radio transmitter — Dorchester County, N. CHARLESTON","imageUrl":null,"fovHalfAngle":180,"frequencies":[453.4],"lawEnforcement":false}},{"type":"Feature","geometry":{"type":"Point","coordinates":[-80.13591666666667,32.96488888888889]},"properties":{"id":"fcc/WQFR638/32.96489,-80.13592","kind":"radio","brand":"Other","rawBrand":"FCC ULS","name":"Dorchester County (WQFR638)","operator":"Dorchester County","directions":[],"omni":true,"zone":null,"purpose":"Public-safety radio transmitter — Dorchester County, SUMMERVILLE","imageUrl":null,"fovHalfAngle":180,"frequencies":[453.4],"lawEnforcement":false}},{"type":"Feature","geometry":{"type":"Point","coordinates":[-80.12758333333332,32.95016666666667]},"properties":{"id":"fcc/WQFR638/32.95017,-80.12758","kind":"radio","brand":"Other","rawBrand":"FCC ULS","name":"Dorchester County (WQFR638)","operator":"Dorchester County","directions":[],"omni":true,"zone":null,"purpose":"Public-safety radio transmitter — Dorchester County, SUMMERVILLE","imageUrl":null,"fovHalfAngle":180,"frequencies":[453.4],"lawEnforcement":false}},{"type":"Feature","geometry":{"type":"Point","coordinates":[-80.23619444444445,32.94322222222222]},"properties":{"id":"fcc/WQFR638/32.94322,-80.23619","kind":"radio","brand":"Other","rawBrand":"FCC ULS","name":"Dorchester County (WQFR638)","operator":"Dorchester County","directions":[],"omni":true,"zone":null,"purpose":"Public-safety radio transmitter — Dorchester County, SUMMERVILLE","imageUrl":null,"fovHalfAngle":180,"frequencies":[453.4],"lawEnforcement":false}},{"type":"Feature","geometry":{"type":"Point","coordinates":[-80.97305555555556,34.178888888888885]},"properties":{"id":"fcc/WQHJ250/34.17889,-80.97306","kind":"radio","brand":"Other","rawBrand":"FCC ULS","name":"SOUTH CAROLINA, STATE OF  (DPS)UHF (WQHJ250)","operator":"SOUTH CAROLINA, STATE OF  (DPS)UHF","directions":[],"omni":true,"zone":null,"purpose":"Public-safety radio transmitter — SOUTH CAROLINA, STATE OF  (DPS)UHF, BLYTHEWOOD","imageUrl":null,"fovHalfAngle":180,"frequencies":[453.6,453.6375,458.6,458.6375],"lawEnforcement":false}},{"type":"Feature","geometry":{"type":"Point","coordinates":[-79.99508333333334,34.462472222222225]},"properties":{"id":"fcc/WNAW652/34.46247,-79.99508","kind":"radio","brand":"Other","rawBrand":"FCC ULS","name":"DARLINGTON, COUNTY OF (WNAW652)","operator":"DARLINGTON, COUNTY OF","directions":[],"omni":true,"zone":null,"purpose":"Public-safety radio transmitter — DARLINGTON, COUNTY OF, Hartsville","imageUrl":null,"fovHalfAngle":180,"frequencies":[154.055,158.865],"lawEnforcement":false}},{"type":"Feature","geometry":{"type":"Point","coordinates":[-82.0786111111111,34.925555555555555]},"properties":{"id":"fcc/WPBW834/34.92556,-82.07861","kind":"radio","brand":"Other","rawBrand":"FCC ULS","name":"POPLAR SPRINGS FIRE DEPARTMENT (WPBW834)","operator":"POPLAR SPRINGS FIRE DEPARTMENT","directions":[],"omni":true,"zone":null,"purpose":"Public-safety radio transmitter — POPLAR SPRINGS FIRE DEPARTMENT, WELLFORD","imageUrl":null,"fovHalfAngle":180,"frequencies":[153.98],"lawEnforcement":false}},{"type":"Feature","geometry":{"type":"Point","coordinates":[-82.01472222222222,34.802499999999995]},"properties":{"id":"fcc/WPBW834/34.80250,-82.01472","kind":"radio","brand":"Other","rawBrand":"FCC ULS","name":"POPLAR SPRINGS FIRE DEPARTMENT (WPBW834)","operator":"POPLAR SPRINGS FIRE DEPARTMENT","directions":[],"omni":true,"zone":null,"purpose":"Public-safety radio transmitter — POPLAR SPRINGS FIRE DEPARTMENT, MOORE","imageUrl":null,"fovHalfAngle":180,"frequencies":[153.98],"lawEnforcement":false}},{"type":"Feature","geometry":{"type":"Point","coordinates":[-79.75966666666666,34.19591666666666]},"properties":{"id":"fcc/WQLI868/34.19592,-79.75967","kind":"radio","brand":"Other","rawBrand":"FCC ULS","name":"MCLEOD REGIONAL MEDICAL CENTER (WQLI868)","operator":"MCLEOD REGIONAL MEDICAL CENTER","directions":[],"omni":true,"zone":null,"purpose":"Public-safety radio transmitter — MCLEOD REGIONAL MEDICAL CENTER, FLORENCE","imageUrl":null,"fovHalfAngle":180,"frequencies":[453.05,453.25,453.3,453.35,453.825,453.975,458.05,458.25,458.3,458.35,458.825,458.975],"lawEnforcement":false}},{"type":"Feature","geometry":{"type":"Point","coordinates":[-80.96097222222222,33.74727777777778]},"properties":{"id":"fcc/WZT951/33.74728,-80.96097","kind":"radio","brand":"Other","rawBrand":"FCC ULS","name":"COUNTY OF LEXINGTON (WZT951)","operator":"COUNTY OF LEXINGTON","directions":[],"omni":true,"zone":null,"purpose":"Public-safety radio transmitter — COUNTY OF LEXINGTON, SWANSEN","imageUrl":null,"fovHalfAngle":180,"frequencies":[155.22,155.34,155.355,452.4,457.4],"lawEnforcement":false}},{"type":"Feature","geometry":{"type":"Point","coordinates":[-81.63094444444444,34.29597222222222]},"properties":{"id":"fcc/WQOX936/34.29597,-81.63094","kind":"radio","brand":"Other","rawBrand":"FCC ULS","name":"NEWBERRY, COUNTY OF - EMS (WQOX936)","operator":"NEWBERRY, COUNTY OF - EMS","directions":[],"omni":true,"zone":null,"purpose":"Public-safety radio transmitter — NEWBERRY, COUNTY OF - EMS, NEWBERRY","imageUrl":null,"fovHalfAngle":180,"frequencies":[151.025,151.0475,151.085,154.325,154.4,154.8,156.18,156.225],"lawEnforcement":false}},{"type":"Feature","geometry":{"type":"Point","coordinates":[-81.40461111111112,34.188805555555554]},"properties":{"id":"fcc/WQOX936/34.18881,-81.40461","kind":"radio","brand":"Other","rawBrand":"FCC ULS","name":"NEWBERRY, COUNTY OF - EMS (WQOX936)","operator":"NEWBERRY, COUNTY OF - EMS","directions":[],"omni":true,"zone":null,"purpose":"Public-safety radio transmitter — NEWBERRY, COUNTY OF - EMS, LITTLE MOUNTAIN","imageUrl":null,"fovHalfAngle":180,"frequencies":[151.025,151.0475,151.085,154.325,154.4,154.8,156.18,156.225],"lawEnforcement":false}},{"type":"Feature","geometry":{"type":"Point","coordinates":[-81.57966666666667,34.46027777777778]},"properties":{"id":"fcc/WQOX936/34.46028,-81.57967","kind":"radio","brand":"Other","rawBrand":"FCC ULS","name":"NEWBERRY, COUNTY OF - EMS (WQOX936)","operator":"NEWBERRY, COUNTY OF - EMS","directions":[],"omni":true,"zone":null,"purpose":"Public-safety radio transmitter — NEWBERRY, COUNTY OF - EMS, WHITMIRE","imageUrl":null,"fovHalfAngle":180,"frequencies":[151.025,151.0475,151.085,154.325,154.4,154.8,156.18,156.225],"lawEnforcement":false}},{"type":"Feature","geometry":{"type":"Point","coordinates":[-81.89519444444446,34.21263888888889]},"properties":{"id":"fcc/WQOX936/34.21264,-81.89519","kind":"radio","brand":"Other","rawBrand":"FCC ULS","name":"NEWBERRY, COUNTY OF - EMS (WQOX936)","operator":"NEWBERRY, COUNTY OF - EMS","directions":[],"omni":true,"zone":null,"purpose":"Public-safety radio transmitter — NEWBERRY, COUNTY OF - EMS, CHAPPELLS","imageUrl":null,"fovHalfAngle":180,"frequencies":[151.025,151.0475,151.085,154.325,154.4,154.8,156.18,156.225],"lawEnforcement":false}},{"type":"Feature","geometry":{"type":"Point","coordinates":[-79.95019444444445,32.78202777777778]},"properties":{"id":"fcc/WRVQ935/32.78203,-79.95019","kind":"radio","brand":"Other","rawBrand":"FCC ULS","name":"Roper Hospital (WRVQ935)","operator":"Roper Hospital","directions":[],"omni":true,"zone":null,"purpose":"Public-safety radio transmitter — Roper Hospital, Charleston","imageUrl":null,"fovHalfAngle":180,"frequencies":[453.6375,458.6375],"lawEnforcement":false}},{"type":"Feature","geometry":{"type":"Point","coordinates":[-79.30375,33.44727777777778]},"properties":{"id":"fcc/WRYC259/33.44728,-79.30375","kind":"radio","brand":"Other","rawBrand":"FCC ULS","name":"GEORGETOWN COUNTY DETENTION CENTER (WRYC259)","operator":"GEORGETOWN COUNTY DETENTION CENTER","directions":[],"omni":true,"zone":null,"purpose":"Public-safety radio transmitter — GEORGETOWN COUNTY DETENTION CENTER, GEORGETOWN","imageUrl":null,"fovHalfAngle":180,"frequencies":[153.7475,155.025],"lawEnforcement":false}},{"type":"Feature","geometry":{"type":"Point","coordinates":[-81.94938888888889,34.50825]},"properties":{"id":"fcc/WRZF500/34.50825,-81.94939","kind":"radio","brand":"Other","rawBrand":"FCC ULS","name":"S.C. AERONAUTICS COMMISSION (WRZF500)","operator":"S.C. AERONAUTICS COMMISSION","directions":[],"omni":true,"zone":null,"purpose":"Public-safety radio transmitter — S.C. AERONAUTICS COMMISSION, LAURENS","imageUrl":null,"fovHalfAngle":180,"frequencies":[453.1125],"lawEnforcement":false}},{"type":"Feature","geometry":{"type":"Point","coordinates":[-81.94847222222222,34.50805555555556]},"properties":{"id":"fcc/WRZF500/34.50806,-81.94847","kind":"radio","brand":"Other","rawBrand":"FCC ULS","name":"S.C. AERONAUTICS COMMISSION (WRZF500)","operator":"S.C. AERONAUTICS COMMISSION","directions":[],"omni":true,"zone":null,"purpose":"Public-safety radio transmitter — S.C. AERONAUTICS COMMISSION, LAURENS","imageUrl":null,"fovHalfAngle":180,"frequencies":[453.1125],"lawEnforcement":false}},{"type":"Feature","geometry":{"type":"Point","coordinates":[-82.18727777777778,35.063111111111105]},"properties":{"id":"fcc/WRZF501/35.06311,-82.18728","kind":"radio","brand":"Other","rawBrand":"FCC ULS","name":"SPARTANBURG COUNTY SCHOOL DISTRICT 1 (WRZF501)","operator":"SPARTANBURG COUNTY SCHOOL DISTRICT 1","directions":[],"omni":true,"zone":null,"purpose":"Public-safety radio transmitter — SPARTANBURG COUNTY SCHOOL DISTRICT 1, CAMPOBELLO","imageUrl":null,"fovHalfAngle":180,"frequencies":[460.3375,465.3375],"lawEnforcement":false}},{"type":"Feature","geometry":{"type":"Point","coordinates":[-81.27508333333333,33.497416666666666]},"properties":{"id":"fcc/WRZN871/33.49742,-81.27508","kind":"radio","brand":"Other","rawBrand":"FCC ULS","name":"County of Orangeburg (WRZN871)","operator":"County of Orangeburg","directions":[],"omni":true,"zone":null,"purpose":"Public-safety radio transmitter — County of Orangeburg, Springfield","imageUrl":null,"fovHalfAngle":180,"frequencies":[1.61,1.62,1.63,1.64,1.65,1.66],"lawEnforcement":false}},{"type":"Feature","geometry":{"type":"Point","coordinates":[-81.13675,33.4525]},"properties":{"id":"fcc/WRZN871/33.45250,-81.13675","kind":"radio","brand":"Other","rawBrand":"FCC ULS","name":"County of Orangeburg (WRZN871)","operator":"County of Orangeburg","directions":[],"omni":true,"zone":null,"purpose":"Public-safety radio transmitter — County of Orangeburg, Norway","imageUrl":null,"fovHalfAngle":180,"frequencies":[1.61,1.62,1.63,1.64,1.65,1.66],"lawEnforcement":false}},{"type":"Feature","geometry":{"type":"Point","coordinates":[-81.00947222222223,33.380916666666664]},"properties":{"id":"fcc/WRZN871/33.38092,-81.00947","kind":"radio","brand":"Other","rawBrand":"FCC ULS","name":"County of Orangeburg (WRZN871)","operator":"County of Orangeburg","directions":[],"omni":true,"zone":null,"purpose":"Public-safety radio transmitter — County of Orangeburg, Cope","imageUrl":null,"fovHalfAngle":180,"frequencies":[1.61,1.62,1.63,1.64,1.65,1.66],"lawEnforcement":false}},{"type":"Feature","geometry":{"type":"Point","coordinates":[-81.10175,33.614222222222224]},"properties":{"id":"fcc/WRZN871/33.61422,-81.10175","kind":"radio","brand":"Other","rawBrand":"FCC ULS","name":"County of Orangeburg (WRZN871)","operator":"County of Orangeburg","directions":[],"omni":true,"zone":null,"purpose":"Public-safety radio transmitter — County of Orangeburg, North","imageUrl":null,"fovHalfAngle":180,"frequencies":[1.61,1.62,1.63,1.64,1.65,1.66],"lawEnforcement":false}},{"type":"Feature","geometry":{"type":"Point","coordinates":[-80.9726388888889,33.51572222222222]},"properties":{"id":"fcc/WRZN871/33.51572,-80.97264","kind":"radio","brand":"Other","rawBrand":"FCC ULS","name":"County of Orangeburg (WRZN871)","operator":"County of Orangeburg","directions":[],"omni":true,"zone":null,"purpose":"Public-safety radio transmitter — County of Orangeburg, Orangeburg","imageUrl":null,"fovHalfAngle":180,"frequencies":[1.61,1.62,1.63,1.64,1.65,1.66],"lawEnforcement":false}},{"type":"Feature","geometry":{"type":"Point","coordinates":[-80.79058333333333,33.56008333333333]},"properties":{"id":"fcc/WRZN871/33.56008,-80.79058","kind":"radio","brand":"Other","rawBrand":"FCC ULS","name":"County of Orangeburg (WRZN871)","operator":"County of Orangeburg","directions":[],"omni":true,"zone":null,"purpose":"Public-safety radio transmitter — County of Orangeburg, Orangeburg","imageUrl":null,"fovHalfAngle":180,"frequencies":[1.61,1.62,1.63,1.64,1.65,1.66],"lawEnforcement":false}},{"type":"Feature","geometry":{"type":"Point","coordinates":[-80.60516666666666,33.33188888888889]},"properties":{"id":"fcc/WRZN872/33.33189,-80.60517","kind":"radio","brand":"Other","rawBrand":"FCC ULS","name":"County of Orangeburg (WRZN872)","operator":"County of Orangeburg","directions":[],"omni":true,"zone":null,"purpose":"Public-safety radio transmitter — County of Orangeburg, Bowman","imageUrl":null,"fovHalfAngle":180,"frequencies":[1.61,1.62,1.63,1.64,1.65,1.66],"lawEnforcement":false}},{"type":"Feature","geometry":{"type":"Point","coordinates":[-80.41902777777779,33.32427777777778]},"properties":{"id":"fcc/WRZN872/33.32428,-80.41903","kind":"radio","brand":"Other","rawBrand":"FCC ULS","name":"County of Orangeburg (WRZN872)","operator":"County of Orangeburg","directions":[],"omni":true,"zone":null,"purpose":"Public-safety radio transmitter — County of Orangeburg, Holly Hill","imageUrl":null,"fovHalfAngle":180,"frequencies":[1.61,1.62,1.63,1.64,1.65,1.66],"lawEnforcement":false}},{"type":"Feature","geometry":{"type":"Point","coordinates":[-80.81952777777778,33.248]},"properties":{"id":"fcc/WRZN872/33.24800,-80.81953","kind":"radio","brand":"Other","rawBrand":"FCC ULS","name":"County of Orangeburg (WRZN872)","operator":"County of Orangeburg","directions":[],"omni":true,"zone":null,"purpose":"Public-safety radio transmitter — County of Orangeburg, Branchville","imageUrl":null,"fovHalfAngle":180,"frequencies":[1.61,1.62,1.63,1.64,1.65,1.66],"lawEnforcement":false}},{"type":"Feature","geometry":{"type":"Point","coordinates":[-80.59497222222221,33.45719444444445]},"properties":{"id":"fcc/WRZN872/33.45719,-80.59497","kind":"radio","brand":"Other","rawBrand":"FCC ULS","name":"County of Orangeburg (WRZN872)","operator":"County of Orangeburg","directions":[],"omni":true,"zone":null,"purpose":"Public-safety radio transmitter — County of Orangeburg, Santee","imageUrl":null,"fovHalfAngle":180,"frequencies":[1.61,1.62,1.63,1.64,1.65,1.66],"lawEnforcement":false}},{"type":"Feature","geometry":{"type":"Point","coordinates":[-80.27980555555555,33.309305555555554]},"properties":{"id":"fcc/WRZN872/33.30931,-80.27981","kind":"radio","brand":"Other","rawBrand":"FCC ULS","name":"County of Orangeburg (WRZN872)","operator":"County of Orangeburg","directions":[],"omni":true,"zone":null,"purpose":"Public-safety radio transmitter — County of Orangeburg, Eutawville","imageUrl":null,"fovHalfAngle":180,"frequencies":[1.61,1.62,1.63,1.64,1.65,1.66],"lawEnforcement":false}},{"type":"Feature","geometry":{"type":"Point","coordinates":[-80.74897222222222,33.41325]},"properties":{"id":"fcc/WRZN872/33.41325,-80.74897","kind":"radio","brand":"Other","rawBrand":"FCC ULS","name":"County of Orangeburg (WRZN872)","operator":"County of Orangeburg","directions":[],"omni":true,"zone":null,"purpose":"Public-safety radio transmitter — County of Orangeburg, Rowesville","imageUrl":null,"fovHalfAngle":180,"frequencies":[1.61,1.62,1.63,1.64,1.65,1.66],"lawEnforcement":false}},{"type":"Feature","geometry":{"type":"Point","coordinates":[-82.72275,34.886583333333334]},"properties":{"id":"fcc/WSAC643/34.88658,-82.72275","kind":"radio","brand":"Other","rawBrand":"FCC ULS","name":"PICKENS, COUNTY OF (WSAC643)","operator":"PICKENS, COUNTY OF","directions":[],"omni":true,"zone":null,"purpose":"Public-safety radio transmitter — PICKENS, COUNTY OF, PICKENS","imageUrl":null,"fovHalfAngle":180,"frequencies":[453.25,453.6625,458.25,458.35,458.6625,458.7625],"lawEnforcement":false}},{"type":"Feature","geometry":{"type":"Point","coordinates":[-81.02805555555555,34.00694444444444]},"properties":{"id":"fcc/WYU975/34.00694,-81.02806","kind":"radio","brand":"Other","rawBrand":"FCC ULS","name":"University of South Carolina Division of Law Enforcement and Safety (WYU975)","operator":"University of South Carolina Division of Law Enforcement and Safety","directions":[],"omni":true,"zone":null,"purpose":"Law-enforcement radio transmitter — University of South Carolina Division of Law Enforcement and Safety, COLUMBIA","imageUrl":null,"fovHalfAngle":180,"frequencies":[453.275,453.425,453.575,453.825,458.275,458.425,458.575,458.825,460.1375,460.3125,460.4375,460.625,465.1375,465.3125,465.4375,465.625],"lawEnforcement":true}},{"type":"Feature","geometry":{"type":"Point","coordinates":[-83.02088888888889,35.022999999999996]},"properties":{"id":"fcc/WSBQ866/35.02300,-83.02089","kind":"radio","brand":"Other","rawBrand":"FCC ULS","name":"COUNTY OF OCONEE (WSBQ866)","operator":"COUNTY OF OCONEE","directions":[],"omni":true,"zone":null,"purpose":"Public-safety radio transmitter — COUNTY OF OCONEE, Salem","imageUrl":null,"fovHalfAngle":180,"frequencies":[155.0625,158.88],"lawEnforcement":false}},{"type":"Feature","geometry":{"type":"Point","coordinates":[-81.39361111111111,33.339444444444446]},"properties":{"id":"fcc/WSCD248/33.33944,-81.39361","kind":"radio","brand":"Other","rawBrand":"FCC ULS","name":"BARNWELL, COUNTY OF (WSCD248)","operator":"BARNWELL, COUNTY OF","directions":[],"omni":true,"zone":null,"purpose":"Public-safety radio transmitter — BARNWELL, COUNTY OF, BARNWELL","imageUrl":null,"fovHalfAngle":180,"frequencies":[155.25,159],"lawEnforcement":false}},{"type":"Feature","geometry":{"type":"Point","coordinates":[-81.03230555555555,34.029333333333334]},"properties":{"id":"fcc/WSCV599/34.02933,-81.03231","kind":"radio","brand":"Other","rawBrand":"FCC ULS","name":"PALMETTO RICHLAND MEMORIAL HOSPITAL (WSCV599)","operator":"PALMETTO RICHLAND MEMORIAL HOSPITAL","directions":[],"omni":true,"zone":null,"purpose":"Public-safety radio transmitter — PALMETTO RICHLAND MEMORIAL HOSPITAL, COLUMBIA","imageUrl":null,"fovHalfAngle":180,"frequencies":[151.01,152.0075,153.845,155.16,155.28,155.34,155.385,155.94,158.9775,462.975,467.975],"lawEnforcement":false}},{"type":"Feature","geometry":{"type":"Point","coordinates":[-82.80402777777778,34.832888888888895]},"properties":{"id":"fcc/WSDN724/34.83289,-82.80403","kind":"radio","brand":"Other","rawBrand":"FCC ULS","name":"Pickens, County of (WSDN724)","operator":"Pickens, County of","directions":[],"omni":true,"zone":null,"purpose":"Public-safety radio transmitter — Pickens, County of, Six Mile","imageUrl":null,"fovHalfAngle":180,"frequencies":[156.0375,159.1125],"lawEnforcement":false}},{"type":"Feature","geometry":{"type":"Point","coordinates":[-80.56363888888889,34.2815]},"properties":{"id":"fcc/WSDT394/34.28150,-80.56364","kind":"radio","brand":"Other","rawBrand":"FCC ULS","name":"SOUTH CAROLINA AERONAUTICS COMMISSION (WSDT394)","operator":"SOUTH CAROLINA AERONAUTICS COMMISSION","directions":[],"omni":true,"zone":null,"purpose":"Public-safety radio transmitter — SOUTH CAROLINA AERONAUTICS COMMISSION, CAMDEN","imageUrl":null,"fovHalfAngle":180,"frequencies":[453.9875],"lawEnforcement":false}},{"type":"Feature","geometry":{"type":"Point","coordinates":[-80.56369444444444,34.28055555555555]},"properties":{"id":"fcc/WSDT394/34.28056,-80.56369","kind":"radio","brand":"Other","rawBrand":"FCC ULS","name":"SOUTH CAROLINA AERONAUTICS COMMISSION (WSDT394)","operator":"SOUTH CAROLINA AERONAUTICS COMMISSION","directions":[],"omni":true,"zone":null,"purpose":"Public-safety radio transmitter — SOUTH CAROLINA AERONAUTICS COMMISSION, CAMDEN","imageUrl":null,"fovHalfAngle":180,"frequencies":[453.9875],"lawEnforcement":false}},{"type":"Feature","geometry":{"type":"Point","coordinates":[-80.27730555555556,33.06347222222222]},"properties":{"id":"fcc/WSDT397/33.06347,-80.27731","kind":"radio","brand":"Other","rawBrand":"FCC ULS","name":"SOUTH CAROLINA AERONAUTICS COMMISSION (WSDT397)","operator":"SOUTH CAROLINA AERONAUTICS COMMISSION","directions":[],"omni":true,"zone":null,"purpose":"Public-safety radio transmitter — SOUTH CAROLINA AERONAUTICS COMMISSION, SUMMERVILLE","imageUrl":null,"fovHalfAngle":180,"frequencies":[453.9125],"lawEnforcement":false}},{"type":"Feature","geometry":{"type":"Point","coordinates":[-80.27583333333334,33.06333333333333]},"properties":{"id":"fcc/WSDT397/33.06333,-80.27583","kind":"radio","brand":"Other","rawBrand":"FCC ULS","name":"SOUTH CAROLINA AERONAUTICS COMMISSION (WSDT397)","operator":"SOUTH CAROLINA AERONAUTICS COMMISSION","directions":[],"omni":true,"zone":null,"purpose":"Public-safety radio transmitter — SOUTH CAROLINA AERONAUTICS COMMISSION, SUMMERVILLE","imageUrl":null,"fovHalfAngle":180,"frequencies":[453.9125],"lawEnforcement":false}},{"type":"Feature","geometry":{"type":"Point","coordinates":[-80.63908333333335,32.924388888888885]},"properties":{"id":"fcc/WSDT399/32.92439,-80.63908","kind":"radio","brand":"Other","rawBrand":"FCC ULS","name":"SOUTH CAROLINA AERONAUTICS COMMISSION (WSDT399)","operator":"SOUTH CAROLINA AERONAUTICS COMMISSION","directions":[],"omni":true,"zone":null,"purpose":"Public-safety radio transmitter — SOUTH CAROLINA AERONAUTICS COMMISSION, WALTERBORO","imageUrl":null,"fovHalfAngle":180,"frequencies":[453.0375],"lawEnforcement":false}},{"type":"Feature","geometry":{"type":"Point","coordinates":[-80.638,32.9175]},"properties":{"id":"fcc/WSDT399/32.91750,-80.63800","kind":"radio","brand":"Other","rawBrand":"FCC ULS","name":"SOUTH CAROLINA AERONAUTICS COMMISSION (WSDT399)","operator":"SOUTH CAROLINA AERONAUTICS COMMISSION","directions":[],"omni":true,"zone":null,"purpose":"Public-safety radio transmitter — SOUTH CAROLINA AERONAUTICS COMMISSION, WALTERBORO","imageUrl":null,"fovHalfAngle":180,"frequencies":[453.0375],"lawEnforcement":false}},{"type":"Feature","geometry":{"type":"Point","coordinates":[-82.43461111111111,35.16808333333333]},"properties":{"id":"fcc/WSFP273/35.16808,-82.43461","kind":"radio","brand":"Other","rawBrand":"FCC ULS","name":"Henderson County Emergency Services (WSFP273)","operator":"Henderson County Emergency Services","directions":[],"omni":true,"zone":null,"purpose":"Public-safety radio transmitter — Henderson County Emergency Services, GERON","imageUrl":null,"fovHalfAngle":180,"frequencies":[153.98,155.265,155.28,155.34],"lawEnforcement":false}},{"type":"Feature","geometry":{"type":"Point","coordinates":[-82.29119444444444,34.88675]},"properties":{"id":"fcc/WSHT923/34.88675,-82.29119","kind":"radio","brand":"Other","rawBrand":"FCC ULS","name":"BOILING SPRINGS FIRE DISTRICT (WSHT923)","operator":"BOILING SPRINGS FIRE DISTRICT","directions":[],"omni":true,"zone":null,"purpose":"Public-safety radio transmitter — BOILING SPRINGS FIRE DISTRICT, GREER","imageUrl":null,"fovHalfAngle":180,"frequencies":[154.1,159.18],"lawEnforcement":false}},{"type":"Feature","geometry":{"type":"Point","coordinates":[-82.60041666666666,34.81916666666667]},"properties":{"id":"fcc/WQQW847/34.81917,-82.60042","kind":"radio","brand":"Other","rawBrand":"FCC ULS","name":"EASLEY FIRE DEPARTMENT (WQQW847)","operator":"EASLEY FIRE DEPARTMENT","directions":[],"omni":true,"zone":null,"purpose":"Public-safety radio transmitter — EASLEY FIRE DEPARTMENT, EASLEY","imageUrl":null,"fovHalfAngle":180,"frequencies":[153.89,154.145],"lawEnforcement":false}},{"type":"Feature","geometry":{"type":"Point","coordinates":[-79.07138888888889,34.08583333333333]},"properties":{"id":"fcc/WQRR724/34.08583,-79.07139","kind":"radio","brand":"Other","rawBrand":"FCC ULS","name":"HORRY COUNTY (WQRR724)","operator":"HORRY COUNTY","directions":[],"omni":true,"zone":null,"purpose":"Public-safety radio transmitter — HORRY COUNTY, LORIS","imageUrl":null,"fovHalfAngle":180,"frequencies":[155.0925,158.7975],"lawEnforcement":false}},{"type":"Feature","geometry":{"type":"Point","coordinates":[-81.20241666666666,34.98352777777778]},"properties":{"id":"fcc/WSKE331/34.98353,-81.20242","kind":"radio","brand":"Other","rawBrand":"FCC ULS","name":"YORK, COUNTY OF (WSKE331)","operator":"YORK, COUNTY OF","directions":[],"omni":true,"zone":null,"purpose":"Public-safety radio transmitter — YORK, COUNTY OF, York","imageUrl":null,"fovHalfAngle":180,"frequencies":[453.225],"lawEnforcement":false}},{"type":"Feature","geometry":{"type":"Point","coordinates":[-81.3803611111111,34.88602777777778]},"properties":{"id":"fcc/WSKE331/34.88603,-81.38036","kind":"radio","brand":"Other","rawBrand":"FCC ULS","name":"YORK, COUNTY OF (WSKE331)","operator":"YORK, COUNTY OF","directions":[],"omni":true,"zone":null,"purpose":"Public-safety radio transmitter — YORK, COUNTY OF, Sharon","imageUrl":null,"fovHalfAngle":180,"frequencies":[453.225],"lawEnforcement":false}},{"type":"Feature","geometry":{"type":"Point","coordinates":[-80.99191666666667,35.03736111111111]},"properties":{"id":"fcc/WSKE331/35.03736,-80.99192","kind":"radio","brand":"Other","rawBrand":"FCC ULS","name":"YORK, COUNTY OF (WSKE331)","operator":"YORK, COUNTY OF","directions":[],"omni":true,"zone":null,"purpose":"Public-safety radio transmitter — YORK, COUNTY OF, Tega Cay","imageUrl":null,"fovHalfAngle":180,"frequencies":[453.225],"lawEnforcement":false}},{"type":"Feature","geometry":{"type":"Point","coordinates":[-80.97416666666666,34.93336111111111]},"properties":{"id":"fcc/WSKE331/34.93336,-80.97417","kind":"radio","brand":"Other","rawBrand":"FCC ULS","name":"YORK, COUNTY OF (WSKE331)","operator":"YORK, COUNTY OF","directions":[],"omni":true,"zone":null,"purpose":"Public-safety radio transmitter — YORK, COUNTY OF, Rock Hill","imageUrl":null,"fovHalfAngle":180,"frequencies":[453.225],"lawEnforcement":false}},{"type":"Feature","geometry":{"type":"Point","coordinates":[-82.71458333333334,34.501555555555555]},"properties":{"id":"fcc/WSKQ233/34.50156,-82.71458","kind":"radio","brand":"Other","rawBrand":"FCC ULS","name":"ANDERSON, COUNTY OF (WSKQ233)","operator":"ANDERSON, COUNTY OF","directions":[],"omni":true,"zone":null,"purpose":"Public-safety radio transmitter — ANDERSON, COUNTY OF, Anderson","imageUrl":null,"fovHalfAngle":180,"frequencies":[453.35],"lawEnforcement":false}},{"type":"Feature","geometry":{"type":"Point","coordinates":[-82.68347222222222,34.532333333333334]},"properties":{"id":"fcc/WSKQ233/34.53233,-82.68347","kind":"radio","brand":"Other","rawBrand":"FCC ULS","name":"ANDERSON, COUNTY OF (WSKQ233)","operator":"ANDERSON, COUNTY OF","directions":[],"omni":true,"zone":null,"purpose":"Public-safety radio transmitter — ANDERSON, COUNTY OF, ANDERSON","imageUrl":null,"fovHalfAngle":180,"frequencies":[453.35],"lawEnforcement":false}},{"type":"Feature","geometry":{"type":"Point","coordinates":[-82.67930555555556,34.59608333333333]},"properties":{"id":"fcc/WSMH652/34.59608,-82.67931","kind":"radio","brand":"Other","rawBrand":"FCC ULS","name":"Anderson County (WSMH652)","operator":"Anderson County","directions":[],"omni":true,"zone":null,"purpose":"Public-safety radio transmitter — Anderson County, ANDERSON","imageUrl":null,"fovHalfAngle":180,"frequencies":[155.3625,159.0675],"lawEnforcement":false}},{"type":"Feature","geometry":{"type":"Point","coordinates":[-80.85058333333333,33.511361111111114]},"properties":{"id":"fcc/WSMM281/33.51136,-80.85058","kind":"radio","brand":"Other","rawBrand":"FCC ULS","name":"ORANGEBURG, COUNTY OF (WSMM281)","operator":"ORANGEBURG, COUNTY OF","directions":[],"omni":true,"zone":null,"purpose":"Public-safety radio transmitter — ORANGEBURG, COUNTY OF, Orangeburg","imageUrl":null,"fovHalfAngle":180,"frequencies":[155.235,155.34],"lawEnforcement":false}},{"type":"Feature","geometry":{"type":"Point","coordinates":[-81.72758333333333,33.57177777777778]},"properties":{"id":"fcc/WQVX893/33.57178,-81.72758","kind":"radio","brand":"Other","rawBrand":"FCC ULS","name":"AIKEN COUNTY SHERIFF (WQVX893)","operator":"AIKEN COUNTY SHERIFF","directions":[],"omni":true,"zone":null,"purpose":"Law-enforcement radio transmitter — AIKEN COUNTY SHERIFF, Aiken","imageUrl":null,"fovHalfAngle":180,"frequencies":[156,158.775],"lawEnforcement":true}},{"type":"Feature","geometry":{"type":"Point","coordinates":[-78.89594444444445,34.04427777777778]},"properties":{"id":"fcc/WQRR724/34.04428,-78.89594","kind":"radio","brand":"Other","rawBrand":"FCC ULS","name":"HORRY COUNTY (WQRR724)","operator":"HORRY COUNTY","directions":[],"omni":true,"zone":null,"purpose":"Public-safety radio transmitter — HORRY COUNTY, LORIS","imageUrl":null,"fovHalfAngle":180,"frequencies":[155.0925,158.7975],"lawEnforcement":false}},{"type":"Feature","geometry":{"type":"Point","coordinates":[-79.18027777777779,33.87222222222222]},"properties":{"id":"fcc/WQRR724/33.87222,-79.18028","kind":"radio","brand":"Other","rawBrand":"FCC ULS","name":"HORRY COUNTY (WQRR724)","operator":"HORRY COUNTY","directions":[],"omni":true,"zone":null,"purpose":"Public-safety radio transmitter — HORRY COUNTY, CONWAY","imageUrl":null,"fovHalfAngle":180,"frequencies":[155.0925,158.7975],"lawEnforcement":false}},{"type":"Feature","geometry":{"type":"Point","coordinates":[-78.90027777777779,33.711666666666666]},"properties":{"id":"fcc/WQRR724/33.71167,-78.90028","kind":"radio","brand":"Other","rawBrand":"FCC ULS","name":"HORRY COUNTY (WQRR724)","operator":"HORRY COUNTY","directions":[],"omni":true,"zone":null,"purpose":"Public-safety radio transmitter — HORRY COUNTY, MYRTLE BEACH","imageUrl":null,"fovHalfAngle":180,"frequencies":[155.0925,158.7975],"lawEnforcement":false}},{"type":"Feature","geometry":{"type":"Point","coordinates":[-78.68555555555555,33.82833333333333]},"properties":{"id":"fcc/WQRR724/33.82833,-78.68556","kind":"radio","brand":"Other","rawBrand":"FCC ULS","name":"HORRY COUNTY (WQRR724)","operator":"HORRY COUNTY","directions":[],"omni":true,"zone":null,"purpose":"Public-safety radio transmitter — HORRY COUNTY, NORTH MYRTLE BEACH","imageUrl":null,"fovHalfAngle":180,"frequencies":[155.0925,158.7975],"lawEnforcement":false}},{"type":"Feature","geometry":{"type":"Point","coordinates":[-78.99,33.60805555555556]},"properties":{"id":"fcc/WQRR724/33.60806,-78.99000","kind":"radio","brand":"Other","rawBrand":"FCC ULS","name":"HORRY COUNTY (WQRR724)","operator":"HORRY COUNTY","directions":[],"omni":true,"zone":null,"purpose":"Public-safety radio transmitter — HORRY COUNTY, SURFSIDE BEACH","imageUrl":null,"fovHalfAngle":180,"frequencies":[155.0925,158.7975],"lawEnforcement":false}},{"type":"Feature","geometry":{"type":"Point","coordinates":[-82.59625,34.09236111111111]},"properties":{"id":"fcc/WQYM898/34.09236,-82.59625","kind":"radio","brand":"Other","rawBrand":"FCC ULS","name":"CALHOUN FALLS, TOWN OF (WQYM898)","operator":"CALHOUN FALLS, TOWN OF","directions":[],"omni":true,"zone":null,"purpose":"Public-safety radio transmitter — CALHOUN FALLS, TOWN OF, CALHOUN FALLS","imageUrl":null,"fovHalfAngle":180,"frequencies":[465.3125],"lawEnforcement":false}},{"type":"Feature","geometry":{"type":"Point","coordinates":[-79.38691666666668,34.415527777777775]},"properties":{"id":"fcc/WRCB562/34.41553,-79.38692","kind":"radio","brand":"Other","rawBrand":"FCC ULS","name":"City of Dillon (WRCB562)","operator":"City of Dillon","directions":[],"omni":true,"zone":null,"purpose":"Public-safety radio transmitter — City of Dillon, Dillon","imageUrl":null,"fovHalfAngle":180,"frequencies":[151.37,153.9125,154.16,155.835,155.865,155.985,156.1275],"lawEnforcement":false}},{"type":"Feature","geometry":{"type":"Point","coordinates":[-79.37811111111111,34.41288888888889]},"properties":{"id":"fcc/WRCB562/34.41289,-79.37811","kind":"radio","brand":"Other","rawBrand":"FCC ULS","name":"City of Dillon (WRCB562)","operator":"City of Dillon","directions":[],"omni":true,"zone":null,"purpose":"Public-safety radio transmitter — City of Dillon, Dillon","imageUrl":null,"fovHalfAngle":180,"frequencies":[151.37,153.9125,154.16,155.835,155.865,155.985,156.1275],"lawEnforcement":false}},{"type":"Feature","geometry":{"type":"Point","coordinates":[-79.10833333333333,33.94972222222222]},"properties":{"id":"fcc/WRDG856/33.94972,-79.10833","kind":"radio","brand":"Other","rawBrand":"FCC ULS","name":"SOUTH CAROLINA EMERGENCY MANAGEMENT DIVISION (WRDG856)","operator":"SOUTH CAROLINA EMERGENCY MANAGEMENT DIVISION","directions":[],"omni":true,"zone":null,"purpose":"Public-safety radio transmitter — SOUTH CAROLINA EMERGENCY MANAGEMENT DIVISION, CONWAY","imageUrl":null,"fovHalfAngle":180,"frequencies":[44.72],"lawEnforcement":false}},{"type":"Feature","geometry":{"type":"Point","coordinates":[-82.70919444444445,34.91211111111111]},"properties":{"id":"fcc/WRDK495/34.91211,-82.70919","kind":"radio","brand":"Other","rawBrand":"FCC ULS","name":"PICKENS, COUNTY OF (WRDK495)","operator":"PICKENS, COUNTY OF","directions":[],"omni":true,"zone":null,"purpose":"Public-safety radio transmitter — PICKENS, COUNTY OF, PICKENS","imageUrl":null,"fovHalfAngle":180,"frequencies":[173.3625],"lawEnforcement":false}},{"type":"Feature","geometry":{"type":"Point","coordinates":[-82.83138888888888,34.677416666666666]},"properties":{"id":"fcc/WREX951/34.67742,-82.83139","kind":"radio","brand":"Other","rawBrand":"FCC ULS","name":"CLEMSON UNIVERSITY POLICE DEPARTMENT (WREX951)","operator":"CLEMSON UNIVERSITY POLICE DEPARTMENT","directions":[],"omni":true,"zone":null,"purpose":"Law-enforcement radio transmitter — CLEMSON UNIVERSITY POLICE DEPARTMENT, CLEMSON","imageUrl":null,"fovHalfAngle":180,"frequencies":[811.7625,811.9875,812.7625,812.9875,813.7125,813.7625,856.7625,856.9875,857.7625,857.9875,858.7125,858.7625],"lawEnforcement":true}},{"type":"Feature","geometry":{"type":"Point","coordinates":[-82.83155555555555,34.67691666666666]},"properties":{"id":"fcc/WREX951/34.67692,-82.83156","kind":"radio","brand":"Other","rawBrand":"FCC ULS","name":"CLEMSON UNIVERSITY POLICE DEPARTMENT (WREX951)","operator":"CLEMSON UNIVERSITY POLICE DEPARTMENT","directions":[],"omni":true,"zone":null,"purpose":"Law-enforcement radio transmitter — CLEMSON UNIVERSITY POLICE DEPARTMENT, CLEMSON","imageUrl":null,"fovHalfAngle":180,"frequencies":[811.7625,811.9875,812.7625,812.9875,813.7125,813.7625,856.7625,856.9875,857.7625,857.9875,858.7125,858.7625],"lawEnforcement":true}},{"type":"Feature","geometry":{"type":"Point","coordinates":[-82.84436111111111,34.677416666666666]},"properties":{"id":"fcc/WREX951/34.67742,-82.84436","kind":"radio","brand":"Other","rawBrand":"FCC ULS","name":"CLEMSON UNIVERSITY POLICE DEPARTMENT (WREX951)","operator":"CLEMSON UNIVERSITY POLICE DEPARTMENT","directions":[],"omni":true,"zone":null,"purpose":"Law-enforcement radio transmitter — CLEMSON UNIVERSITY POLICE DEPARTMENT, CLEMSON","imageUrl":null,"fovHalfAngle":180,"frequencies":[811.7625,811.9875,812.7625,812.9875,813.7125,813.7625,856.7625,856.9875,857.7625,857.9875,858.7125,858.7625],"lawEnforcement":true}},{"type":"Feature","geometry":{"type":"Point","coordinates":[-81.63094444444444,34.29597222222222]},"properties":{"id":"fcc/WRUC225/34.29597,-81.63094","kind":"radio","brand":"Other","rawBrand":"FCC ULS","name":"NEWBERRY, COUNTY OF (WRUC225)","operator":"NEWBERRY, COUNTY OF","directions":[],"omni":true,"zone":null,"purpose":"Public-safety radio transmitter — NEWBERRY, COUNTY OF, NEWBERRY","imageUrl":null,"fovHalfAngle":180,"frequencies":[460.5,465.5],"lawEnforcement":false}},{"type":"Feature","geometry":{"type":"Point","coordinates":[-81.89750000000001,35.03805555555555]},"properties":{"id":"fcc/WPTR546/35.03806,-81.89750","kind":"radio","brand":"Other","rawBrand":"FCC ULS","name":"CHEROKEE SPRINGS FIRE DISTRICT (WPTR546)","operator":"CHEROKEE SPRINGS FIRE DISTRICT","directions":[],"omni":true,"zone":null,"purpose":"Public-safety radio transmitter — CHEROKEE SPRINGS FIRE DISTRICT, CHESNEE","imageUrl":null,"fovHalfAngle":180,"frequencies":[153.995,158.835],"lawEnforcement":false}},{"type":"Feature","geometry":{"type":"Point","coordinates":[-81.92277777777778,35.085]},"properties":{"id":"fcc/WPTR546/35.08500,-81.92278","kind":"radio","brand":"Other","rawBrand":"FCC ULS","name":"CHEROKEE SPRINGS FIRE DISTRICT (WPTR546)","operator":"CHEROKEE SPRINGS FIRE DISTRICT","directions":[],"omni":true,"zone":null,"purpose":"Public-safety radio transmitter — CHEROKEE SPRINGS FIRE DISTRICT, CHESNEE","imageUrl":null,"fovHalfAngle":180,"frequencies":[153.995,158.835],"lawEnforcement":false}},{"type":"Feature","geometry":{"type":"Point","coordinates":[-80.39533333333334,34.77183333333333]},"properties":{"id":"fcc/WQDY269/34.77183,-80.39533","kind":"radio","brand":"Other","rawBrand":"FCC ULS","name":"PAGELAND, CITY OF (WQDY269)","operator":"PAGELAND, CITY OF","directions":[],"omni":true,"zone":null,"purpose":"Public-safety radio transmitter — PAGELAND, CITY OF, Pageland","imageUrl":null,"fovHalfAngle":180,"frequencies":[151.43,153.95,156.06],"lawEnforcement":false}},{"type":"Feature","geometry":{"type":"Point","coordinates":[-80.22869444444444,32.95155555555556]},"properties":{"id":"fcc/WQFR342/32.95156,-80.22869","kind":"radio","brand":"Other","rawBrand":"FCC ULS","name":"Dorchester County (WQFR342)","operator":"Dorchester County","directions":[],"omni":true,"zone":null,"purpose":"Public-safety radio transmitter — Dorchester County, SUMMERVILLE","imageUrl":null,"fovHalfAngle":180,"frequencies":[453.4],"lawEnforcement":false}},{"type":"Feature","geometry":{"type":"Point","coordinates":[-80.10369444444444,32.93544444444444]},"properties":{"id":"fcc/WQFR342/32.93544,-80.10369","kind":"radio","brand":"Other","rawBrand":"FCC ULS","name":"Dorchester County (WQFR342)","operator":"Dorchester County","directions":[],"omni":true,"zone":null,"purpose":"Public-safety radio transmitter — Dorchester County, N. CHARLESTON","imageUrl":null,"fovHalfAngle":180,"frequencies":[453.4],"lawEnforcement":false}},{"type":"Feature","geometry":{"type":"Point","coordinates":[-80.09452777777777,32.91877777777778]},"properties":{"id":"fcc/WQFR342/32.91878,-80.09453","kind":"radio","brand":"Other","rawBrand":"FCC ULS","name":"Dorchester County (WQFR342)","operator":"Dorchester County","directions":[],"omni":true,"zone":null,"purpose":"Public-safety radio transmitter — Dorchester County, N. CHARLESTON","imageUrl":null,"fovHalfAngle":180,"frequencies":[453.4],"lawEnforcement":false}},{"type":"Feature","geometry":{"type":"Point","coordinates":[-80.13730555555556,32.94683333333333]},"properties":{"id":"fcc/WQFR342/32.94683,-80.13731","kind":"radio","brand":"Other","rawBrand":"FCC ULS","name":"Dorchester County (WQFR342)","operator":"Dorchester County","directions":[],"omni":true,"zone":null,"purpose":"Public-safety radio transmitter — Dorchester County, SUMMERVILLE","imageUrl":null,"fovHalfAngle":180,"frequencies":[453.4],"lawEnforcement":false}},{"type":"Feature","geometry":{"type":"Point","coordinates":[-80.2478611111111,32.97072222222222]},"properties":{"id":"fcc/WQFR342/32.97072,-80.24786","kind":"radio","brand":"Other","rawBrand":"FCC ULS","name":"Dorchester County (WQFR342)","operator":"Dorchester County","directions":[],"omni":true,"zone":null,"purpose":"Public-safety radio transmitter — Dorchester County, SUMMERVILLE","imageUrl":null,"fovHalfAngle":180,"frequencies":[453.4],"lawEnforcement":false}},{"type":"Feature","geometry":{"type":"Point","coordinates":[-80.25647222222223,33.00544444444444]},"properties":{"id":"fcc/WQFR342/33.00544,-80.25647","kind":"radio","brand":"Other","rawBrand":"FCC ULS","name":"Dorchester County (WQFR342)","operator":"Dorchester County","directions":[],"omni":true,"zone":null,"purpose":"Public-safety radio transmitter — Dorchester County, SUMMERVILLE","imageUrl":null,"fovHalfAngle":180,"frequencies":[453.4],"lawEnforcement":false}},{"type":"Feature","geometry":{"type":"Point","coordinates":[-82.99347222222222,34.69511111111111]},"properties":{"id":"fcc/WQHJ234/34.69511,-82.99347","kind":"radio","brand":"Other","rawBrand":"FCC ULS","name":"OCONEE MEMORIAL HOSPITAL (WQHJ234)","operator":"OCONEE MEMORIAL HOSPITAL","directions":[],"omni":true,"zone":null,"purpose":"Public-safety radio transmitter — OCONEE MEMORIAL HOSPITAL, SENECA","imageUrl":null,"fovHalfAngle":180,"frequencies":[155.34],"lawEnforcement":false}},{"type":"Feature","geometry":{"type":"Point","coordinates":[-80.29583333333333,34.675]},"properties":{"id":"fcc/WQLB917/34.67500,-80.29583","kind":"radio","brand":"Other","rawBrand":"FCC ULS","name":"CHESTERFIELD, COUNTY OF (WQLB917)","operator":"CHESTERFIELD, COUNTY OF","directions":[],"omni":true,"zone":null,"purpose":"Public-safety radio transmitter — CHESTERFIELD, COUNTY OF, JEFFERSON","imageUrl":null,"fovHalfAngle":180,"frequencies":[153.995,155.88],"lawEnforcement":false}},{"type":"Feature","geometry":{"type":"Point","coordinates":[-81.7215,33.556805555555556]},"properties":{"id":"fcc/WQPM657/33.55681,-81.72150","kind":"radio","brand":"Other","rawBrand":"FCC ULS","name":"AIKEN, CITY OF - DEPT. OF PUBLIC SAFETY (WQPM657)","operator":"AIKEN, CITY OF - DEPT. OF PUBLIC SAFETY","directions":[],"omni":true,"zone":null,"purpose":"Law-enforcement radio transmitter — AIKEN, CITY OF - DEPT. OF PUBLIC SAFETY, AIKEN","imageUrl":null,"fovHalfAngle":180,"frequencies":[453.6125,453.7375,458.6125,458.7375],"lawEnforcement":true}},{"type":"Feature","geometry":{"type":"Point","coordinates":[-81.99722222222222,34.974722222222226]},"properties":{"id":"fcc/WQPW498/34.97472,-81.99722","kind":"radio","brand":"Other","rawBrand":"FCC ULS","name":"Spartanburg County Communications / 9-1-1 (WQPW498)","operator":"Spartanburg County Communications / 9-1-1","directions":[],"omni":true,"zone":null,"purpose":"Public-safety radio transmitter — Spartanburg County Communications / 9-1-1, SPARTANBURG","imageUrl":null,"fovHalfAngle":180,"frequencies":[151.025,151.0625,153.905,154.025,154.0775,154.31,154.415,154.8375,155.0475,155.145,155.895,156.045,158.745,158.91,159.1575],"lawEnforcement":false}},{"type":"Feature","geometry":{"type":"Point","coordinates":[-82.29094444444445,35.16983333333333]},"properties":{"id":"fcc/WQPW498/35.16983,-82.29094","kind":"radio","brand":"Other","rawBrand":"FCC ULS","name":"Spartanburg County Communications / 9-1-1 (WQPW498)","operator":"Spartanburg County Communications / 9-1-1","directions":[],"omni":true,"zone":null,"purpose":"Public-safety radio transmitter — Spartanburg County Communications / 9-1-1, LANDRUM","imageUrl":null,"fovHalfAngle":180,"frequencies":[151.025,151.0625,153.905,154.025,154.0775,154.31,154.415,154.8375,155.0475,155.145,155.895,156.045,158.745,158.91,159.1575],"lawEnforcement":false}},{"type":"Feature","geometry":{"type":"Point","coordinates":[-81.91277777777778,34.85722222222223]},"properties":{"id":"fcc/WQPW498/34.85722,-81.91278","kind":"radio","brand":"Other","rawBrand":"FCC ULS","name":"Spartanburg County Communications / 9-1-1 (WQPW498)","operator":"Spartanburg County Communications / 9-1-1","directions":[],"omni":true,"zone":null,"purpose":"Public-safety radio transmitter — Spartanburg County Communications / 9-1-1, SPARTANBURG","imageUrl":null,"fovHalfAngle":180,"frequencies":[151.025,151.0625,153.905,154.025,154.0775,154.31,154.415,154.8375,155.0475,155.145,155.895,156.045,158.745,158.91,159.1575],"lawEnforcement":false}},{"type":"Feature","geometry":{"type":"Point","coordinates":[-81.93944444444445,34.7]},"properties":{"id":"fcc/WQPW498/34.70000,-81.93944","kind":"radio","brand":"Other","rawBrand":"FCC ULS","name":"Spartanburg County Communications / 9-1-1 (WQPW498)","operator":"Spartanburg County Communications / 9-1-1","directions":[],"omni":true,"zone":null,"purpose":"Public-safety radio transmitter — Spartanburg County Communications / 9-1-1, ENOREE","imageUrl":null,"fovHalfAngle":180,"frequencies":[151.025,151.0625,153.905,154.025,154.0775,154.31,154.415,154.8375,155.0475,155.145,155.895,156.045,158.745,158.91,159.1575],"lawEnforcement":false}},{"type":"Feature","geometry":{"type":"Point","coordinates":[-81.97630555555556,34.92369444444444]},"properties":{"id":"fcc/WQPW498/34.92369,-81.97631","kind":"radio","brand":"Other","rawBrand":"FCC ULS","name":"Spartanburg County Communications / 9-1-1 (WQPW498)","operator":"Spartanburg County Communications / 9-1-1","directions":[],"omni":true,"zone":null,"purpose":"Public-safety radio transmitter — Spartanburg County Communications / 9-1-1, SPARTANBURG","imageUrl":null,"fovHalfAngle":180,"frequencies":[151.025,151.0625,153.905,154.025,154.0775,154.31,154.415,154.8375,155.0475,155.145,155.895,156.045,158.745,158.91,159.1575],"lawEnforcement":false}},{"type":"Feature","geometry":{"type":"Point","coordinates":[-80.59027777777777,34.252916666666664]},"properties":{"id":"fcc/WQPX426/34.25292,-80.59028","kind":"radio","brand":"Other","rawBrand":"FCC ULS","name":"Medical University Hospital Authority (MUHA), d/b/a MUSC Health Kershaw Medical Center (WQPX426)","operator":"Medical University Hospital Authority (MUHA), d/b/a MUSC Health Kershaw Medical Center","directions":[],"omni":true,"zone":null,"purpose":"Public-safety radio transmitter — Medical University Hospital Authority (MUHA), d/b/a MUSC Health Kershaw Medical Center, CAMDEN","imageUrl":null,"fovHalfAngle":180,"frequencies":[154.9725,158.895],"lawEnforcement":false}},{"type":"Feature","geometry":{"type":"Point","coordinates":[-81.02869444444444,34.00183333333333]},"properties":{"id":"fcc/WQPZ801/34.00183,-81.02869","kind":"radio","brand":"Other","rawBrand":"FCC ULS","name":"SOUTH CAROLINA LAW ENFORCEMENT DIVISION (SLED) (WQPZ801)","operator":"SOUTH CAROLINA LAW ENFORCEMENT DIVISION (SLED)","directions":[],"omni":true,"zone":null,"purpose":"Law-enforcement radio transmitter — SOUTH CAROLINA LAW ENFORCEMENT DIVISION (SLED), COLUMBIA","imageUrl":null,"fovHalfAngle":180,"frequencies":[154.77,154.9125,154.9275,154.98,155.58,158.91,158.9775],"lawEnforcement":true}},{"type":"Feature","geometry":{"type":"Point","coordinates":[-80.82416666666666,33.543055555555554]},"properties":{"id":"fcc/WQPZ801/33.54306,-80.82417","kind":"radio","brand":"Other","rawBrand":"FCC ULS","name":"SOUTH CAROLINA LAW ENFORCEMENT DIVISION (SLED) (WQPZ801)","operator":"SOUTH CAROLINA LAW ENFORCEMENT DIVISION (SLED)","directions":[],"omni":true,"zone":null,"purpose":"Law-enforcement radio transmitter — SOUTH CAROLINA LAW ENFORCEMENT DIVISION (SLED), ORANGEBURG","imageUrl":null,"fovHalfAngle":180,"frequencies":[154.77,154.9125,154.9275,154.98,155.58,158.91,158.9775],"lawEnforcement":true}},{"type":"Feature","geometry":{"type":"Point","coordinates":[-81.265,33.365833333333335]},"properties":{"id":"fcc/WQPZ801/33.36583,-81.26500","kind":"radio","brand":"Other","rawBrand":"FCC ULS","name":"SOUTH CAROLINA LAW ENFORCEMENT DIVISION (SLED) (WQPZ801)","operator":"SOUTH CAROLINA LAW ENFORCEMENT DIVISION (SLED)","directions":[],"omni":true,"zone":null,"purpose":"Law-enforcement radio transmitter — SOUTH CAROLINA LAW ENFORCEMENT DIVISION (SLED), BLACKVILLE","imageUrl":null,"fovHalfAngle":180,"frequencies":[154.77,154.9125,154.9275,154.98,155.58,158.91,158.9775],"lawEnforcement":true}},{"type":"Feature","geometry":{"type":"Point","coordinates":[-81.03313888888889,34.046]},"properties":{"id":"fcc/WQQF849/34.04600,-81.03314","kind":"radio","brand":"Other","rawBrand":"FCC ULS","name":"COLUMBIA COLLEGE - POLICE DEPARTMENT (WQQF849)","operator":"COLUMBIA COLLEGE - POLICE DEPARTMENT","directions":[],"omni":true,"zone":null,"purpose":"Law-enforcement radio transmitter — COLUMBIA COLLEGE - POLICE DEPARTMENT, COLUMBIA","imageUrl":null,"fovHalfAngle":180,"frequencies":[460.5,465.5],"lawEnforcement":true}},{"type":"Feature","geometry":{"type":"Point","coordinates":[-79.73333333333333,34.05333333333333]},"properties":{"id":"fcc/WQQZ213/34.05333,-79.73333","kind":"radio","brand":"Other","rawBrand":"FCC ULS","name":"FLORENCE COUNTY EMERGENCY MANAGEMENT (WQQZ213)","operator":"FLORENCE COUNTY EMERGENCY MANAGEMENT","directions":[],"omni":true,"zone":null,"purpose":"Public-safety radio transmitter — FLORENCE COUNTY EMERGENCY MANAGEMENT, EFFINGHAM","imageUrl":null,"fovHalfAngle":180,"frequencies":[47.5,151.1375,159.4725,453.4625,458.4625],"lawEnforcement":false}},{"type":"Feature","geometry":{"type":"Point","coordinates":[-79.10833333333333,33.94972222222222]},"properties":{"id":"fcc/WQTG903/33.94972,-79.10833","kind":"radio","brand":"Other","rawBrand":"FCC ULS","name":"South Carolina Forestry Commission (WQTG903)","operator":"South Carolina Forestry Commission","directions":[],"omni":true,"zone":null,"purpose":"Public-safety radio transmitter — South Carolina Forestry Commission, CONWAY","imageUrl":null,"fovHalfAngle":180,"frequencies":[151.3925,155.73],"lawEnforcement":false}},{"type":"Feature","geometry":{"type":"Point","coordinates":[-81.08313888888888,34.10013888888889]},"properties":{"id":"fcc/WRCU479/34.10014,-81.08314","kind":"radio","brand":"Other","rawBrand":"FCC ULS","name":"SOUTH CAROLINA, STATE OF (WRCU479)","operator":"SOUTH CAROLINA, STATE OF","directions":[],"omni":true,"zone":null,"purpose":"Public-safety radio transmitter — SOUTH CAROLINA, STATE OF, COLUMBIA","imageUrl":null,"fovHalfAngle":180,"frequencies":[153.77,154.115,154.145,154.37,154.385,154.4,154.415,159.1125],"lawEnforcement":false}},{"type":"Feature","geometry":{"type":"Point","coordinates":[-79.88966666666667,32.80172222222222]},"properties":{"id":"fcc/WREM295/32.80172,-79.88967","kind":"radio","brand":"Other","rawBrand":"FCC ULS","name":"Town of Mount Pleasant SC (WREM295)","operator":"Town of Mount Pleasant SC","directions":[],"omni":true,"zone":null,"purpose":"Public-safety radio transmitter — Town of Mount Pleasant SC, Mount Pleasant","imageUrl":null,"fovHalfAngle":180,"frequencies":[458.35],"lawEnforcement":false}},{"type":"Feature","geometry":{"type":"Point","coordinates":[-81.98525000000001,35.11483333333334]},"properties":{"id":"fcc/WQPW498/35.11483,-81.98525","kind":"radio","brand":"Other","rawBrand":"FCC ULS","name":"Spartanburg County Communications / 9-1-1 (WQPW498)","operator":"Spartanburg County Communications / 9-1-1","directions":[],"omni":true,"zone":null,"purpose":"Public-safety radio transmitter — Spartanburg County Communications / 9-1-1, Inman","imageUrl":null,"fovHalfAngle":180,"frequencies":[151.025,151.0625,153.905,154.025,154.0775,154.31,154.415,154.8375,155.0475,155.145,155.895,156.045,158.745,158.91,159.1575],"lawEnforcement":false}}]}